{
  "type": "FeatureCollection",
  "features": [
    {
      "type": "Feature",
      "id": "osm-4719038",
      "properties": {
        "osmid": 4719038,
        "name": "Local Corridor",
        "highway": "secondary_link",
        "highwayCategory": "Galli / Local Lane",
        "isGalli": true
      },
      "geometry": {
        "type": "LineString",
        "coordinates": [
          [
            80.2577323,
            13.0387094
          ],
          [
            80.257458,
            13.0387218
          ],
          [
            80.2574066,
            13.0387124
          ],
          [
            80.2573073,
            13.0386943
          ],
          [
            80.2572037,
            13.0386236
          ]
        ]
      }
    },
    {
      "type": "Feature",
      "id": "osm-4719045",
      "properties": {
        "osmid": 4719045,
        "name": "Maharaja Surya Road",
        "highway": "tertiary",
        "highwayCategory": "Municipal Thoroughfare",
        "isGalli": false
      },
      "geometry": {
        "type": "LineString",
        "coordinates": [
          [
            80.2570041,
            13.0389054
          ],
          [
            80.2559325,
            13.039099
          ]
        ]
      }
    },
    {
      "type": "Feature",
      "id": "osm-4719048",
      "properties": {
        "osmid": 4719048,
        "name": "Raja Krishna Road",
        "highway": "unclassified",
        "highwayCategory": "Galli / Local Lane",
        "isGalli": true
      },
      "geometry": {
        "type": "LineString",
        "coordinates": [
          [
            80.2518592,
            13.0401455
          ],
          [
            80.2517109,
            13.0394652
          ],
          [
            80.2515707,
            13.0387699
          ]
        ]
      }
    },
    {
      "type": "Feature",
      "id": "osm-4719050",
      "properties": {
        "osmid": 4719050,
        "name": "Poes 1st Street",
        "highway": "unclassified",
        "highwayCategory": "Galli / Local Lane",
        "isGalli": true
      },
      "geometry": {
        "type": "LineString",
        "coordinates": [
          [
            80.2504421,
            13.0400724
          ],
          [
            80.250638,
            13.040071
          ],
          [
            80.2511667,
            13.0401607
          ],
          [
            80.2513124,
            13.040177
          ],
          [
            80.2518592,
            13.0401455
          ]
        ]
      }
    },
    {
      "type": "Feature",
      "id": "osm-4719051",
      "properties": {
        "osmid": 4719051,
        "name": "Varadarajapuram Main Road",
        "highway": "residential",
        "highwayCategory": "Galli / Local Lane",
        "isGalli": true
      },
      "geometry": {
        "type": "LineString",
        "coordinates": [
          [
            80.2519673,
            13.0414931
          ],
          [
            80.2524524,
            13.0414775
          ],
          [
            80.252843,
            13.0414633
          ],
          [
            80.2548293,
            13.0414297
          ],
          [
            80.2548692,
            13.0413857
          ],
          [
            80.2548625,
            13.0411381
          ]
        ]
      }
    },
    {
      "type": "Feature",
      "id": "osm-4719067",
      "properties": {
        "osmid": 4719067,
        "name": "Local Corridor",
        "highway": "residential",
        "highwayCategory": "Galli / Local Lane",
        "isGalli": true
      },
      "geometry": {
        "type": "LineString",
        "coordinates": [
          [
            80.2525162,
            13.0396216
          ],
          [
            80.2525551,
            13.0400059
          ],
          [
            80.252596,
            13.0404158
          ]
        ]
      }
    },
    {
      "type": "Feature",
      "id": "osm-4719071",
      "properties": {
        "osmid": 4719071,
        "name": "Elango Salai",
        "highway": "unclassified",
        "highwayCategory": "Galli / Local Lane",
        "isGalli": true
      },
      "geometry": {
        "type": "LineString",
        "coordinates": [
          [
            80.2504403,
            13.0404152
          ],
          [
            80.2499392,
            13.0403982
          ],
          [
            80.2494772,
            13.0403964
          ]
        ]
      }
    },
    {
      "type": "Feature",
      "id": "osm-4719075",
      "properties": {
        "osmid": 4719075,
        "name": "Poes 2nd Street",
        "highway": "residential",
        "highwayCategory": "Galli / Local Lane",
        "isGalli": true
      },
      "geometry": {
        "type": "LineString",
        "coordinates": [
          [
            80.2504311,
            13.040743
          ],
          [
            80.2508527,
            13.0407607
          ],
          [
            80.2510621,
            13.0407672
          ],
          [
            80.2511881,
            13.0407721
          ],
          [
            80.2519856,
            13.0408027
          ]
        ]
      }
    },
    {
      "type": "Feature",
      "id": "osm-4719090",
      "properties": {
        "osmid": 4719090,
        "name": "CV Raman Road",
        "highway": "secondary",
        "highwayCategory": "Municipal Thoroughfare",
        "isGalli": false
      },
      "geometry": {
        "type": "LineString",
        "coordinates": [
          [
            80.254416,
            13.0350631
          ],
          [
            80.2548938,
            13.03504
          ],
          [
            80.2556048,
            13.0349785
          ],
          [
            80.2559179,
            13.0349461
          ],
          [
            80.2569604,
            13.0348777
          ]
        ]
      }
    },
    {
      "type": "Feature",
      "id": "osm-4719093",
      "properties": {
        "osmid": 4719093,
        "name": "Kamarajar Street",
        "highway": "residential",
        "highwayCategory": "Galli / Local Lane",
        "isGalli": true
      },
      "geometry": {
        "type": "LineString",
        "coordinates": [
          [
            80.2488062,
            13.0375302
          ],
          [
            80.2492611,
            13.0374897
          ],
          [
            80.2495857,
            13.0374669
          ],
          [
            80.2501489,
            13.0373694
          ],
          [
            80.2503962,
            13.0373286
          ],
          [
            80.2511436,
            13.0372191
          ]
        ]
      }
    },
    {
      "type": "Feature",
      "id": "osm-4719097",
      "properties": {
        "osmid": 4719097,
        "name": "Kamarajar Salai",
        "highway": "tertiary",
        "highwayCategory": "Municipal Thoroughfare",
        "isGalli": false
      },
      "geometry": {
        "type": "LineString",
        "coordinates": [
          [
            80.2599022,
            13.018654
          ],
          [
            80.2598893,
            13.0187533
          ],
          [
            80.2597482,
            13.0196928
          ],
          [
            80.2596719,
            13.02018
          ],
          [
            80.259645,
            13.0203248
          ],
          [
            80.2595823,
            13.020644
          ],
          [
            80.2595208,
            13.0209684
          ],
          [
            80.2594675,
            13.0213039
          ],
          [
            80.2594537,
            13.0213887
          ],
          [
            80.2594241,
            13.0215552
          ],
          [
            80.2593842,
            13.0217095
          ],
          [
            80.259261,
            13.0222409
          ],
          [
            80.2587268,
            13.0234585
          ],
          [
            80.2586826,
            13.0235467
          ],
          [
            80.2586024,
            13.023707
          ],
          [
            80.2585667,
            13.0237708
          ],
          [
            80.2584483,
            13.0239822
          ],
          [
            80.2583495,
            13.0241483
          ],
          [
            80.2581997,
            13.0243901
          ],
          [
            80.2581501,
            13.0244679
          ]
        ]
      }
    },
    {
      "type": "Feature",
      "id": "osm-4748345",
      "properties": {
        "osmid": 4748345,
        "name": "Kaliamman Koil Street",
        "highway": "secondary",
        "highwayCategory": "Municipal Thoroughfare",
        "isGalli": false
      },
      "geometry": {
        "type": "LineString",
        "coordinates": [
          [
            80.1934851,
            13.0557089
          ],
          [
            80.1933729,
            13.0554688
          ],
          [
            80.1931903,
            13.0550612
          ],
          [
            80.1929947,
            13.0546602
          ],
          [
            80.1928316,
            13.054333
          ],
          [
            80.1927977,
            13.054265
          ],
          [
            80.1926456,
            13.0539758
          ],
          [
            80.1925879,
            13.0538411
          ],
          [
            80.1923705,
            13.053298
          ],
          [
            80.1923289,
            13.053188
          ],
          [
            80.1922293,
            13.0528114
          ],
          [
            80.1921918,
            13.0525642
          ],
          [
            80.1921852,
            13.0525211
          ],
          [
            80.1921453,
            13.052038
          ],
          [
            80.1921282,
            13.0515542
          ],
          [
            80.1921358,
            13.0512555
          ],
          [
            80.1921316,
            13.0507945
          ],
          [
            80.1921415,
            13.0505239
          ],
          [
            80.1921478,
            13.0503076
          ],
          [
            80.1921686,
            13.0496641
          ],
          [
            80.1921734,
            13.049406
          ],
          [
            80.1921766,
            13.0491691
          ],
          [
            80.1921449,
            13.0490302
          ]
        ]
      }
    },
    {
      "type": "Feature",
      "id": "osm-4748348",
      "properties": {
        "osmid": 4748348,
        "name": "Bus Exit",
        "highway": "service",
        "highwayCategory": "Galli / Local Lane",
        "isGalli": true
      },
      "geometry": {
        "type": "LineString",
        "coordinates": [
          [
            80.2046124,
            13.0671304
          ],
          [
            80.204519,
            13.0673737
          ],
          [
            80.2044064,
            13.0675696
          ],
          [
            80.2042401,
            13.0677604
          ],
          [
            80.2040577,
            13.0678936
          ],
          [
            80.2039343,
            13.0679607
          ],
          [
            80.2037472,
            13.0680387
          ],
          [
            80.203518,
            13.0680947
          ],
          [
            80.2031277,
            13.0681329
          ],
          [
            80.2027407,
            13.0681836
          ],
          [
            80.2023464,
            13.0682411
          ],
          [
            80.2021614,
            13.0683091
          ],
          [
            80.2019468,
            13.0684449
          ],
          [
            80.2018059,
            13.0686017
          ],
          [
            80.2017134,
            13.0687506
          ],
          [
            80.2016475,
            13.0688927
          ],
          [
            80.2015375,
            13.0691665
          ],
          [
            80.2014345,
            13.069328
          ],
          [
            80.2013406,
            13.0694299
          ],
          [
            80.2012422,
            13.0694972
          ],
          [
            80.2009573,
            13.0696386
          ],
          [
            80.2008516,
            13.0696786
          ],
          [
            80.2007812,
            13.0697047
          ]
        ]
      }
    },
    {
      "type": "Feature",
      "id": "osm-4748353",
      "properties": {
        "osmid": 4748353,
        "name": "Local Corridor",
        "highway": "primary_link",
        "highwayCategory": "Galli / Local Lane",
        "isGalli": true
      },
      "geometry": {
        "type": "LineString",
        "coordinates": [
          [
            80.2060152,
            13.0693812
          ],
          [
            80.2062184,
            13.0694146
          ],
          [
            80.206881,
            13.0690117
          ],
          [
            80.2071344,
            13.0688578
          ],
          [
            80.207419,
            13.0686753
          ],
          [
            80.2082408,
            13.0681477
          ],
          [
            80.2083142,
            13.0678945
          ]
        ]
      }
    },
    {
      "type": "Feature",
      "id": "osm-18063960",
      "properties": {
        "osmid": 18063960,
        "name": "Landons Road",
        "highway": "residential",
        "highwayCategory": "Galli / Local Lane",
        "isGalli": true
      },
      "geometry": {
        "type": "LineString",
        "coordinates": [
          [
            80.2433976,
            13.0803371
          ],
          [
            80.2428129,
            13.0802927
          ],
          [
            80.242401,
            13.0802615
          ],
          [
            80.241927,
            13.0802552
          ],
          [
            80.2418516,
            13.0802559
          ],
          [
            80.2416759,
            13.0802549
          ],
          [
            80.2413474,
            13.0802607
          ],
          [
            80.2407551,
            13.0802661
          ],
          [
            80.2403721,
            13.0802846
          ],
          [
            80.239748,
            13.0802417
          ],
          [
            80.2392742,
            13.0802092
          ],
          [
            80.2391607,
            13.0801909
          ],
          [
            80.2388869,
            13.0801467
          ],
          [
            80.2387875,
            13.0800922
          ],
          [
            80.2384382,
            13.0799324
          ],
          [
            80.2378188,
            13.0795542
          ],
          [
            80.2373714,
            13.0795423
          ]
        ]
      }
    },
    {
      "type": "Feature",
      "id": "osm-22660325",
      "properties": {
        "osmid": 22660325,
        "name": "Venus Colony 2nd Cross Street",
        "highway": "residential",
        "highwayCategory": "Galli / Local Lane",
        "isGalli": true
      },
      "geometry": {
        "type": "LineString",
        "coordinates": [
          [
            80.2547068,
            13.0401479
          ],
          [
            80.2538773,
            13.0402403
          ],
          [
            80.2534574,
            13.0402912
          ]
        ]
      }
    },
    {
      "type": "Feature",
      "id": "osm-22660749",
      "properties": {
        "osmid": 22660749,
        "name": "Sheshadri Road",
        "highway": "tertiary",
        "highwayCategory": "Municipal Thoroughfare",
        "isGalli": false
      },
      "geometry": {
        "type": "LineString",
        "coordinates": [
          [
            80.2559325,
            13.039099
          ],
          [
            80.2560404,
            13.0397473
          ],
          [
            80.2561423,
            13.0403598
          ],
          [
            80.2562506,
            13.0410104
          ]
        ]
      }
    },
    {
      "type": "Feature",
      "id": "osm-22660751",
      "properties": {
        "osmid": 22660751,
        "name": "Sriman Srinivasan Road",
        "highway": "residential",
        "highwayCategory": "Galli / Local Lane",
        "isGalli": true
      },
      "geometry": {
        "type": "LineString",
        "coordinates": [
          [
            80.2548625,
            13.0411381
          ],
          [
            80.2552209,
            13.0410905
          ],
          [
            80.255375,
            13.0410781
          ],
          [
            80.2555691,
            13.0410724
          ],
          [
            80.2559304,
            13.0410395
          ],
          [
            80.2562506,
            13.0410104
          ],
          [
            80.2571265,
            13.0409359
          ],
          [
            80.2583486,
            13.0408597
          ]
        ]
      }
    },
    {
      "type": "Feature",
      "id": "osm-22660754",
      "properties": {
        "osmid": 22660754,
        "name": "Venus Colony 1st Street",
        "highway": "residential",
        "highwayCategory": "Galli / Local Lane",
        "isGalli": true
      },
      "geometry": {
        "type": "LineString",
        "coordinates": [
          [
            80.255375,
            13.0410781
          ],
          [
            80.2550668,
            13.0392354
          ]
        ]
      }
    },
    {
      "type": "Feature",
      "id": "osm-22660755",
      "properties": {
        "osmid": 22660755,
        "name": "Bashyam Basheer Ahmed Street",
        "highway": "residential",
        "highwayCategory": "Galli / Local Lane",
        "isGalli": true
      },
      "geometry": {
        "type": "LineString",
        "coordinates": [
          [
            80.2560404,
            13.0397473
          ],
          [
            80.2576329,
            13.0394757
          ]
        ]
      }
    },
    {
      "type": "Feature",
      "id": "osm-22660756",
      "properties": {
        "osmid": 22660756,
        "name": "Ambujammal Street",
        "highway": "residential",
        "highwayCategory": "Galli / Local Lane",
        "isGalli": true
      },
      "geometry": {
        "type": "LineString",
        "coordinates": [
          [
            80.2561423,
            13.0403598
          ],
          [
            80.2579571,
            13.0400851
          ]
        ]
      }
    },
    {
      "type": "Feature",
      "id": "osm-22660767",
      "properties": {
        "osmid": 22660767,
        "name": "Venkatarathinam Street",
        "highway": "residential",
        "highwayCategory": "Galli / Local Lane",
        "isGalli": true
      },
      "geometry": {
        "type": "LineString",
        "coordinates": [
          [
            80.2503881,
            13.0396146
          ],
          [
            80.2517109,
            13.0394652
          ]
        ]
      }
    },
    {
      "type": "Feature",
      "id": "osm-22660823",
      "properties": {
        "osmid": 22660823,
        "name": "Nattumuthu Street",
        "highway": "living_street",
        "highwayCategory": "Galli / Local Lane",
        "isGalli": true
      },
      "geometry": {
        "type": "LineString",
        "coordinates": [
          [
            80.2494581,
            13.0394748
          ],
          [
            80.2491893,
            13.0394896
          ],
          [
            80.2480606,
            13.039575
          ],
          [
            80.2477386,
            13.0396074
          ],
          [
            80.2476932,
            13.0396064
          ],
          [
            80.2476627,
            13.0395875
          ],
          [
            80.2475777,
            13.0395064
          ],
          [
            80.2475131,
            13.0393786
          ]
        ]
      }
    },
    {
      "type": "Feature",
      "id": "osm-22660989",
      "properties": {
        "osmid": 22660989,
        "name": "Haddows Road",
        "highway": "primary",
        "highwayCategory": "Municipal Thoroughfare",
        "isGalli": false
      },
      "geometry": {
        "type": "LineString",
        "coordinates": [
          [
            80.2477466,
            13.0679245
          ],
          [
            80.2479128,
            13.0677662
          ],
          [
            80.2479671,
            13.0676518
          ],
          [
            80.2479392,
            13.0674088
          ],
          [
            80.2479239,
            13.0672563
          ],
          [
            80.2479136,
            13.0671536
          ],
          [
            80.2479099,
            13.0671202
          ],
          [
            80.2478918,
            13.066954
          ],
          [
            80.247881,
            13.0666679
          ],
          [
            80.2478687,
            13.0663409
          ],
          [
            80.2478464,
            13.0659758
          ],
          [
            80.2478263,
            13.0657072
          ],
          [
            80.2478241,
            13.065678
          ],
          [
            80.2478228,
            13.065658
          ],
          [
            80.2478207,
            13.0656279
          ],
          [
            80.2477963,
            13.0652651
          ],
          [
            80.2477853,
            13.0651015
          ],
          [
            80.2477468,
            13.0645291
          ],
          [
            80.2477211,
            13.0636417
          ],
          [
            80.2477101,
            13.0634463
          ],
          [
            80.2476733,
            13.0627957
          ]
        ]
      }
    },
    {
      "type": "Feature",
      "id": "osm-22661174",
      "properties": {
        "osmid": 22661174,
        "name": "Durgabai Deshmukh Road",
        "highway": "primary",
        "highwayCategory": "Municipal Thoroughfare",
        "isGalli": false
      },
      "geometry": {
        "type": "LineString",
        "coordinates": [
          [
            80.2589687,
            13.0082519
          ],
          [
            80.2590147,
            13.0085007
          ],
          [
            80.2590286,
            13.0086915
          ],
          [
            80.2590294,
            13.0087091
          ],
          [
            80.2590552,
            13.0092589
          ],
          [
            80.2590605,
            13.0098627
          ],
          [
            80.2590617,
            13.0099378
          ],
          [
            80.2590669,
            13.0101562
          ],
          [
            80.2590681,
            13.0106354
          ],
          [
            80.2590659,
            13.0106759
          ],
          [
            80.259047,
            13.0110141
          ],
          [
            80.2590471,
            13.0111041
          ],
          [
            80.2590537,
            13.0116503
          ]
        ]
      }
    },
    {
      "type": "Feature",
      "id": "osm-22661463",
      "properties": {
        "osmid": 22661463,
        "name": "Kavingar Bharathidasan Road",
        "highway": "secondary",
        "highwayCategory": "Municipal Thoroughfare",
        "isGalli": false
      },
      "geometry": {
        "type": "LineString",
        "coordinates": [
          [
            80.2535574,
            13.0351525
          ],
          [
            80.2531682,
            13.0351796
          ],
          [
            80.2528689,
            13.0351926
          ],
          [
            80.2526593,
            13.0352041
          ],
          [
            80.2523395,
            13.0352201
          ],
          [
            80.2519954,
            13.0352399
          ],
          [
            80.2514105,
            13.0352694
          ],
          [
            80.2507807,
            13.035305
          ],
          [
            80.2498038,
            13.0353454
          ],
          [
            80.2494264,
            13.0353749
          ],
          [
            80.2493474,
            13.0353761
          ],
          [
            80.247946,
            13.0354617
          ],
          [
            80.24774,
            13.0354758
          ],
          [
            80.2476597,
            13.0354815
          ],
          [
            80.2475962,
            13.035486
          ],
          [
            80.2472201,
            13.0355126
          ],
          [
            80.2471147,
            13.0355171
          ],
          [
            80.2467683,
            13.0355319
          ],
          [
            80.2462047,
            13.0355603
          ]
        ]
      }
    },
    {
      "type": "Feature",
      "id": "osm-22661900",
      "properties": {
        "osmid": 22661900,
        "name": "Besant Road",
        "highway": "secondary",
        "highwayCategory": "Municipal Thoroughfare",
        "isGalli": false
      },
      "geometry": {
        "type": "LineString",
        "coordinates": [
          [
            80.2798381,
            13.0505402
          ],
          [
            80.2801616,
            13.0505465
          ],
          [
            80.2802973,
            13.0505492
          ],
          [
            80.2804275,
            13.0505518
          ],
          [
            80.2806534,
            13.0506863
          ],
          [
            80.2808119,
            13.0507959
          ],
          [
            80.2808947,
            13.0507958
          ]
        ]
      }
    },
    {
      "type": "Feature",
      "id": "osm-22688136",
      "properties": {
        "osmid": 22688136,
        "name": "Loop Road",
        "highway": "tertiary",
        "highwayCategory": "Municipal Thoroughfare",
        "isGalli": false
      },
      "geometry": {
        "type": "LineString",
        "coordinates": [
          [
            80.2739707,
            13.0240343
          ],
          [
            80.274227,
            13.0238989
          ],
          [
            80.2744934,
            13.0237503
          ],
          [
            80.2745603,
            13.023713
          ],
          [
            80.2753288,
            13.0233011
          ],
          [
            80.2759845,
            13.0229496
          ],
          [
            80.2767107,
            13.0225766
          ],
          [
            80.276736,
            13.0225329
          ],
          [
            80.276778,
            13.022514
          ]
        ]
      }
    },
    {
      "type": "Feature",
      "id": "osm-22688181",
      "properties": {
        "osmid": 22688181,
        "name": "RK Mutt Road",
        "highway": "secondary",
        "highwayCategory": "Municipal Thoroughfare",
        "isGalli": false
      },
      "geometry": {
        "type": "LineString",
        "coordinates": [
          [
            80.2664844,
            13.0292597
          ],
          [
            80.266427,
            13.0290817
          ],
          [
            80.2663789,
            13.0288567
          ],
          [
            80.2662205,
            13.0280842
          ],
          [
            80.2661747,
            13.0276854
          ]
        ]
      }
    },
    {
      "type": "Feature",
      "id": "osm-22688276",
      "properties": {
        "osmid": 22688276,
        "name": "Greams Road",
        "highway": "tertiary",
        "highwayCategory": "Municipal Thoroughfare",
        "isGalli": false
      },
      "geometry": {
        "type": "LineString",
        "coordinates": [
          [
            80.2544295,
            13.0630376
          ],
          [
            80.2544098,
            13.0627688
          ],
          [
            80.2544098,
            13.0627543
          ],
          [
            80.2544098,
            13.0625913
          ],
          [
            80.2544309,
            13.0622979
          ],
          [
            80.254442,
            13.062244
          ],
          [
            80.2545384,
            13.0615893
          ],
          [
            80.2544849,
            13.0610354
          ],
          [
            80.2544454,
            13.0606344
          ],
          [
            80.2544346,
            13.0605681
          ],
          [
            80.2543947,
            13.0601264
          ],
          [
            80.2543585,
            13.0599026
          ],
          [
            80.2542299,
            13.0591597
          ],
          [
            80.2541968,
            13.0590021
          ],
          [
            80.2541931,
            13.058879
          ],
          [
            80.2541886,
            13.0587298
          ],
          [
            80.2542038,
            13.0585163
          ],
          [
            80.2542703,
            13.0582685
          ],
          [
            80.2543278,
            13.058191
          ],
          [
            80.2543959,
            13.0580991
          ],
          [
            80.2546643,
            13.0578158
          ],
          [
            80.2549208,
            13.0575055
          ],
          [
            80.2549582,
            13.0574603
          ],
          [
            80.2550271,
            13.0573245
          ],
          [
            80.2551234,
            13.0570995
          ],
          [
            80.2551868,
            13.056941
          ],
          [
            80.2552492,
            13.0567833
          ],
          [
            80.2552575,
            13.0567537
          ],
          [
            80.2553217,
            13.0565308
          ],
          [
            80.2554347,
            13.0562
          ]
        ]
      }
    },
    {
      "type": "Feature",
      "id": "osm-22688293",
      "properties": {
        "osmid": 22688293,
        "name": "Local Corridor",
        "highway": "secondary",
        "highwayCategory": "Municipal Thoroughfare",
        "isGalli": false
      },
      "geometry": {
        "type": "LineString",
        "coordinates": [
          [
            80.2543613,
            13.066892
          ],
          [
            80.2542901,
            13.0668378
          ],
          [
            80.2542184,
            13.0667745
          ],
          [
            80.2541352,
            13.0667061
          ]
        ]
      }
    },
    {
      "type": "Feature",
      "id": "osm-22688331",
      "properties": {
        "osmid": 22688331,
        "name": "Sardar Patel Road",
        "highway": "primary",
        "highwayCategory": "Municipal Thoroughfare",
        "isGalli": false
      },
      "geometry": {
        "type": "LineString",
        "coordinates": [
          [
            80.2286092,
            13.0091943
          ],
          [
            80.2300237,
            13.008899
          ],
          [
            80.2302027,
            13.0088616
          ],
          [
            80.2302831,
            13.0088461
          ],
          [
            80.2311399,
            13.0086807
          ],
          [
            80.2327932,
            13.0083611
          ],
          [
            80.2334763,
            13.0082459
          ],
          [
            80.2348091,
            13.0079679
          ],
          [
            80.2350822,
            13.0079159
          ]
        ]
      }
    },
    {
      "type": "Feature",
      "id": "osm-22688386",
      "properties": {
        "osmid": 22688386,
        "name": "Velachery Bypass Road",
        "highway": "primary",
        "highwayCategory": "Municipal Thoroughfare",
        "isGalli": false
      },
      "geometry": {
        "type": "LineString",
        "coordinates": [
          [
            80.2196271,
            12.9914386
          ],
          [
            80.2195551,
            12.9913215
          ],
          [
            80.2192915,
            12.9905341
          ],
          [
            80.2191001,
            12.9900216
          ],
          [
            80.2189178,
            12.9895322
          ],
          [
            80.2187315,
            12.9890468
          ],
          [
            80.2185724,
            12.9885725
          ],
          [
            80.2185055,
            12.9883073
          ],
          [
            80.2184435,
            12.9879886
          ],
          [
            80.2183524,
            12.9874273
          ]
        ]
      }
    },
    {
      "type": "Feature",
      "id": "osm-22688411",
      "properties": {
        "osmid": 22688411,
        "name": "Inner Ring Road",
        "highway": "primary",
        "highwayCategory": "Municipal Thoroughfare",
        "isGalli": false
      },
      "geometry": {
        "type": "LineString",
        "coordinates": [
          [
            80.20455,
            13.0145882
          ],
          [
            80.2046476,
            13.0148395
          ],
          [
            80.2046695,
            13.0148975
          ],
          [
            80.20493,
            13.0156575
          ],
          [
            80.2049542,
            13.0157281
          ],
          [
            80.2049625,
            13.0157535
          ],
          [
            80.2050022,
            13.0158749
          ],
          [
            80.2050864,
            13.0161323
          ],
          [
            80.2051769,
            13.0163864
          ],
          [
            80.2053375,
            13.0168372
          ],
          [
            80.2054532,
            13.0171621
          ],
          [
            80.2056407,
            13.0176611
          ],
          [
            80.2058195,
            13.0182058
          ],
          [
            80.2059629,
            13.0186308
          ],
          [
            80.2060881,
            13.0190019
          ],
          [
            80.2061732,
            13.0193643
          ],
          [
            80.2062735,
            13.0197889
          ],
          [
            80.2062864,
            13.0207306
          ],
          [
            80.2062902,
            13.0212393
          ]
        ]
      }
    },
    {
      "type": "Feature",
      "id": "osm-22688495",
      "properties": {
        "osmid": 22688495,
        "name": "Goudia Mutt Road",
        "highway": "secondary",
        "highwayCategory": "Municipal Thoroughfare",
        "isGalli": false
      },
      "geometry": {
        "type": "LineString",
        "coordinates": [
          [
            80.2616175,
            13.0482192
          ],
          [
            80.2617804,
            13.0485577
          ],
          [
            80.2619054,
            13.0488152
          ],
          [
            80.261958,
            13.0489562
          ],
          [
            80.2620239,
            13.0491214
          ],
          [
            80.2621017,
            13.0493182
          ],
          [
            80.2621458,
            13.0494599
          ],
          [
            80.2622044,
            13.0497844
          ],
          [
            80.2622741,
            13.0501726
          ],
          [
            80.2624641,
            13.0507284
          ],
          [
            80.2624825,
            13.0507822
          ],
          [
            80.2626478,
            13.0509863
          ],
          [
            80.2627933,
            13.0511581
          ],
          [
            80.263268,
            13.0517131
          ],
          [
            80.2637854,
            13.0522924
          ]
        ]
      }
    },
    {
      "type": "Feature",
      "id": "osm-22688499",
      "properties": {
        "osmid": 22688499,
        "name": "TTK Road",
        "highway": "secondary",
        "highwayCategory": "Municipal Thoroughfare",
        "isGalli": false
      },
      "geometry": {
        "type": "LineString",
        "coordinates": [
          [
            80.2598607,
            13.0453213
          ],
          [
            80.2598616,
            13.0451793
          ],
          [
            80.2598438,
            13.0448445
          ],
          [
            80.2597553,
            13.0442926
          ],
          [
            80.2596472,
            13.0435045
          ],
          [
            80.2595824,
            13.0431883
          ],
          [
            80.2595743,
            13.0431488
          ]
        ]
      }
    },
    {
      "type": "Feature",
      "id": "osm-22922908",
      "properties": {
        "osmid": 22922908,
        "name": "Gandhi Mandapam Road",
        "highway": "secondary",
        "highwayCategory": "Municipal Thoroughfare",
        "isGalli": false
      },
      "geometry": {
        "type": "LineString",
        "coordinates": [
          [
            80.2431284,
            13.0241214
          ],
          [
            80.2427833,
            13.0231055
          ],
          [
            80.2425821,
            13.0225142
          ],
          [
            80.2421025,
            13.0210407
          ],
          [
            80.2418886,
            13.0204193
          ],
          [
            80.2416143,
            13.0195672
          ],
          [
            80.2414028,
            13.0188672
          ],
          [
            80.2413141,
            13.0185768
          ],
          [
            80.2411727,
            13.0181099
          ],
          [
            80.2411159,
            13.0179006
          ],
          [
            80.2409963,
            13.0173984
          ],
          [
            80.2407744,
            13.0163949
          ],
          [
            80.2406397,
            13.015556
          ],
          [
            80.240601,
            13.0152679
          ],
          [
            80.2405017,
            13.0145157
          ],
          [
            80.2404891,
            13.0143525
          ],
          [
            80.2404681,
            13.0140662
          ],
          [
            80.240476,
            13.0129211
          ],
          [
            80.2404866,
            13.0121569
          ],
          [
            80.2405101,
            13.0109287
          ],
          [
            80.2405691,
            13.0100519
          ],
          [
            80.2405399,
            13.009706
          ],
          [
            80.2405383,
            13.0096865
          ],
          [
            80.2405394,
            13.0096378
          ],
          [
            80.2405385,
            13.0096091
          ],
          [
            80.2404892,
            13.0080398
          ],
          [
            80.2403241,
            13.0069116
          ]
        ]
      }
    },
    {
      "type": "Feature",
      "id": "osm-22923081",
      "properties": {
        "osmid": 22923081,
        "name": "RK Mutt Road",
        "highway": "secondary",
        "highwayCategory": "Municipal Thoroughfare",
        "isGalli": false
      },
      "geometry": {
        "type": "LineString",
        "coordinates": [
          [
            80.2654342,
            13.0253858
          ],
          [
            80.2653466,
            13.0252488
          ],
          [
            80.2651938,
            13.0250443
          ],
          [
            80.2648896,
            13.0246467
          ],
          [
            80.2645974,
            13.0242465
          ],
          [
            80.2645047,
            13.0241196
          ],
          [
            80.2644112,
            13.0239528
          ],
          [
            80.2643699,
            13.0238752
          ],
          [
            80.2641901,
            13.023543
          ],
          [
            80.2640023,
            13.0232046
          ],
          [
            80.2639113,
            13.0230542
          ],
          [
            80.2638403,
            13.0229212
          ],
          [
            80.2637388,
            13.0227086
          ],
          [
            80.2636376,
            13.0225014
          ],
          [
            80.2635977,
            13.0224196
          ]
        ]
      }
    },
    {
      "type": "Feature",
      "id": "osm-22923083",
      "properties": {
        "osmid": 22923083,
        "name": "RK Mutt Road",
        "highway": "secondary",
        "highwayCategory": "Municipal Thoroughfare",
        "isGalli": false
      },
      "geometry": {
        "type": "LineString",
        "coordinates": [
          [
            80.2626659,
            13.0202745
          ],
          [
            80.2628465,
            13.0207688
          ],
          [
            80.2629797,
            13.0212183
          ],
          [
            80.2630463,
            13.0214597
          ]
        ]
      }
    },
    {
      "type": "Feature",
      "id": "osm-22923097",
      "properties": {
        "osmid": 22923097,
        "name": "RK Mutt Road",
        "highway": "secondary",
        "highwayCategory": "Municipal Thoroughfare",
        "isGalli": false
      },
      "geometry": {
        "type": "LineString",
        "coordinates": [
          [
            80.2630463,
            13.0214597
          ],
          [
            80.2630983,
            13.0215763
          ],
          [
            80.2632411,
            13.0219098
          ],
          [
            80.2635126,
            13.0224554
          ]
        ]
      }
    },
    {
      "type": "Feature",
      "id": "osm-22923327",
      "properties": {
        "osmid": 22923327,
        "name": "Park View Street",
        "highway": "residential",
        "highwayCategory": "Galli / Local Lane",
        "isGalli": true
      },
      "geometry": {
        "type": "LineString",
        "coordinates": [
          [
            80.2583344,
            13.0222419
          ],
          [
            80.259261,
            13.0222409
          ]
        ]
      }
    },
    {
      "type": "Feature",
      "id": "osm-22926955",
      "properties": {
        "osmid": 22926955,
        "name": "Taramani Road",
        "highway": "tertiary",
        "highwayCategory": "Municipal Thoroughfare",
        "isGalli": false
      },
      "geometry": {
        "type": "LineString",
        "coordinates": [
          [
            80.2517351,
            12.9862657
          ],
          [
            80.2515745,
            12.9862277
          ],
          [
            80.2513032,
            12.9861915
          ],
          [
            80.2505239,
            12.9861924
          ],
          [
            80.2504175,
            12.9861925
          ],
          [
            80.2498873,
            12.9861932
          ],
          [
            80.2494916,
            12.9861937
          ],
          [
            80.2486521,
            12.9861946
          ],
          [
            80.247503,
            12.986213
          ]
        ]
      }
    },
    {
      "type": "Feature",
      "id": "osm-22926966",
      "properties": {
        "osmid": 22926966,
        "name": "Local Corridor",
        "highway": "tertiary",
        "highwayCategory": "Municipal Thoroughfare",
        "isGalli": false
      },
      "geometry": {
        "type": "LineString",
        "coordinates": [
          [
            80.243436,
            12.9814423
          ],
          [
            80.2433382,
            12.9843707
          ],
          [
            80.2433041,
            12.9862333
          ]
        ]
      }
    },
    {
      "type": "Feature",
      "id": "osm-22936525",
      "properties": {
        "osmid": 22936525,
        "name": "4th Main Road",
        "highway": "secondary",
        "highwayCategory": "Municipal Thoroughfare",
        "isGalli": false
      },
      "geometry": {
        "type": "LineString",
        "coordinates": [
          [
            80.2311871,
            13.0276423
          ],
          [
            80.231775,
            13.0276829
          ],
          [
            80.2319868,
            13.0277237
          ],
          [
            80.2322579,
            13.0277671
          ],
          [
            80.2327525,
            13.0279111
          ],
          [
            80.2328321,
            13.0279325
          ]
        ]
      }
    },
    {
      "type": "Feature",
      "id": "osm-22936551",
      "properties": {
        "osmid": 22936551,
        "name": "1st Main Road",
        "highway": "secondary",
        "highwayCategory": "Municipal Thoroughfare",
        "isGalli": false
      },
      "geometry": {
        "type": "LineString",
        "coordinates": [
          [
            80.2313679,
            13.0260918
          ],
          [
            80.2312539,
            13.0264946
          ],
          [
            80.2312094,
            13.026706
          ],
          [
            80.2311579,
            13.026881
          ],
          [
            80.2311372,
            13.026975
          ],
          [
            80.2310404,
            13.0272897
          ],
          [
            80.2309513,
            13.0276716
          ],
          [
            80.2309328,
            13.0279232
          ],
          [
            80.2309273,
            13.0279977
          ]
        ]
      }
    },
    {
      "type": "Feature",
      "id": "osm-22965040",
      "properties": {
        "osmid": 22965040,
        "name": "Local Corridor",
        "highway": "primary_link",
        "highwayCategory": "Galli / Local Lane",
        "isGalli": true
      },
      "geometry": {
        "type": "LineString",
        "coordinates": [
          [
            80.201542,
            13.0762716
          ],
          [
            80.2013937,
            13.0762295
          ],
          [
            80.2013033,
            13.0762401
          ]
        ]
      }
    },
    {
      "type": "Feature",
      "id": "osm-22965159",
      "properties": {
        "osmid": 22965159,
        "name": "Pallavan Salai",
        "highway": "secondary",
        "highwayCategory": "Municipal Thoroughfare",
        "isGalli": false
      },
      "geometry": {
        "type": "LineString",
        "coordinates": [
          [
            80.276291,
            13.0770794
          ],
          [
            80.2763513,
            13.0765785
          ],
          [
            80.2763591,
            13.0763679
          ],
          [
            80.2763729,
            13.0759926
          ],
          [
            80.2764355,
            13.0742962
          ],
          [
            80.2764611,
            13.0740312
          ],
          [
            80.2764982,
            13.0737818
          ]
        ]
      }
    },
    {
      "type": "Feature",
      "id": "osm-22966990",
      "properties": {
        "osmid": 22966990,
        "name": "Local Corridor",
        "highway": "service",
        "highwayCategory": "Galli / Local Lane",
        "isGalli": true
      },
      "geometry": {
        "type": "LineString",
        "coordinates": [
          [
            80.2519906,
            13.0410512
          ],
          [
            80.2520329,
            13.0410519
          ],
          [
            80.2520628,
            13.0410503
          ],
          [
            80.2523064,
            13.0410375
          ],
          [
            80.2527946,
            13.0410117
          ],
          [
            80.2530312,
            13.0409992
          ]
        ]
      }
    },
    {
      "type": "Feature",
      "id": "osm-22966991",
      "properties": {
        "osmid": 22966991,
        "name": "Local Corridor",
        "highway": "service",
        "highwayCategory": "Galli / Local Lane",
        "isGalli": true
      },
      "geometry": {
        "type": "LineString",
        "coordinates": [
          [
            80.2530076,
            13.0407362
          ],
          [
            80.2532418,
            13.0407196
          ],
          [
            80.2534211,
            13.0407092
          ]
        ]
      }
    },
    {
      "type": "Feature",
      "id": "osm-22967009",
      "properties": {
        "osmid": 22967009,
        "name": "Local Corridor",
        "highway": "service",
        "highwayCategory": "Galli / Local Lane",
        "isGalli": true
      },
      "geometry": {
        "type": "LineString",
        "coordinates": [
          [
            80.2530312,
            13.0409992
          ],
          [
            80.2530729,
            13.0412555
          ],
          [
            80.253522,
            13.0412388
          ],
          [
            80.2535052,
            13.040982
          ],
          [
            80.2534341,
            13.0402936
          ]
        ]
      }
    },
    {
      "type": "Feature",
      "id": "osm-22967060",
      "properties": {
        "osmid": 22967060,
        "name": "Poes Road",
        "highway": "residential",
        "highwayCategory": "Galli / Local Lane",
        "isGalli": true
      },
      "geometry": {
        "type": "LineString",
        "coordinates": [
          [
            80.2519523,
            13.0422592
          ],
          [
            80.2519539,
            13.0421157
          ],
          [
            80.2519503,
            13.0419663
          ],
          [
            80.2519555,
            13.0418801
          ],
          [
            80.2519673,
            13.0414931
          ]
        ]
      }
    },
    {
      "type": "Feature",
      "id": "osm-22967063",
      "properties": {
        "osmid": 22967063,
        "name": "Mariappan Street",
        "highway": "living_street",
        "highwayCategory": "Galli / Local Lane",
        "isGalli": true
      },
      "geometry": {
        "type": "LineString",
        "coordinates": [
          [
            80.250407,
            13.0397507
          ],
          [
            80.2500214,
            13.0397456
          ],
          [
            80.2500073,
            13.039736
          ],
          [
            80.2500006,
            13.0397227
          ],
          [
            80.249996,
            13.0396842
          ],
          [
            80.2499309,
            13.0390153
          ]
        ]
      }
    },
    {
      "type": "Feature",
      "id": "osm-22967088",
      "properties": {
        "osmid": 22967088,
        "name": "Poes 4th Street",
        "highway": "residential",
        "highwayCategory": "Galli / Local Lane",
        "isGalli": true
      },
      "geometry": {
        "type": "LineString",
        "coordinates": [
          [
            80.2519503,
            13.0419663
          ],
          [
            80.2510831,
            13.0419395
          ]
        ]
      }
    },
    {
      "type": "Feature",
      "id": "osm-22967196",
      "properties": {
        "osmid": 22967196,
        "name": "Piliyar Koil Lane",
        "highway": "living_street",
        "highwayCategory": "Galli / Local Lane",
        "isGalli": true
      },
      "geometry": {
        "type": "LineString",
        "coordinates": [
          [
            80.2494689,
            13.0397212
          ],
          [
            80.249996,
            13.0396842
          ]
        ]
      }
    },
    {
      "type": "Feature",
      "id": "osm-22967213",
      "properties": {
        "osmid": 22967213,
        "name": "Kasturi Rangan Lane",
        "highway": "residential",
        "highwayCategory": "Galli / Local Lane",
        "isGalli": true
      },
      "geometry": {
        "type": "LineString",
        "coordinates": [
          [
            80.2577288,
            13.0421068
          ],
          [
            80.2563956,
            13.0421882
          ]
        ]
      }
    },
    {
      "type": "Feature",
      "id": "osm-22967246",
      "properties": {
        "osmid": 22967246,
        "name": "Kasturi Estate 2nd Street",
        "highway": "residential",
        "highwayCategory": "Galli / Local Lane",
        "isGalli": true
      },
      "geometry": {
        "type": "LineString",
        "coordinates": [
          [
            80.2542594,
            13.0446793
          ],
          [
            80.2550498,
            13.0446021
          ],
          [
            80.2556166,
            13.0445417
          ],
          [
            80.2559598,
            13.0445171
          ],
          [
            80.2563703,
            13.044509
          ]
        ]
      }
    },
    {
      "type": "Feature",
      "id": "osm-22967247",
      "properties": {
        "osmid": 22967247,
        "name": "Kasturi Estate 3rd Street",
        "highway": "residential",
        "highwayCategory": "Galli / Local Lane",
        "isGalli": true
      },
      "geometry": {
        "type": "LineString",
        "coordinates": [
          [
            80.2550498,
            13.0446021
          ],
          [
            80.2556091,
            13.0464032
          ]
        ]
      }
    },
    {
      "type": "Feature",
      "id": "osm-22967255",
      "properties": {
        "osmid": 22967255,
        "name": "JJ Road",
        "highway": "residential",
        "highwayCategory": "Galli / Local Lane",
        "isGalli": true
      },
      "geometry": {
        "type": "LineString",
        "coordinates": [
          [
            80.2564612,
            13.0432611
          ],
          [
            80.2572125,
            13.043203
          ],
          [
            80.2582789,
            13.0431206
          ],
          [
            80.2594774,
            13.0430204
          ]
        ]
      }
    },
    {
      "type": "Feature",
      "id": "osm-22976125",
      "properties": {
        "osmid": 22976125,
        "name": "Pasumpon Muthuramalingar Thevar Salai",
        "highway": "secondary",
        "highwayCategory": "Municipal Thoroughfare",
        "isGalli": false
      },
      "geometry": {
        "type": "LineString",
        "coordinates": [
          [
            80.2537843,
            13.0271502
          ],
          [
            80.2529439,
            13.0273753
          ],
          [
            80.2526208,
            13.0274624
          ],
          [
            80.2519804,
            13.0276194
          ],
          [
            80.251628,
            13.0277457
          ],
          [
            80.2515395,
            13.0277956
          ],
          [
            80.2506112,
            13.0283316
          ],
          [
            80.2501189,
            13.0285967
          ],
          [
            80.2500044,
            13.0286584
          ],
          [
            80.2497725,
            13.0287832
          ]
        ]
      }
    },
    {
      "type": "Feature",
      "id": "osm-22976235",
      "properties": {
        "osmid": 22976235,
        "name": "Lakshmi Street",
        "highway": "tertiary",
        "highwayCategory": "Municipal Thoroughfare",
        "isGalli": false
      },
      "geometry": {
        "type": "LineString",
        "coordinates": [
          [
            80.2208454,
            13.0351348
          ],
          [
            80.2219951,
            13.0350133
          ],
          [
            80.2223651,
            13.0349284
          ]
        ]
      }
    },
    {
      "type": "Feature",
      "id": "osm-22976288",
      "properties": {
        "osmid": 22976288,
        "name": "Tank Bund Road",
        "highway": "secondary",
        "highwayCategory": "Municipal Thoroughfare",
        "isGalli": false
      },
      "geometry": {
        "type": "LineString",
        "coordinates": [
          [
            80.2426311,
            13.0568463
          ],
          [
            80.2425708,
            13.0568974
          ],
          [
            80.2425076,
            13.0569411
          ],
          [
            80.2424849,
            13.0569569
          ],
          [
            80.2423602,
            13.0570391
          ],
          [
            80.2417428,
            13.0573302
          ],
          [
            80.241422,
            13.0575442
          ],
          [
            80.2411954,
            13.0577103
          ],
          [
            80.2407217,
            13.05821
          ],
          [
            80.2404989,
            13.058477
          ],
          [
            80.2403139,
            13.0587364
          ],
          [
            80.2402326,
            13.0588194
          ],
          [
            80.2400268,
            13.0590294
          ],
          [
            80.2395019,
            13.0594346
          ],
          [
            80.2393593,
            13.0595301
          ],
          [
            80.2389506,
            13.0598039
          ],
          [
            80.2386009,
            13.06007
          ],
          [
            80.2382706,
            13.0604086
          ],
          [
            80.2379498,
            13.0607395
          ],
          [
            80.2377306,
            13.0609129
          ],
          [
            80.2375353,
            13.0610043
          ],
          [
            80.23743,
            13.0610778
          ]
        ]
      }
    },
    {
      "type": "Feature",
      "id": "osm-22976312",
      "properties": {
        "osmid": 22976312,
        "name": "McNichols Road",
        "highway": "primary",
        "highwayCategory": "Municipal Thoroughfare",
        "isGalli": false
      },
      "geometry": {
        "type": "LineString",
        "coordinates": [
          [
            80.2434969,
            13.0638173
          ],
          [
            80.2435203,
            13.0641187
          ],
          [
            80.2435345,
            13.0645107
          ],
          [
            80.2435271,
            13.0647739
          ],
          [
            80.2435285,
            13.0648603
          ],
          [
            80.2435332,
            13.0651359
          ],
          [
            80.2435355,
            13.0652745
          ],
          [
            80.2435436,
            13.0657569
          ]
        ]
      }
    },
    {
      "type": "Feature",
      "id": "osm-22976713",
      "properties": {
        "osmid": 22976713,
        "name": "Habibullah Road",
        "highway": "residential",
        "highwayCategory": "Galli / Local Lane",
        "isGalli": true
      },
      "geometry": {
        "type": "LineString",
        "coordinates": [
          [
            80.2459241,
            13.0481968
          ],
          [
            80.2458483,
            13.0482864
          ],
          [
            80.2455227,
            13.0486721
          ],
          [
            80.245397,
            13.0487742
          ],
          [
            80.2448226,
            13.0489861
          ],
          [
            80.2443801,
            13.0491429
          ],
          [
            80.2441379,
            13.0491854
          ],
          [
            80.2436647,
            13.0492711
          ],
          [
            80.2434872,
            13.0493033
          ],
          [
            80.2434412,
            13.0493116
          ],
          [
            80.2432127,
            13.0493518
          ],
          [
            80.2431792,
            13.049359
          ],
          [
            80.2431463,
            13.0493661
          ],
          [
            80.2428885,
            13.0494218
          ],
          [
            80.2426253,
            13.0494787
          ],
          [
            80.2423924,
            13.049529
          ],
          [
            80.2423302,
            13.0495425
          ],
          [
            80.2418715,
            13.0496419
          ],
          [
            80.2418103,
            13.0496552
          ],
          [
            80.2403908,
            13.0499835
          ]
        ]
      }
    },
    {
      "type": "Feature",
      "id": "osm-22976716",
      "properties": {
        "osmid": 22976716,
        "name": "Habibullah Road",
        "highway": "residential",
        "highwayCategory": "Galli / Local Lane",
        "isGalli": true
      },
      "geometry": {
        "type": "LineString",
        "coordinates": [
          [
            80.2403488,
            13.0497285
          ],
          [
            80.2402707,
            13.0497433
          ],
          [
            80.2392545,
            13.0499319
          ],
          [
            80.2386289,
            13.0500441
          ],
          [
            80.2378587,
            13.0501929
          ],
          [
            80.2373991,
            13.050277
          ],
          [
            80.2373781,
            13.0502808
          ],
          [
            80.2364978,
            13.050418
          ],
          [
            80.2358618,
            13.0505428
          ],
          [
            80.2353,
            13.0506622
          ],
          [
            80.2352417,
            13.0506688
          ],
          [
            80.2342806,
            13.0508366
          ],
          [
            80.2339796,
            13.0508918
          ],
          [
            80.2338798,
            13.0509092
          ]
        ]
      }
    },
    {
      "type": "Feature",
      "id": "osm-22976730",
      "properties": {
        "osmid": 22976730,
        "name": "Periyar Road",
        "highway": "residential",
        "highwayCategory": "Galli / Local Lane",
        "isGalli": true
      },
      "geometry": {
        "type": "LineString",
        "coordinates": [
          [
            80.2361522,
            13.0534346
          ],
          [
            80.2360504,
            13.0530615
          ],
          [
            80.2360308,
            13.0529897
          ],
          [
            80.2359238,
            13.0525976
          ],
          [
            80.2357326,
            13.0519542
          ],
          [
            80.235526,
            13.0513899
          ],
          [
            80.2353,
            13.0506622
          ]
        ]
      }
    },
    {
      "type": "Feature",
      "id": "osm-22976925",
      "properties": {
        "osmid": 22976925,
        "name": "Local Corridor",
        "highway": "primary_link",
        "highwayCategory": "Galli / Local Lane",
        "isGalli": true
      },
      "geometry": {
        "type": "LineString",
        "coordinates": [
          [
            80.2501962,
            13.0513046
          ],
          [
            80.2501796,
            13.0510635
          ],
          [
            80.2501882,
            13.0508461
          ],
          [
            80.2502225,
            13.0507792
          ],
          [
            80.2503066,
            13.05072
          ],
          [
            80.2503828,
            13.0507014
          ],
          [
            80.2504816,
            13.0507138
          ],
          [
            80.2505658,
            13.0507458
          ],
          [
            80.2506345,
            13.0508461
          ],
          [
            80.2506724,
            13.0510324
          ],
          [
            80.2506815,
            13.0514975
          ]
        ]
      }
    },
    {
      "type": "Feature",
      "id": "osm-22977024",
      "properties": {
        "osmid": 22977024,
        "name": "Local Corridor",
        "highway": "primary_link",
        "highwayCategory": "Galli / Local Lane",
        "isGalli": true
      },
      "geometry": {
        "type": "LineString",
        "coordinates": [
          [
            80.2509799,
            13.0525591
          ],
          [
            80.2510878,
            13.052587
          ],
          [
            80.2511552,
            13.0526044
          ],
          [
            80.2512177,
            13.0526474
          ],
          [
            80.2516648,
            13.0529549
          ],
          [
            80.2516975,
            13.0529775
          ],
          [
            80.2517206,
            13.0529933
          ],
          [
            80.2519414,
            13.0531452
          ],
          [
            80.2523511,
            13.0534442
          ],
          [
            80.2524552,
            13.0534712
          ]
        ]
      }
    },
    {
      "type": "Feature",
      "id": "osm-22977044",
      "properties": {
        "osmid": 22977044,
        "name": "Cathedral Road",
        "highway": "primary",
        "highwayCategory": "Municipal Thoroughfare",
        "isGalli": false
      },
      "geometry": {
        "type": "LineString",
        "coordinates": [
          [
            80.251522,
            13.0518475
          ],
          [
            80.2515355,
            13.0518306
          ],
          [
            80.2518364,
            13.0514535
          ],
          [
            80.2519369,
            13.0513276
          ],
          [
            80.2524991,
            13.050623
          ],
          [
            80.2526125,
            13.050467
          ],
          [
            80.2528047,
            13.0502025
          ],
          [
            80.2533225,
            13.0494898
          ],
          [
            80.2533836,
            13.0493779
          ],
          [
            80.2535129,
            13.0491252
          ],
          [
            80.2537686,
            13.0485209
          ],
          [
            80.2540431,
            13.0480058
          ],
          [
            80.2541215,
            13.0478586
          ],
          [
            80.2542556,
            13.0476035
          ],
          [
            80.2544344,
            13.0473489
          ],
          [
            80.2545001,
            13.0472548
          ],
          [
            80.2548797,
            13.0468011
          ],
          [
            80.2563927,
            13.0462324
          ],
          [
            80.256491,
            13.0461954
          ]
        ]
      }
    },
    {
      "type": "Feature",
      "id": "osm-22977045",
      "properties": {
        "osmid": 22977045,
        "name": "Local Corridor",
        "highway": "primary_link",
        "highwayCategory": "Galli / Local Lane",
        "isGalli": true
      },
      "geometry": {
        "type": "LineString",
        "coordinates": [
          [
            80.2509799,
            13.0525591
          ],
          [
            80.2510302,
            13.052478
          ],
          [
            80.2511504,
            13.0522936
          ],
          [
            80.2511678,
            13.0522181
          ],
          [
            80.2511198,
            13.0521276
          ],
          [
            80.2509806,
            13.0520382
          ],
          [
            80.2508661,
            13.0518014
          ],
          [
            80.2508314,
            13.0516892
          ]
        ]
      }
    },
    {
      "type": "Feature",
      "id": "osm-22977106",
      "properties": {
        "osmid": 22977106,
        "name": "Anna Salai (Mount Road)",
        "highway": "primary",
        "highwayCategory": "Municipal Thoroughfare",
        "isGalli": false
      },
      "geometry": {
        "type": "LineString",
        "coordinates": [
          [
            80.2524552,
            13.0534712
          ],
          [
            80.2527752,
            13.0536998
          ],
          [
            80.2529292,
            13.0538183
          ],
          [
            80.2532575,
            13.0540709
          ],
          [
            80.2533533,
            13.0541466
          ],
          [
            80.2535291,
            13.0542714
          ],
          [
            80.2537746,
            13.0544589
          ],
          [
            80.2539219,
            13.0545667
          ],
          [
            80.2540698,
            13.0546709
          ],
          [
            80.2543033,
            13.05483
          ],
          [
            80.2543586,
            13.0548713
          ],
          [
            80.2551701,
            13.0554772
          ],
          [
            80.2555182,
            13.0557372
          ],
          [
            80.2555623,
            13.0557701
          ],
          [
            80.2561086,
            13.0561693
          ],
          [
            80.2564103,
            13.0564248
          ],
          [
            80.2564615,
            13.0564709
          ],
          [
            80.2566721,
            13.0566976
          ],
          [
            80.257081,
            13.0571466
          ],
          [
            80.2571292,
            13.0572012
          ],
          [
            80.2576907,
            13.0577844
          ]
        ]
      }
    },
    {
      "type": "Feature",
      "id": "osm-22977109",
      "properties": {
        "osmid": 22977109,
        "name": "Anna Salai (Mount Road)",
        "highway": "primary",
        "highwayCategory": "Municipal Thoroughfare",
        "isGalli": false
      },
      "geometry": {
        "type": "LineString",
        "coordinates": [
          [
            80.2244405,
            13.0187266
          ],
          [
            80.2243969,
            13.0188328
          ],
          [
            80.2243798,
            13.0188899
          ],
          [
            80.2243667,
            13.0189912
          ],
          [
            80.2243639,
            13.0191311
          ],
          [
            80.2243711,
            13.0192388
          ],
          [
            80.2243911,
            13.0193766
          ],
          [
            80.2244285,
            13.0195067
          ],
          [
            80.2244636,
            13.019603
          ],
          [
            80.2245251,
            13.0197125
          ],
          [
            80.2245664,
            13.0197733
          ],
          [
            80.2245859,
            13.0198085
          ],
          [
            80.2249657,
            13.020342
          ],
          [
            80.2253125,
            13.0208214
          ],
          [
            80.2254345,
            13.0209902
          ],
          [
            80.2255601,
            13.0211638
          ],
          [
            80.2257752,
            13.021456
          ],
          [
            80.2260715,
            13.021861
          ],
          [
            80.226163,
            13.0219616
          ],
          [
            80.226294,
            13.0221111
          ]
        ]
      }
    },
    {
      "type": "Feature",
      "id": "osm-22977127",
      "properties": {
        "osmid": 22977127,
        "name": "Local Corridor",
        "highway": "primary_link",
        "highwayCategory": "Galli / Local Lane",
        "isGalli": true
      },
      "geometry": {
        "type": "LineString",
        "coordinates": [
          [
            80.2525012,
            13.0533907
          ],
          [
            80.2524841,
            13.0533011
          ],
          [
            80.2515524,
            13.0525903
          ],
          [
            80.2513436,
            13.0524201
          ],
          [
            80.2513174,
            13.0523801
          ],
          [
            80.251319,
            13.0522429
          ],
          [
            80.2513412,
            13.0521274
          ],
          [
            80.251522,
            13.0518475
          ]
        ]
      }
    },
    {
      "type": "Feature",
      "id": "osm-22977180",
      "properties": {
        "osmid": 22977180,
        "name": "Alwarpet Flyover",
        "highway": "secondary",
        "highwayCategory": "Municipal Thoroughfare",
        "isGalli": false
      },
      "geometry": {
        "type": "LineString",
        "coordinates": [
          [
            80.2569984,
            13.0355274
          ],
          [
            80.2570117,
            13.035403
          ]
        ]
      }
    },
    {
      "type": "Feature",
      "id": "osm-22977209",
      "properties": {
        "osmid": 22977209,
        "name": "TTK Road",
        "highway": "secondary",
        "highwayCategory": "Municipal Thoroughfare",
        "isGalli": false
      },
      "geometry": {
        "type": "LineString",
        "coordinates": [
          [
            80.2583486,
            13.0408597
          ],
          [
            80.2586535,
            13.041349
          ],
          [
            80.2588384,
            13.0416635
          ],
          [
            80.2591295,
            13.0421481
          ],
          [
            80.2593227,
            13.0424824
          ],
          [
            80.259374,
            13.0425895
          ],
          [
            80.2594332,
            13.0428361
          ]
        ]
      }
    },
    {
      "type": "Feature",
      "id": "osm-22977218",
      "properties": {
        "osmid": 22977218,
        "name": "Local Corridor",
        "highway": "secondary_link",
        "highwayCategory": "Galli / Local Lane",
        "isGalli": true
      },
      "geometry": {
        "type": "LineString",
        "coordinates": [
          [
            80.2591169,
            13.0387272
          ],
          [
            80.259093,
            13.0386187
          ],
          [
            80.25907,
            13.0384952
          ]
        ]
      }
    },
    {
      "type": "Feature",
      "id": "osm-22977308",
      "properties": {
        "osmid": 22977308,
        "name": "T T Krishnamachari Road",
        "highway": "secondary",
        "highwayCategory": "Municipal Thoroughfare",
        "isGalli": false
      },
      "geometry": {
        "type": "LineString",
        "coordinates": [
          [
            80.254416,
            13.0350631
          ],
          [
            80.2547857,
            13.035502
          ],
          [
            80.2548953,
            13.0356479
          ],
          [
            80.2551798,
            13.0360266
          ],
          [
            80.2556236,
            13.0366765
          ]
        ]
      }
    },
    {
      "type": "Feature",
      "id": "osm-22977600",
      "properties": {
        "osmid": 22977600,
        "name": "Chinna Piliyar Koil Street",
        "highway": "residential",
        "highwayCategory": "Galli / Local Lane",
        "isGalli": true
      },
      "geometry": {
        "type": "LineString",
        "coordinates": [
          [
            80.2683231,
            13.0585552
          ],
          [
            80.2684172,
            13.0587669
          ],
          [
            80.2690443,
            13.0593714
          ],
          [
            80.2693795,
            13.0596841
          ],
          [
            80.26989,
            13.060012
          ],
          [
            80.270082,
            13.0601353
          ],
          [
            80.2701725,
            13.0601871
          ],
          [
            80.2703892,
            13.0603519
          ],
          [
            80.2708634,
            13.0604954
          ],
          [
            80.2714799,
            13.0606996
          ],
          [
            80.271555,
            13.0607255
          ],
          [
            80.2724591,
            13.0608582
          ],
          [
            80.2733389,
            13.0609265
          ],
          [
            80.2735767,
            13.0609334
          ],
          [
            80.273677,
            13.0609364
          ],
          [
            80.2739662,
            13.0609326
          ],
          [
            80.274329,
            13.0609158
          ]
        ]
      }
    },
    {
      "type": "Feature",
      "id": "osm-22977656",
      "properties": {
        "osmid": 22977656,
        "name": "Bharathi Salai",
        "highway": "tertiary",
        "highwayCategory": "Municipal Thoroughfare",
        "isGalli": false
      },
      "geometry": {
        "type": "LineString",
        "coordinates": [
          [
            80.2772677,
            13.0581789
          ],
          [
            80.2775757,
            13.058125
          ],
          [
            80.2779538,
            13.058082
          ],
          [
            80.2784211,
            13.0580169
          ],
          [
            80.2788527,
            13.0579707
          ],
          [
            80.2789028,
            13.0579648
          ],
          [
            80.2791188,
            13.0579287
          ],
          [
            80.2799504,
            13.0577922
          ]
        ]
      }
    },
    {
      "type": "Feature",
      "id": "osm-22977703",
      "properties": {
        "osmid": 22977703,
        "name": "Wallajah Road",
        "highway": "secondary",
        "highwayCategory": "Municipal Thoroughfare",
        "isGalli": false
      },
      "geometry": {
        "type": "LineString",
        "coordinates": [
          [
            80.2807376,
            13.0642286
          ],
          [
            80.2806289,
            13.06422
          ],
          [
            80.2796203,
            13.0644293
          ],
          [
            80.2785444,
            13.0646752
          ],
          [
            80.2783934,
            13.0647211
          ]
        ]
      }
    },
    {
      "type": "Feature",
      "id": "osm-22977718",
      "properties": {
        "osmid": 22977718,
        "name": "Babu Jagjivanram Salai",
        "highway": "tertiary",
        "highwayCategory": "Municipal Thoroughfare",
        "isGalli": false
      },
      "geometry": {
        "type": "LineString",
        "coordinates": [
          [
            80.2782735,
            13.0642773
          ],
          [
            80.2781911,
            13.0637859
          ],
          [
            80.277993,
            13.0625452
          ],
          [
            80.2778802,
            13.0618025
          ],
          [
            80.2777484,
            13.0610462
          ],
          [
            80.2777023,
            13.0607747
          ],
          [
            80.2775366,
            13.059799
          ],
          [
            80.2775224,
            13.0597274
          ],
          [
            80.2772677,
            13.0581789
          ]
        ]
      }
    },
    {
      "type": "Feature",
      "id": "osm-22979938",
      "properties": {
        "osmid": 22979938,
        "name": "Local Corridor",
        "highway": "secondary",
        "highwayCategory": "Municipal Thoroughfare",
        "isGalli": false
      },
      "geometry": {
        "type": "LineString",
        "coordinates": [
          [
            80.2110096,
            13.009488
          ],
          [
            80.2114372,
            13.0091653
          ],
          [
            80.2116525,
            13.0090089
          ]
        ]
      }
    },
    {
      "type": "Feature",
      "id": "osm-22979972",
      "properties": {
        "osmid": 22979972,
        "name": "Alandur Road",
        "highway": "secondary",
        "highwayCategory": "Municipal Thoroughfare",
        "isGalli": false
      },
      "geometry": {
        "type": "LineString",
        "coordinates": [
          [
            80.2195154,
            13.0193299
          ],
          [
            80.219281,
            13.018969
          ],
          [
            80.2191247,
            13.0187638
          ],
          [
            80.218775,
            13.0183734
          ]
        ]
      }
    },
    {
      "type": "Feature",
      "id": "osm-22979975",
      "properties": {
        "osmid": 22979975,
        "name": "Alandur Road",
        "highway": "secondary",
        "highwayCategory": "Municipal Thoroughfare",
        "isGalli": false
      },
      "geometry": {
        "type": "LineString",
        "coordinates": [
          [
            80.2103263,
            13.0085663
          ],
          [
            80.2110096,
            13.009488
          ]
        ]
      }
    },
    {
      "type": "Feature",
      "id": "osm-22991475",
      "properties": {
        "osmid": 22991475,
        "name": "Veera Raghava Mudali Street",
        "highway": "residential",
        "highwayCategory": "Galli / Local Lane",
        "isGalli": true
      },
      "geometry": {
        "type": "LineString",
        "coordinates": [
          [
            80.2754279,
            13.0562248
          ],
          [
            80.2754846,
            13.0564984
          ],
          [
            80.2754836,
            13.0565176
          ],
          [
            80.2755346,
            13.0571154
          ],
          [
            80.2755842,
            13.0575002
          ],
          [
            80.2756741,
            13.0582843
          ],
          [
            80.2756757,
            13.0583048
          ],
          [
            80.2757062,
            13.0586859
          ]
        ]
      }
    },
    {
      "type": "Feature",
      "id": "osm-22991476",
      "properties": {
        "osmid": 22991476,
        "name": "Mosque Street",
        "highway": "residential",
        "highwayCategory": "Galli / Local Lane",
        "isGalli": true
      },
      "geometry": {
        "type": "LineString",
        "coordinates": [
          [
            80.277993,
            13.0625452
          ],
          [
            80.2774114,
            13.0625578
          ],
          [
            80.2770031,
            13.0625293
          ],
          [
            80.2769583,
            13.0625276
          ],
          [
            80.276494,
            13.062508
          ],
          [
            80.2762479,
            13.0625094
          ],
          [
            80.2757084,
            13.0625448
          ]
        ]
      }
    },
    {
      "type": "Feature",
      "id": "osm-22991477",
      "properties": {
        "osmid": 22991477,
        "name": "Parthasarathy Street",
        "highway": "residential",
        "highwayCategory": "Galli / Local Lane",
        "isGalli": true
      },
      "geometry": {
        "type": "LineString",
        "coordinates": [
          [
            80.2777484,
            13.0610462
          ],
          [
            80.27737,
            13.0610558
          ],
          [
            80.2769595,
            13.06108
          ],
          [
            80.2766043,
            13.0611134
          ],
          [
            80.2764103,
            13.0611134
          ],
          [
            80.276198,
            13.0611135
          ],
          [
            80.2756801,
            13.061098
          ]
        ]
      }
    },
    {
      "type": "Feature",
      "id": "osm-22991478",
      "properties": {
        "osmid": 22991478,
        "name": "OVM Street",
        "highway": "residential",
        "highwayCategory": "Galli / Local Lane",
        "isGalli": true
      },
      "geometry": {
        "type": "LineString",
        "coordinates": [
          [
            80.27737,
            13.0610558
          ],
          [
            80.2774114,
            13.0625578
          ],
          [
            80.2774202,
            13.0631921
          ],
          [
            80.2774248,
            13.063451
          ],
          [
            80.2774305,
            13.0637724
          ]
        ]
      }
    },
    {
      "type": "Feature",
      "id": "osm-22991480",
      "properties": {
        "osmid": 22991480,
        "name": "Sydoji Street",
        "highway": "residential",
        "highwayCategory": "Galli / Local Lane",
        "isGalli": true
      },
      "geometry": {
        "type": "LineString",
        "coordinates": [
          [
            80.2775224,
            13.0597274
          ],
          [
            80.2769826,
            13.0597608
          ],
          [
            80.2766055,
            13.0597551
          ],
          [
            80.2763648,
            13.0597463
          ],
          [
            80.2761824,
            13.0597539
          ],
          [
            80.275723,
            13.0597265
          ]
        ]
      }
    },
    {
      "type": "Feature",
      "id": "osm-22991498",
      "properties": {
        "osmid": 22991498,
        "name": "Ayya Street",
        "highway": "residential",
        "highwayCategory": "Galli / Local Lane",
        "isGalli": true
      },
      "geometry": {
        "type": "LineString",
        "coordinates": [
          [
            80.276198,
            13.0611135
          ],
          [
            80.2761824,
            13.0597539
          ]
        ]
      }
    },
    {
      "type": "Feature",
      "id": "osm-22991500",
      "properties": {
        "osmid": 22991500,
        "name": "Ranganathan Street",
        "highway": "residential",
        "highwayCategory": "Galli / Local Lane",
        "isGalli": true
      },
      "geometry": {
        "type": "LineString",
        "coordinates": [
          [
            80.2766055,
            13.0597551
          ],
          [
            80.2766043,
            13.0611134
          ]
        ]
      }
    },
    {
      "type": "Feature",
      "id": "osm-23001367",
      "properties": {
        "osmid": 23001367,
        "name": "Madha Church Road",
        "highway": "residential",
        "highwayCategory": "Galli / Local Lane",
        "isGalli": true
      },
      "geometry": {
        "type": "LineString",
        "coordinates": [
          [
            80.2783421,
            13.0282664
          ],
          [
            80.2781489,
            13.0282835
          ],
          [
            80.2781063,
            13.0282868
          ],
          [
            80.2779111,
            13.0283037
          ],
          [
            80.2776757,
            13.0283518
          ],
          [
            80.277186,
            13.0284519
          ],
          [
            80.2770607,
            13.0284798
          ],
          [
            80.2767809,
            13.0285374
          ],
          [
            80.2763859,
            13.0286414
          ]
        ]
      }
    },
    {
      "type": "Feature",
      "id": "osm-23001375",
      "properties": {
        "osmid": 23001375,
        "name": "St. Mary's Road",
        "highway": "secondary",
        "highwayCategory": "Municipal Thoroughfare",
        "isGalli": false
      },
      "geometry": {
        "type": "LineString",
        "coordinates": [
          [
            80.2640795,
            13.029395
          ],
          [
            80.2637925,
            13.0294443
          ],
          [
            80.2636639,
            13.0294645
          ],
          [
            80.26347,
            13.0294985
          ],
          [
            80.2631808,
            13.0295609
          ],
          [
            80.2627067,
            13.0296653
          ],
          [
            80.2626371,
            13.0296787
          ],
          [
            80.2624387,
            13.0297289
          ],
          [
            80.2621908,
            13.029754
          ],
          [
            80.2618995,
            13.0297561
          ],
          [
            80.2617719,
            13.0297441
          ],
          [
            80.2615374,
            13.0297263
          ],
          [
            80.2614879,
            13.0297026
          ],
          [
            80.2613776,
            13.0295363
          ],
          [
            80.2612154,
            13.0292421
          ],
          [
            80.2611738,
            13.0291452
          ],
          [
            80.261093,
            13.0291744
          ]
        ]
      }
    },
    {
      "type": "Feature",
      "id": "osm-23001376",
      "properties": {
        "osmid": 23001376,
        "name": "St. Mary's Road",
        "highway": "secondary",
        "highwayCategory": "Municipal Thoroughfare",
        "isGalli": false
      },
      "geometry": {
        "type": "LineString",
        "coordinates": [
          [
            80.2640795,
            13.029395
          ],
          [
            80.2642817,
            13.0293817
          ],
          [
            80.2646618,
            13.0293637
          ],
          [
            80.2649016,
            13.0293522
          ],
          [
            80.265031,
            13.0293455
          ],
          [
            80.2651855,
            13.0293318
          ],
          [
            80.2656229,
            13.0293253
          ],
          [
            80.2656549,
            13.0293243
          ],
          [
            80.2661397,
            13.0292816
          ],
          [
            80.2664844,
            13.0292597
          ]
        ]
      }
    },
    {
      "type": "Feature",
      "id": "osm-23019250",
      "properties": {
        "osmid": 23019250,
        "name": "Triplicane High Road",
        "highway": "secondary",
        "highwayCategory": "Municipal Thoroughfare",
        "isGalli": false
      },
      "geometry": {
        "type": "LineString",
        "coordinates": [
          [
            80.2737522,
            13.0527706
          ],
          [
            80.2737093,
            13.052988
          ],
          [
            80.2737006,
            13.0531146
          ],
          [
            80.2737415,
            13.053736
          ],
          [
            80.2737439,
            13.0538768
          ],
          [
            80.2737975,
            13.0545357
          ],
          [
            80.2737977,
            13.0549371
          ],
          [
            80.273806,
            13.0552944
          ],
          [
            80.2738666,
            13.0559786
          ],
          [
            80.2738884,
            13.0562347
          ],
          [
            80.2738962,
            13.0563995
          ],
          [
            80.2739347,
            13.0567791
          ],
          [
            80.2740223,
            13.0575431
          ],
          [
            80.2740306,
            13.057674
          ],
          [
            80.2741686,
            13.058902
          ],
          [
            80.2742048,
            13.0593042
          ],
          [
            80.2742472,
            13.0596347
          ],
          [
            80.2742528,
            13.0596999
          ],
          [
            80.274274,
            13.0600572
          ],
          [
            80.274286,
            13.0602673
          ],
          [
            80.2743029,
            13.0605067
          ],
          [
            80.274329,
            13.0609158
          ]
        ]
      }
    },
    {
      "type": "Feature",
      "id": "osm-23024691",
      "properties": {
        "osmid": 23024691,
        "name": "Appu Street",
        "highway": "tertiary",
        "highwayCategory": "Municipal Thoroughfare",
        "isGalli": false
      },
      "geometry": {
        "type": "LineString",
        "coordinates": [
          [
            80.2746441,
            13.0289854
          ],
          [
            80.2744822,
            13.0295973
          ],
          [
            80.2743632,
            13.0300682
          ],
          [
            80.2743466,
            13.0301691
          ],
          [
            80.2742323,
            13.0306311
          ],
          [
            80.2741307,
            13.0310737
          ],
          [
            80.2740671,
            13.0313852
          ],
          [
            80.2740447,
            13.0315028
          ]
        ]
      }
    },
    {
      "type": "Feature",
      "id": "osm-23030545",
      "properties": {
        "osmid": 23030545,
        "name": "Rukmani Lakshmipathi Road",
        "highway": "secondary",
        "highwayCategory": "Municipal Thoroughfare",
        "isGalli": false
      },
      "geometry": {
        "type": "LineString",
        "coordinates": [
          [
            80.2606072,
            13.066313
          ],
          [
            80.260616,
            13.0661466
          ],
          [
            80.2606045,
            13.0660331
          ],
          [
            80.2605743,
            13.0658505
          ],
          [
            80.2605084,
            13.0655857
          ],
          [
            80.2604387,
            13.0652901
          ],
          [
            80.2603503,
            13.065028
          ],
          [
            80.2603422,
            13.0650013
          ],
          [
            80.2600717,
            13.0641111
          ],
          [
            80.2600156,
            13.0639377
          ],
          [
            80.2599927,
            13.0638675
          ]
        ]
      }
    },
    {
      "type": "Feature",
      "id": "osm-23030553",
      "properties": {
        "osmid": 23030553,
        "name": "Local Corridor",
        "highway": "residential",
        "highwayCategory": "Galli / Local Lane",
        "isGalli": true
      },
      "geometry": {
        "type": "LineString",
        "coordinates": [
          [
            80.2481401,
            13.0712789
          ],
          [
            80.2481355,
            13.0713354
          ],
          [
            80.2480959,
            13.0716206
          ],
          [
            80.2480567,
            13.0718245
          ],
          [
            80.2480312,
            13.0719969
          ],
          [
            80.2480295,
            13.0720047
          ],
          [
            80.2479774,
            13.0722501
          ],
          [
            80.2479307,
            13.0724697
          ],
          [
            80.2478226,
            13.0730864
          ],
          [
            80.247713,
            13.0737627
          ]
        ]
      }
    },
    {
      "type": "Feature",
      "id": "osm-23030560",
      "properties": {
        "osmid": 23030560,
        "name": "Narasingapuram Street",
        "highway": "residential",
        "highwayCategory": "Galli / Local Lane",
        "isGalli": true
      },
      "geometry": {
        "type": "LineString",
        "coordinates": [
          [
            80.2713796,
            13.0698885
          ],
          [
            80.2712211,
            13.0692666
          ],
          [
            80.2710407,
            13.0684707
          ],
          [
            80.2709934,
            13.0681476
          ]
        ]
      }
    },
    {
      "type": "Feature",
      "id": "osm-23030563",
      "properties": {
        "osmid": 23030563,
        "name": "Swami Naicken Street",
        "highway": "residential",
        "highwayCategory": "Galli / Local Lane",
        "isGalli": true
      },
      "geometry": {
        "type": "LineString",
        "coordinates": [
          [
            80.271092,
            13.0784807
          ],
          [
            80.2710338,
            13.0782235
          ],
          [
            80.271003,
            13.0780872
          ],
          [
            80.2709239,
            13.0776486
          ],
          [
            80.2706594,
            13.0767067
          ],
          [
            80.2706235,
            13.0765991
          ],
          [
            80.2703688,
            13.0758365
          ],
          [
            80.2702071,
            13.075238
          ]
        ]
      }
    },
    {
      "type": "Feature",
      "id": "osm-23030564",
      "properties": {
        "osmid": 23030564,
        "name": "Local Corridor",
        "highway": "residential",
        "highwayCategory": "Galli / Local Lane",
        "isGalli": true
      },
      "geometry": {
        "type": "LineString",
        "coordinates": [
          [
            80.2712603,
            13.0731183
          ],
          [
            80.2711433,
            13.0730123
          ],
          [
            80.2710813,
            13.0728073
          ],
          [
            80.2706803,
            13.0728929
          ]
        ]
      }
    },
    {
      "type": "Feature",
      "id": "osm-23030567",
      "properties": {
        "osmid": 23030567,
        "name": "Meeran Sahib Street",
        "highway": "residential",
        "highwayCategory": "Galli / Local Lane",
        "isGalli": true
      },
      "geometry": {
        "type": "LineString",
        "coordinates": [
          [
            80.2707518,
            13.0700594
          ],
          [
            80.2705187,
            13.0690194
          ],
          [
            80.2703532,
            13.0681894
          ]
        ]
      }
    },
    {
      "type": "Feature",
      "id": "osm-23030569",
      "properties": {
        "osmid": 23030569,
        "name": "Local Corridor",
        "highway": "residential",
        "highwayCategory": "Galli / Local Lane",
        "isGalli": true
      },
      "geometry": {
        "type": "LineString",
        "coordinates": [
          [
            80.270067,
            13.0747455
          ],
          [
            80.2695276,
            13.0748603
          ],
          [
            80.269017,
            13.0749793
          ],
          [
            80.2679937,
            13.0752581
          ],
          [
            80.2670819,
            13.0754276
          ],
          [
            80.2662674,
            13.0755166
          ]
        ]
      }
    },
    {
      "type": "Feature",
      "id": "osm-23030570",
      "properties": {
        "osmid": 23030570,
        "name": "Laffond Street",
        "highway": "residential",
        "highwayCategory": "Galli / Local Lane",
        "isGalli": true
      },
      "geometry": {
        "type": "LineString",
        "coordinates": [
          [
            80.2724187,
            13.0776982
          ],
          [
            80.2723808,
            13.0773412
          ],
          [
            80.2723623,
            13.0771932
          ],
          [
            80.2723448,
            13.0770125
          ],
          [
            80.2721789,
            13.0757817
          ],
          [
            80.2721807,
            13.0752767
          ],
          [
            80.2721767,
            13.0751494
          ],
          [
            80.2721639,
            13.0747475
          ]
        ]
      }
    },
    {
      "type": "Feature",
      "id": "osm-23030571",
      "properties": {
        "osmid": 23030571,
        "name": "Singanna Street Part A",
        "highway": "residential",
        "highwayCategory": "Galli / Local Lane",
        "isGalli": true
      },
      "geometry": {
        "type": "LineString",
        "coordinates": [
          [
            80.2712845,
            13.0750155
          ],
          [
            80.2710621,
            13.0743064
          ],
          [
            80.2706803,
            13.0728929
          ],
          [
            80.2705337,
            13.0723291
          ],
          [
            80.2704944,
            13.0719582
          ],
          [
            80.2704933,
            13.0715542
          ],
          [
            80.2704994,
            13.0713327
          ],
          [
            80.2704816,
            13.0710694
          ],
          [
            80.2704607,
            13.0706103
          ],
          [
            80.2703748,
            13.0701446
          ]
        ]
      }
    },
    {
      "type": "Feature",
      "id": "osm-23030576",
      "properties": {
        "osmid": 23030576,
        "name": "Kalavai Street",
        "highway": "residential",
        "highwayCategory": "Galli / Local Lane",
        "isGalli": true
      },
      "geometry": {
        "type": "LineString",
        "coordinates": [
          [
            80.2701881,
            13.0771032
          ],
          [
            80.2696968,
            13.0772124
          ],
          [
            80.269677,
            13.0772134
          ],
          [
            80.2696595,
            13.0772042
          ],
          [
            80.2696399,
            13.0771886
          ]
        ]
      }
    },
    {
      "type": "Feature",
      "id": "osm-23030577",
      "properties": {
        "osmid": 23030577,
        "name": "Ayya Mudali Street",
        "highway": "residential",
        "highwayCategory": "Galli / Local Lane",
        "isGalli": true
      },
      "geometry": {
        "type": "LineString",
        "coordinates": [
          [
            80.2695276,
            13.0748603
          ],
          [
            80.2691181,
            13.0732437
          ],
          [
            80.2690173,
            13.0728056
          ],
          [
            80.2689746,
            13.0725444
          ],
          [
            80.2689078,
            13.072043
          ],
          [
            80.2692633,
            13.0719537
          ]
        ]
      }
    },
    {
      "type": "Feature",
      "id": "osm-23030578",
      "properties": {
        "osmid": 23030578,
        "name": "Local Corridor",
        "highway": "residential",
        "highwayCategory": "Galli / Local Lane",
        "isGalli": true
      },
      "geometry": {
        "type": "LineString",
        "coordinates": [
          [
            80.2675478,
            13.0728917
          ],
          [
            80.267779,
            13.0729834
          ],
          [
            80.2682398,
            13.0730689
          ],
          [
            80.2683039,
            13.0730586
          ],
          [
            80.2684087,
            13.0730286
          ],
          [
            80.268431,
            13.0728684
          ],
          [
            80.2690173,
            13.0728056
          ]
        ]
      }
    },
    {
      "type": "Feature",
      "id": "osm-23030580",
      "properties": {
        "osmid": 23030580,
        "name": "Nyniappan Street",
        "highway": "residential",
        "highwayCategory": "Galli / Local Lane",
        "isGalli": true
      },
      "geometry": {
        "type": "LineString",
        "coordinates": [
          [
            80.2675351,
            13.0736165
          ],
          [
            80.267641,
            13.0740573
          ],
          [
            80.2677218,
            13.0744101
          ],
          [
            80.2678427,
            13.0748011
          ],
          [
            80.2678911,
            13.0749539
          ],
          [
            80.2679937,
            13.0752581
          ],
          [
            80.2681402,
            13.075789
          ]
        ]
      }
    },
    {
      "type": "Feature",
      "id": "osm-23030581",
      "properties": {
        "osmid": 23030581,
        "name": "Nagamani Street",
        "highway": "residential",
        "highwayCategory": "Galli / Local Lane",
        "isGalli": true
      },
      "geometry": {
        "type": "LineString",
        "coordinates": [
          [
            80.2689215,
            13.0745832
          ],
          [
            80.2678427,
            13.0748011
          ]
        ]
      }
    },
    {
      "type": "Feature",
      "id": "osm-23030582",
      "properties": {
        "osmid": 23030582,
        "name": "Devaraj Sarang Lane",
        "highway": "residential",
        "highwayCategory": "Galli / Local Lane",
        "isGalli": true
      },
      "geometry": {
        "type": "LineString",
        "coordinates": [
          [
            80.267641,
            13.0740573
          ],
          [
            80.2683932,
            13.0738751
          ]
        ]
      }
    },
    {
      "type": "Feature",
      "id": "osm-23030584",
      "properties": {
        "osmid": 23030584,
        "name": "Local Corridor",
        "highway": "residential",
        "highwayCategory": "Galli / Local Lane",
        "isGalli": true
      },
      "geometry": {
        "type": "LineString",
        "coordinates": [
          [
            80.2696641,
            13.0711228
          ],
          [
            80.2696983,
            13.0716194
          ],
          [
            80.2697535,
            13.071883
          ],
          [
            80.269787,
            13.0720499
          ],
          [
            80.2699478,
            13.0726059
          ],
          [
            80.2700426,
            13.072997
          ]
        ]
      }
    },
    {
      "type": "Feature",
      "id": "osm-23030585",
      "properties": {
        "osmid": 23030585,
        "name": "Sivaprakasam Street",
        "highway": "residential",
        "highwayCategory": "Galli / Local Lane",
        "isGalli": true
      },
      "geometry": {
        "type": "LineString",
        "coordinates": [
          [
            80.2718338,
            13.0711212
          ],
          [
            80.2715468,
            13.0711894
          ],
          [
            80.2710616,
            13.0712796
          ],
          [
            80.2704994,
            13.0713327
          ]
        ]
      }
    },
    {
      "type": "Feature",
      "id": "osm-23030586",
      "properties": {
        "osmid": 23030586,
        "name": "Meeyan 2nd Street",
        "highway": "living_street",
        "highwayCategory": "Galli / Local Lane",
        "isGalli": true
      },
      "geometry": {
        "type": "LineString",
        "coordinates": [
          [
            80.2719116,
            13.0732082
          ],
          [
            80.2718026,
            13.0736631
          ],
          [
            80.2717156,
            13.0741306
          ],
          [
            80.2717303,
            13.0745058
          ],
          [
            80.2718636,
            13.0748757
          ]
        ]
      }
    },
    {
      "type": "Feature",
      "id": "osm-23030587",
      "properties": {
        "osmid": 23030587,
        "name": "Local Corridor",
        "highway": "residential",
        "highwayCategory": "Galli / Local Lane",
        "isGalli": true
      },
      "geometry": {
        "type": "LineString",
        "coordinates": [
          [
            80.2662967,
            13.0750104
          ],
          [
            80.2664865,
            13.0750045
          ],
          [
            80.2665429,
            13.0750028
          ],
          [
            80.2667827,
            13.0750028
          ],
          [
            80.266815,
            13.0749917
          ],
          [
            80.2669615,
            13.0749202
          ],
          [
            80.2671704,
            13.0748653
          ],
          [
            80.2673512,
            13.0748065
          ]
        ]
      }
    },
    {
      "type": "Feature",
      "id": "osm-23030588",
      "properties": {
        "osmid": 23030588,
        "name": "Local Corridor",
        "highway": "residential",
        "highwayCategory": "Galli / Local Lane",
        "isGalli": true
      },
      "geometry": {
        "type": "LineString",
        "coordinates": [
          [
            80.2669615,
            13.0749202
          ],
          [
            80.2670819,
            13.0754276
          ],
          [
            80.2672158,
            13.0760151
          ]
        ]
      }
    },
    {
      "type": "Feature",
      "id": "osm-23030589",
      "properties": {
        "osmid": 23030589,
        "name": "Mangapathi Street",
        "highway": "residential",
        "highwayCategory": "Galli / Local Lane",
        "isGalli": true
      },
      "geometry": {
        "type": "LineString",
        "coordinates": [
          [
            80.2694706,
            13.0765348
          ],
          [
            80.2683332,
            13.0767684
          ],
          [
            80.2678596,
            13.0768349
          ],
          [
            80.267347,
            13.0768966
          ]
        ]
      }
    },
    {
      "type": "Feature",
      "id": "osm-23030591",
      "properties": {
        "osmid": 23030591,
        "name": "Local Corridor",
        "highway": "residential",
        "highwayCategory": "Galli / Local Lane",
        "isGalli": true
      },
      "geometry": {
        "type": "LineString",
        "coordinates": [
          [
            80.2696031,
            13.0770183
          ],
          [
            80.2688905,
            13.0770947
          ],
          [
            80.2684406,
            13.0771687
          ],
          [
            80.2679483,
            13.0772497
          ],
          [
            80.2673373,
            13.0773093
          ],
          [
            80.2671289,
            13.0773492
          ],
          [
            80.2666967,
            13.0774536
          ]
        ]
      }
    },
    {
      "type": "Feature",
      "id": "osm-23030593",
      "properties": {
        "osmid": 23030593,
        "name": "Balakrishna Street",
        "highway": "residential",
        "highwayCategory": "Galli / Local Lane",
        "isGalli": true
      },
      "geometry": {
        "type": "LineString",
        "coordinates": [
          [
            80.268027,
            13.0789065
          ],
          [
            80.2680496,
            13.0786304
          ],
          [
            80.2680845,
            13.0781324
          ],
          [
            80.268075,
            13.0778976
          ],
          [
            80.268028,
            13.0776619
          ],
          [
            80.2679483,
            13.0772497
          ],
          [
            80.2678596,
            13.0768349
          ]
        ]
      }
    },
    {
      "type": "Feature",
      "id": "osm-23030594",
      "properties": {
        "osmid": 23030594,
        "name": "Local Corridor",
        "highway": "residential",
        "highwayCategory": "Galli / Local Lane",
        "isGalli": true
      },
      "geometry": {
        "type": "LineString",
        "coordinates": [
          [
            80.2682564,
            13.0762806
          ],
          [
            80.2693278,
            13.0760349
          ]
        ]
      }
    },
    {
      "type": "Feature",
      "id": "osm-23030595",
      "properties": {
        "osmid": 23030595,
        "name": "Arunchalam Street",
        "highway": "residential",
        "highwayCategory": "Galli / Local Lane",
        "isGalli": true
      },
      "geometry": {
        "type": "LineString",
        "coordinates": [
          [
            80.2703688,
            13.0758365
          ],
          [
            80.2698756,
            13.0759678
          ],
          [
            80.2693448,
            13.076095
          ]
        ]
      }
    },
    {
      "type": "Feature",
      "id": "osm-23030596",
      "properties": {
        "osmid": 23030596,
        "name": "Vennkatesan Street",
        "highway": "residential",
        "highwayCategory": "Galli / Local Lane",
        "isGalli": true
      },
      "geometry": {
        "type": "LineString",
        "coordinates": [
          [
            80.2715969,
            13.0781955
          ],
          [
            80.2714105,
            13.0775605
          ],
          [
            80.2707302,
            13.0751091
          ]
        ]
      }
    },
    {
      "type": "Feature",
      "id": "osm-23030598",
      "properties": {
        "osmid": 23030598,
        "name": "Laffond Lane",
        "highway": "residential",
        "highwayCategory": "Galli / Local Lane",
        "isGalli": true
      },
      "geometry": {
        "type": "LineString",
        "coordinates": [
          [
            80.2731806,
            13.0757575
          ],
          [
            80.2728256,
            13.0757426
          ],
          [
            80.2727371,
            13.0757389
          ],
          [
            80.2721789,
            13.0757817
          ]
        ]
      }
    },
    {
      "type": "Feature",
      "id": "osm-23030599",
      "properties": {
        "osmid": 23030599,
        "name": "Local Corridor",
        "highway": "residential",
        "highwayCategory": "Galli / Local Lane",
        "isGalli": true
      },
      "geometry": {
        "type": "LineString",
        "coordinates": [
          [
            80.2710621,
            13.0743064
          ],
          [
            80.270539,
            13.0744823
          ],
          [
            80.2700276,
            13.0745996
          ]
        ]
      }
    },
    {
      "type": "Feature",
      "id": "osm-23030602",
      "properties": {
        "osmid": 23030602,
        "name": "Local Corridor",
        "highway": "residential",
        "highwayCategory": "Galli / Local Lane",
        "isGalli": true
      },
      "geometry": {
        "type": "LineString",
        "coordinates": [
          [
            80.2702215,
            13.0701775
          ],
          [
            80.270008,
            13.0693252
          ],
          [
            80.2699343,
            13.0690307
          ],
          [
            80.2696395,
            13.0691007
          ]
        ]
      }
    },
    {
      "type": "Feature",
      "id": "osm-23030603",
      "properties": {
        "osmid": 23030603,
        "name": "Local Corridor",
        "highway": "residential",
        "highwayCategory": "Galli / Local Lane",
        "isGalli": true
      },
      "geometry": {
        "type": "LineString",
        "coordinates": [
          [
            80.2704441,
            13.0729316
          ],
          [
            80.2701733,
            13.0718299
          ],
          [
            80.2701329,
            13.0715957
          ]
        ]
      }
    },
    {
      "type": "Feature",
      "id": "osm-23030604",
      "properties": {
        "osmid": 23030604,
        "name": "Usman Khan Street",
        "highway": "residential",
        "highwayCategory": "Galli / Local Lane",
        "isGalli": true
      },
      "geometry": {
        "type": "LineString",
        "coordinates": [
          [
            80.2708648,
            13.0705608
          ],
          [
            80.2709366,
            13.0707953
          ],
          [
            80.2710034,
            13.0709961
          ],
          [
            80.2710616,
            13.0712796
          ],
          [
            80.2711603,
            13.07164
          ],
          [
            80.2712121,
            13.0718888
          ]
        ]
      }
    },
    {
      "type": "Feature",
      "id": "osm-23030605",
      "properties": {
        "osmid": 23030605,
        "name": "Seeyaliamman Koil Street",
        "highway": "residential",
        "highwayCategory": "Galli / Local Lane",
        "isGalli": true
      },
      "geometry": {
        "type": "LineString",
        "coordinates": [
          [
            80.2710034,
            13.0709961
          ],
          [
            80.2713345,
            13.0709273
          ],
          [
            80.2714881,
            13.0708969
          ],
          [
            80.2717555,
            13.0708608
          ]
        ]
      }
    },
    {
      "type": "Feature",
      "id": "osm-23030606",
      "properties": {
        "osmid": 23030606,
        "name": "Sivaprakasam Street",
        "highway": "residential",
        "highwayCategory": "Galli / Local Lane",
        "isGalli": true
      },
      "geometry": {
        "type": "LineString",
        "coordinates": [
          [
            80.2718985,
            13.0717578
          ],
          [
            80.2716922,
            13.071797
          ],
          [
            80.2712121,
            13.0718888
          ],
          [
            80.270842,
            13.0719517
          ],
          [
            80.2706649,
            13.0719405
          ],
          [
            80.2704944,
            13.0719582
          ]
        ]
      }
    },
    {
      "type": "Feature",
      "id": "osm-23030610",
      "properties": {
        "osmid": 23030610,
        "name": "Sadasivam lane",
        "highway": "residential",
        "highwayCategory": "Galli / Local Lane",
        "isGalli": true
      },
      "geometry": {
        "type": "LineString",
        "coordinates": [
          [
            80.2685284,
            13.0742533
          ],
          [
            80.2677218,
            13.0744101
          ]
        ]
      }
    },
    {
      "type": "Feature",
      "id": "osm-23030611",
      "properties": {
        "osmid": 23030611,
        "name": "Local Corridor",
        "highway": "residential",
        "highwayCategory": "Galli / Local Lane",
        "isGalli": true
      },
      "geometry": {
        "type": "LineString",
        "coordinates": [
          [
            80.268028,
            13.0776619
          ],
          [
            80.2676325,
            13.0777558
          ],
          [
            80.2672152,
            13.0778107
          ]
        ]
      }
    },
    {
      "type": "Feature",
      "id": "osm-23030612",
      "properties": {
        "osmid": 23030612,
        "name": "Padavatamman Koil",
        "highway": "residential",
        "highwayCategory": "Galli / Local Lane",
        "isGalli": true
      },
      "geometry": {
        "type": "LineString",
        "coordinates": [
          [
            80.268948,
            13.079308
          ],
          [
            80.2689197,
            13.0789506
          ],
          [
            80.2689082,
            13.0788046
          ],
          [
            80.2689,
            13.0787001
          ],
          [
            80.268903,
            13.0784735
          ],
          [
            80.2689091,
            13.0783363
          ],
          [
            80.2688849,
            13.0780731
          ],
          [
            80.2688948,
            13.0779706
          ],
          [
            80.2689112,
            13.0779001
          ],
          [
            80.2689288,
            13.0777982
          ],
          [
            80.2688905,
            13.0770947
          ]
        ]
      }
    },
    {
      "type": "Feature",
      "id": "osm-23030613",
      "properties": {
        "osmid": 23030613,
        "name": "Local Corridor",
        "highway": "residential",
        "highwayCategory": "Galli / Local Lane",
        "isGalli": true
      },
      "geometry": {
        "type": "LineString",
        "coordinates": [
          [
            80.268903,
            13.0784735
          ],
          [
            80.2686085,
            13.0784426
          ],
          [
            80.2683931,
            13.0784331
          ],
          [
            80.2683652,
            13.0786788
          ],
          [
            80.2683446,
            13.0789356
          ]
        ]
      }
    },
    {
      "type": "Feature",
      "id": "osm-23030614",
      "properties": {
        "osmid": 23030614,
        "name": "Local Corridor",
        "highway": "residential",
        "highwayCategory": "Galli / Local Lane",
        "isGalli": true
      },
      "geometry": {
        "type": "LineString",
        "coordinates": [
          [
            80.2700272,
            13.0787642
          ],
          [
            80.2699923,
            13.0784557
          ],
          [
            80.2699877,
            13.0784292
          ],
          [
            80.2699708,
            13.0784028
          ],
          [
            80.2699546,
            13.0783847
          ],
          [
            80.2699205,
            13.0783429
          ],
          [
            80.269908,
            13.0783052
          ],
          [
            80.2698557,
            13.0779966
          ],
          [
            80.2698501,
            13.0779767
          ],
          [
            80.2698366,
            13.077961
          ]
        ]
      }
    },
    {
      "type": "Feature",
      "id": "osm-23030618",
      "properties": {
        "osmid": 23030618,
        "name": "Montieth Road",
        "highway": "secondary",
        "highwayCategory": "Municipal Thoroughfare",
        "isGalli": false
      },
      "geometry": {
        "type": "LineString",
        "coordinates": [
          [
            80.2567411,
            13.0695183
          ],
          [
            80.2568144,
            13.0695209
          ],
          [
            80.2569186,
            13.069422
          ],
          [
            80.2570839,
            13.0692564
          ],
          [
            80.2572689,
            13.0690789
          ],
          [
            80.2573014,
            13.0690477
          ],
          [
            80.2576537,
            13.0687097
          ],
          [
            80.2576753,
            13.0686889
          ],
          [
            80.2577819,
            13.0685866
          ],
          [
            80.2579619,
            13.068419
          ],
          [
            80.2580814,
            13.0683189
          ],
          [
            80.2581074,
            13.0682971
          ],
          [
            80.2582248,
            13.0681989
          ],
          [
            80.2583724,
            13.0680659
          ],
          [
            80.2585071,
            13.0679279
          ]
        ]
      }
    },
    {
      "type": "Feature",
      "id": "osm-23030621",
      "properties": {
        "osmid": 23030621,
        "name": "Casa Major Road",
        "highway": "secondary",
        "highwayCategory": "Municipal Thoroughfare",
        "isGalli": false
      },
      "geometry": {
        "type": "LineString",
        "coordinates": [
          [
            80.2560539,
            13.0687966
          ],
          [
            80.2557849,
            13.0691483
          ],
          [
            80.2556457,
            13.0693032
          ],
          [
            80.254844,
            13.0701955
          ],
          [
            80.2546193,
            13.0704555
          ],
          [
            80.2543695,
            13.0707355
          ],
          [
            80.2541115,
            13.0709903
          ],
          [
            80.2540178,
            13.0710827
          ]
        ]
      }
    },
    {
      "type": "Feature",
      "id": "osm-23030625",
      "properties": {
        "osmid": 23030625,
        "name": "Mothibaba Lane",
        "highway": "residential",
        "highwayCategory": "Galli / Local Lane",
        "isGalli": true
      },
      "geometry": {
        "type": "LineString",
        "coordinates": [
          [
            80.2614882,
            13.0736463
          ],
          [
            80.2614895,
            13.073973
          ],
          [
            80.2615168,
            13.0747421
          ],
          [
            80.2615245,
            13.0749597
          ]
        ]
      }
    },
    {
      "type": "Feature",
      "id": "osm-23030626",
      "properties": {
        "osmid": 23030626,
        "name": "Thulasingam Street",
        "highway": "residential",
        "highwayCategory": "Galli / Local Lane",
        "isGalli": true
      },
      "geometry": {
        "type": "LineString",
        "coordinates": [
          [
            80.2624242,
            13.0709934
          ],
          [
            80.2639423,
            13.0709215
          ]
        ]
      }
    },
    {
      "type": "Feature",
      "id": "osm-23030627",
      "properties": {
        "osmid": 23030627,
        "name": "Local Corridor",
        "highway": "living_street",
        "highwayCategory": "Galli / Local Lane",
        "isGalli": true
      },
      "geometry": {
        "type": "LineString",
        "coordinates": [
          [
            80.2657942,
            13.072142
          ],
          [
            80.2651307,
            13.0721604
          ],
          [
            80.2646479,
            13.0721898
          ],
          [
            80.2642783,
            13.0721311
          ],
          [
            80.2641562,
            13.0720883
          ],
          [
            80.2640748,
            13.0720615
          ]
        ]
      }
    },
    {
      "type": "Feature",
      "id": "osm-23030808",
      "properties": {
        "osmid": 23030808,
        "name": "Gengu Reddy Road",
        "highway": "secondary",
        "highwayCategory": "Municipal Thoroughfare",
        "isGalli": false
      },
      "geometry": {
        "type": "LineString",
        "coordinates": [
          [
            80.252516,
            13.0739651
          ],
          [
            80.2525453,
            13.0738882
          ],
          [
            80.252546,
            13.073812
          ],
          [
            80.2525339,
            13.0737152
          ],
          [
            80.2524824,
            13.0731972
          ],
          [
            80.2524677,
            13.073049
          ],
          [
            80.2524486,
            13.0728566
          ],
          [
            80.2524115,
            13.0726142
          ]
        ]
      }
    },
    {
      "type": "Feature",
      "id": "osm-23030841",
      "properties": {
        "osmid": 23030841,
        "name": "Harris Bridge",
        "highway": "secondary",
        "highwayCategory": "Municipal Thoroughfare",
        "isGalli": false
      },
      "geometry": {
        "type": "LineString",
        "coordinates": [
          [
            80.2686407,
            13.0685231
          ],
          [
            80.2692687,
            13.0683533
          ]
        ]
      }
    },
    {
      "type": "Feature",
      "id": "osm-23030888",
      "properties": {
        "osmid": 23030888,
        "name": "Rukmani Lakshmipathi Road",
        "highway": "tertiary",
        "highwayCategory": "Municipal Thoroughfare",
        "isGalli": false
      },
      "geometry": {
        "type": "LineString",
        "coordinates": [
          [
            80.2610816,
            13.0708898
          ],
          [
            80.2610716,
            13.0707626
          ],
          [
            80.2610202,
            13.0701091
          ],
          [
            80.2610003,
            13.0698557
          ],
          [
            80.2609443,
            13.0691433
          ],
          [
            80.2609383,
            13.0690666
          ],
          [
            80.2609189,
            13.0688203
          ],
          [
            80.2609157,
            13.0687797
          ],
          [
            80.2609125,
            13.0687389
          ],
          [
            80.2608839,
            13.0683752
          ],
          [
            80.2608356,
            13.0677604
          ],
          [
            80.2608296,
            13.067684
          ],
          [
            80.2608124,
            13.0675101
          ],
          [
            80.2607214,
            13.0667209
          ]
        ]
      }
    },
    {
      "type": "Feature",
      "id": "osm-23037605",
      "properties": {
        "osmid": 23037605,
        "name": "Palli Street",
        "highway": "residential",
        "highwayCategory": "Galli / Local Lane",
        "isGalli": true
      },
      "geometry": {
        "type": "LineString",
        "coordinates": [
          [
            80.2689746,
            13.0725444
          ],
          [
            80.2683245,
            13.072642
          ],
          [
            80.2677679,
            13.0726495
          ]
        ]
      }
    },
    {
      "type": "Feature",
      "id": "osm-23038885",
      "properties": {
        "osmid": 23038885,
        "name": "Muthiah Street",
        "highway": "residential",
        "highwayCategory": "Galli / Local Lane",
        "isGalli": true
      },
      "geometry": {
        "type": "LineString",
        "coordinates": [
          [
            80.2536651,
            13.0484677
          ],
          [
            80.2530257,
            13.0485545
          ],
          [
            80.2528578,
            13.0485773
          ],
          [
            80.2525011,
            13.0486257
          ],
          [
            80.252348,
            13.0486465
          ],
          [
            80.2522054,
            13.0486658
          ]
        ]
      }
    },
    {
      "type": "Feature",
      "id": "osm-23038886",
      "properties": {
        "osmid": 23038886,
        "name": "Local Corridor",
        "highway": "residential",
        "highwayCategory": "Galli / Local Lane",
        "isGalli": true
      },
      "geometry": {
        "type": "LineString",
        "coordinates": [
          [
            80.2507883,
            13.049137
          ],
          [
            80.2507266,
            13.0487396
          ]
        ]
      }
    },
    {
      "type": "Feature",
      "id": "osm-23038888",
      "properties": {
        "osmid": 23038888,
        "name": "Scheme Road",
        "highway": "residential",
        "highwayCategory": "Galli / Local Lane",
        "isGalli": true
      },
      "geometry": {
        "type": "LineString",
        "coordinates": [
          [
            80.2530787,
            13.0476763
          ],
          [
            80.2529126,
            13.0474507
          ],
          [
            80.252702,
            13.0471087
          ],
          [
            80.2524105,
            13.0465939
          ],
          [
            80.2521735,
            13.0461952
          ],
          [
            80.25209,
            13.0461087
          ]
        ]
      }
    },
    {
      "type": "Feature",
      "id": "osm-23038889",
      "properties": {
        "osmid": 23038889,
        "name": "Muthiah Street",
        "highway": "residential",
        "highwayCategory": "Galli / Local Lane",
        "isGalli": true
      },
      "geometry": {
        "type": "LineString",
        "coordinates": [
          [
            80.2522054,
            13.0486658
          ],
          [
            80.2519723,
            13.0487563
          ],
          [
            80.2515595,
            13.0489283
          ],
          [
            80.2514056,
            13.0486555
          ],
          [
            80.2513311,
            13.0485117
          ],
          [
            80.2512656,
            13.0483131
          ],
          [
            80.2511908,
            13.0479885
          ],
          [
            80.2511841,
            13.04787
          ],
          [
            80.2511706,
            13.0475842
          ],
          [
            80.2511923,
            13.0470276
          ],
          [
            80.251187,
            13.0467036
          ],
          [
            80.2511818,
            13.0463839
          ]
        ]
      }
    },
    {
      "type": "Feature",
      "id": "osm-23046391",
      "properties": {
        "osmid": 23046391,
        "name": "Vaidhanathan Street",
        "highway": "residential",
        "highwayCategory": "Galli / Local Lane",
        "isGalli": true
      },
      "geometry": {
        "type": "LineString",
        "coordinates": [
          [
            80.2321563,
            13.0705849
          ],
          [
            80.23209,
            13.0705454
          ]
        ]
      }
    },
    {
      "type": "Feature",
      "id": "osm-23046392",
      "properties": {
        "osmid": 23046392,
        "name": "Chari Road",
        "highway": "tertiary",
        "highwayCategory": "Municipal Thoroughfare",
        "isGalli": false
      },
      "geometry": {
        "type": "LineString",
        "coordinates": [
          [
            80.2324233,
            13.0703508
          ],
          [
            80.2324156,
            13.0703368
          ],
          [
            80.2323976,
            13.0702769
          ],
          [
            80.2323378,
            13.0700225
          ],
          [
            80.2323319,
            13.0699509
          ],
          [
            80.2323905,
            13.0697172
          ],
          [
            80.2324054,
            13.0696511
          ],
          [
            80.2324239,
            13.069515
          ],
          [
            80.2324099,
            13.0693546
          ],
          [
            80.2323948,
            13.0692518
          ],
          [
            80.2323357,
            13.069081
          ],
          [
            80.2322438,
            13.0689348
          ],
          [
            80.2321403,
            13.0688381
          ],
          [
            80.2318687,
            13.0687696
          ],
          [
            80.2318456,
            13.0687325
          ],
          [
            80.2318254,
            13.0686565
          ]
        ]
      }
    },
    {
      "type": "Feature",
      "id": "osm-23046393",
      "properties": {
        "osmid": 23046393,
        "name": "Mayor Sathiyamoorthy Road",
        "highway": "residential",
        "highwayCategory": "Galli / Local Lane",
        "isGalli": true
      },
      "geometry": {
        "type": "LineString",
        "coordinates": [
          [
            80.2457538,
            13.0735611
          ],
          [
            80.2464355,
            13.0736341
          ],
          [
            80.2467317,
            13.0736674
          ],
          [
            80.2470719,
            13.0737004
          ],
          [
            80.247609,
            13.0737526
          ],
          [
            80.247713,
            13.0737627
          ],
          [
            80.2480032,
            13.0737908
          ],
          [
            80.2482787,
            13.0738174
          ],
          [
            80.248767,
            13.0738647
          ],
          [
            80.2490078,
            13.0738966
          ],
          [
            80.2491281,
            13.0739125
          ],
          [
            80.2493888,
            13.0739449
          ],
          [
            80.2496506,
            13.0739775
          ],
          [
            80.2502624,
            13.074041
          ],
          [
            80.2507504,
            13.0740916
          ],
          [
            80.2518439,
            13.0741716
          ],
          [
            80.2522159,
            13.0741693
          ],
          [
            80.2522682,
            13.0741717
          ],
          [
            80.2523864,
            13.0742045
          ]
        ]
      }
    },
    {
      "type": "Feature",
      "id": "osm-23046395",
      "properties": {
        "osmid": 23046395,
        "name": "Local Corridor",
        "highway": "residential",
        "highwayCategory": "Galli / Local Lane",
        "isGalli": true
      },
      "geometry": {
        "type": "LineString",
        "coordinates": [
          [
            80.2457538,
            13.0735611
          ],
          [
            80.2457433,
            13.0736932
          ],
          [
            80.244983,
            13.0735972
          ],
          [
            80.244779,
            13.073583
          ],
          [
            80.2446547,
            13.0735744
          ],
          [
            80.2438879,
            13.0734841
          ]
        ]
      }
    },
    {
      "type": "Feature",
      "id": "osm-23046401",
      "properties": {
        "osmid": 23046401,
        "name": "Besant Road",
        "highway": "secondary",
        "highwayCategory": "Municipal Thoroughfare",
        "isGalli": false
      },
      "geometry": {
        "type": "LineString",
        "coordinates": [
          [
            80.2737522,
            13.0527706
          ],
          [
            80.2749255,
            13.0523889
          ],
          [
            80.2750882,
            13.0523398
          ],
          [
            80.2754042,
            13.0522258
          ],
          [
            80.2756688,
            13.052113
          ],
          [
            80.2757092,
            13.0520958
          ],
          [
            80.2761481,
            13.0519316
          ],
          [
            80.2762002,
            13.0519121
          ],
          [
            80.2762674,
            13.0518837
          ],
          [
            80.276502,
            13.0517843
          ],
          [
            80.27705,
            13.0516149
          ],
          [
            80.2773956,
            13.0514809
          ],
          [
            80.2783653,
            13.0511098
          ],
          [
            80.2786128,
            13.0510074
          ],
          [
            80.27868,
            13.0509882
          ],
          [
            80.2788096,
            13.050938
          ]
        ]
      }
    },
    {
      "type": "Feature",
      "id": "osm-23046402",
      "properties": {
        "osmid": 23046402,
        "name": "Dr Natesan Road",
        "highway": "secondary",
        "highwayCategory": "Municipal Thoroughfare",
        "isGalli": false
      },
      "geometry": {
        "type": "LineString",
        "coordinates": [
          [
            80.2742963,
            13.043454
          ],
          [
            80.2742672,
            13.0440694
          ],
          [
            80.2743274,
            13.0447383
          ],
          [
            80.2743402,
            13.0448858
          ],
          [
            80.2743568,
            13.0450782
          ],
          [
            80.2743695,
            13.0456446
          ],
          [
            80.2743861,
            13.0457494
          ],
          [
            80.2744615,
            13.0461653
          ],
          [
            80.2745167,
            13.0464697
          ],
          [
            80.2745334,
            13.0466571
          ],
          [
            80.2745848,
            13.0469375
          ],
          [
            80.2745814,
            13.0470993
          ],
          [
            80.2745601,
            13.0473301
          ],
          [
            80.2745657,
            13.047619
          ],
          [
            80.274577,
            13.0479785
          ],
          [
            80.2745863,
            13.0481981
          ],
          [
            80.274595,
            13.048402
          ],
          [
            80.2746046,
            13.048624
          ],
          [
            80.2746072,
            13.0489118
          ],
          [
            80.2746007,
            13.0489871
          ],
          [
            80.2745166,
            13.0491883
          ],
          [
            80.2744697,
            13.0493873
          ],
          [
            80.2744462,
            13.0495039
          ],
          [
            80.274403,
            13.0499969
          ],
          [
            80.2743652,
            13.0502855
          ],
          [
            80.2742919,
            13.0506808
          ],
          [
            80.2742741,
            13.0508378
          ],
          [
            80.2742131,
            13.0511111
          ],
          [
            80.2741651,
            13.0513531
          ],
          [
            80.2740603,
            13.0517874
          ],
          [
            80.2740466,
            13.0518418
          ],
          [
            80.2739484,
            13.052233
          ],
          [
            80.2739318,
            13.0523025
          ],
          [
            80.2737522,
            13.0527706
          ]
        ]
      }
    },
    {
      "type": "Feature",
      "id": "osm-23046724",
      "properties": {
        "osmid": 23046724,
        "name": "Local Corridor",
        "highway": "residential",
        "highwayCategory": "Galli / Local Lane",
        "isGalli": true
      },
      "geometry": {
        "type": "LineString",
        "coordinates": [
          [
            80.2347,
            13.0631195
          ],
          [
            80.2347073,
            13.0627965
          ],
          [
            80.2347294,
            13.0616874
          ],
          [
            80.2348512,
            13.0616388
          ],
          [
            80.2349426,
            13.0616281
          ],
          [
            80.2354161,
            13.0616496
          ],
          [
            80.2354992,
            13.0616361
          ],
          [
            80.2358232,
            13.0614203
          ],
          [
            80.2358342,
            13.061361
          ],
          [
            80.2358475,
            13.0602092
          ],
          [
            80.2358514,
            13.0598764
          ],
          [
            80.2358611,
            13.0592829
          ],
          [
            80.2358696,
            13.0587584
          ],
          [
            80.2364744,
            13.0587653
          ]
        ]
      }
    },
    {
      "type": "Feature",
      "id": "osm-23046726",
      "properties": {
        "osmid": 23046726,
        "name": "Local Corridor",
        "highway": "secondary_link",
        "highwayCategory": "Galli / Local Lane",
        "isGalli": true
      },
      "geometry": {
        "type": "LineString",
        "coordinates": [
          [
            80.2361806,
            13.0629321
          ],
          [
            80.2360811,
            13.0628092
          ],
          [
            80.2358816,
            13.0628176
          ]
        ]
      }
    },
    {
      "type": "Feature",
      "id": "osm-23046727",
      "properties": {
        "osmid": 23046727,
        "name": "Wheatcrofts Road",
        "highway": "residential",
        "highwayCategory": "Galli / Local Lane",
        "isGalli": true
      },
      "geometry": {
        "type": "LineString",
        "coordinates": [
          [
            80.2435271,
            13.0647739
          ],
          [
            80.2431945,
            13.064726
          ],
          [
            80.2429447,
            13.06469
          ],
          [
            80.2427062,
            13.0646556
          ],
          [
            80.2413996,
            13.0644675
          ],
          [
            80.2413176,
            13.0644817
          ]
        ]
      }
    },
    {
      "type": "Feature",
      "id": "osm-23046728",
      "properties": {
        "osmid": 23046728,
        "name": "Sivaganga Road",
        "highway": "residential",
        "highwayCategory": "Galli / Local Lane",
        "isGalli": true
      },
      "geometry": {
        "type": "LineString",
        "coordinates": [
          [
            80.2413176,
            13.0644817
          ],
          [
            80.2413367,
            13.0651134
          ],
          [
            80.2413437,
            13.0653432
          ]
        ]
      }
    },
    {
      "type": "Feature",
      "id": "osm-23046730",
      "properties": {
        "osmid": 23046730,
        "name": "Sterling Road",
        "highway": "secondary",
        "highwayCategory": "Municipal Thoroughfare",
        "isGalli": false
      },
      "geometry": {
        "type": "LineString",
        "coordinates": [
          [
            80.2433294,
            13.0657283
          ],
          [
            80.2429663,
            13.0656423
          ],
          [
            80.2426189,
            13.0655601
          ],
          [
            80.2413437,
            13.0653432
          ],
          [
            80.2403551,
            13.0651719
          ],
          [
            80.2394501,
            13.0650151
          ],
          [
            80.2389544,
            13.0650046
          ],
          [
            80.2378369,
            13.0648586
          ],
          [
            80.2377283,
            13.0648444
          ],
          [
            80.2374657,
            13.0647783
          ],
          [
            80.2371921,
            13.0646843
          ],
          [
            80.236921,
            13.0645921
          ],
          [
            80.2366214,
            13.0644531
          ],
          [
            80.2363844,
            13.0643375
          ]
        ]
      }
    },
    {
      "type": "Feature",
      "id": "osm-23047576",
      "properties": {
        "osmid": 23047576,
        "name": "RA Puram 2nd Main Road",
        "highway": "secondary",
        "highwayCategory": "Municipal Thoroughfare",
        "isGalli": false
      },
      "geometry": {
        "type": "LineString",
        "coordinates": [
          [
            80.2543568,
            13.0271317
          ],
          [
            80.2554072,
            13.027091
          ],
          [
            80.2560073,
            13.0270902
          ],
          [
            80.2565744,
            13.0270995
          ],
          [
            80.2567552,
            13.0270982
          ],
          [
            80.25716,
            13.0270968
          ],
          [
            80.2572099,
            13.0270949
          ],
          [
            80.257295,
            13.0270926
          ],
          [
            80.2573222,
            13.0270914
          ],
          [
            80.2574615,
            13.0270855
          ],
          [
            80.2578915,
            13.0270672
          ],
          [
            80.2599259,
            13.0270889
          ],
          [
            80.2600273,
            13.0270922
          ]
        ]
      }
    },
    {
      "type": "Feature",
      "id": "osm-23047578",
      "properties": {
        "osmid": 23047578,
        "name": "Turnbulls Road",
        "highway": "tertiary",
        "highwayCategory": "Municipal Thoroughfare",
        "isGalli": false
      },
      "geometry": {
        "type": "LineString",
        "coordinates": [
          [
            80.2450844,
            13.0275807
          ],
          [
            80.2451043,
            13.0276243
          ],
          [
            80.2452932,
            13.027703
          ],
          [
            80.245456,
            13.0278129
          ],
          [
            80.2455207,
            13.0279277
          ],
          [
            80.2455803,
            13.0284003
          ],
          [
            80.2456205,
            13.0288618
          ],
          [
            80.2456341,
            13.0293759
          ],
          [
            80.2456494,
            13.0295278
          ],
          [
            80.2456523,
            13.0295607
          ],
          [
            80.2456563,
            13.0296374
          ]
        ]
      }
    },
    {
      "type": "Feature",
      "id": "osm-23047834",
      "properties": {
        "osmid": 23047834,
        "name": "Muthurangam Road",
        "highway": "residential",
        "highwayCategory": "Galli / Local Lane",
        "isGalli": true
      },
      "geometry": {
        "type": "LineString",
        "coordinates": [
          [
            80.2285638,
            13.029133
          ],
          [
            80.2285766,
            13.0296883
          ],
          [
            80.2286202,
            13.0303505
          ]
        ]
      }
    },
    {
      "type": "Feature",
      "id": "osm-23047839",
      "properties": {
        "osmid": 23047839,
        "name": "Mahalakshmi Street",
        "highway": "residential",
        "highwayCategory": "Galli / Local Lane",
        "isGalli": true
      },
      "geometry": {
        "type": "LineString",
        "coordinates": [
          [
            80.2335305,
            13.0351646
          ],
          [
            80.2305828,
            13.0360152
          ]
        ]
      }
    },
    {
      "type": "Feature",
      "id": "osm-23047841",
      "properties": {
        "osmid": 23047841,
        "name": "Soundarajan Street",
        "highway": "residential",
        "highwayCategory": "Galli / Local Lane",
        "isGalli": true
      },
      "geometry": {
        "type": "LineString",
        "coordinates": [
          [
            80.2338504,
            13.036459
          ],
          [
            80.2358869,
            13.0359989
          ],
          [
            80.2359834,
            13.0360331
          ],
          [
            80.2363691,
            13.0362747
          ]
        ]
      }
    },
    {
      "type": "Feature",
      "id": "osm-23047844",
      "properties": {
        "osmid": 23047844,
        "name": "Hensman Road",
        "highway": "residential",
        "highwayCategory": "Galli / Local Lane",
        "isGalli": true
      },
      "geometry": {
        "type": "LineString",
        "coordinates": [
          [
            80.2355623,
            13.037729
          ],
          [
            80.2354734,
            13.0376837
          ],
          [
            80.2353704,
            13.0375866
          ],
          [
            80.235228,
            13.0374071
          ],
          [
            80.2351909,
            13.0372647
          ],
          [
            80.2351909,
            13.0370789
          ],
          [
            80.2352466,
            13.0369613
          ],
          [
            80.2354261,
            13.0367199
          ],
          [
            80.2356242,
            13.0366518
          ],
          [
            80.2358719,
            13.0366703
          ],
          [
            80.2360103,
            13.0367261
          ],
          [
            80.2360711,
            13.0367601
          ],
          [
            80.2361488,
            13.0368214
          ]
        ]
      }
    },
    {
      "type": "Feature",
      "id": "osm-23047845",
      "properties": {
        "osmid": 23047845,
        "name": "kannadsan street",
        "highway": "residential",
        "highwayCategory": "Galli / Local Lane",
        "isGalli": true
      },
      "geometry": {
        "type": "LineString",
        "coordinates": [
          [
            80.2352466,
            13.0369613
          ],
          [
            80.2340129,
            13.037205
          ]
        ]
      }
    },
    {
      "type": "Feature",
      "id": "osm-23047846",
      "properties": {
        "osmid": 23047846,
        "name": "Nandanam Link Road",
        "highway": "tertiary",
        "highwayCategory": "Municipal Thoroughfare",
        "isGalli": false
      },
      "geometry": {
        "type": "LineString",
        "coordinates": [
          [
            80.2371576,
            13.0311621
          ],
          [
            80.2371813,
            13.0311257
          ],
          [
            80.2377393,
            13.0300698
          ]
        ]
      }
    },
    {
      "type": "Feature",
      "id": "osm-23047847",
      "properties": {
        "osmid": 23047847,
        "name": "Sadulla Street",
        "highway": "tertiary",
        "highwayCategory": "Municipal Thoroughfare",
        "isGalli": false
      },
      "geometry": {
        "type": "LineString",
        "coordinates": [
          [
            80.2369969,
            13.0331386
          ],
          [
            80.2352243,
            13.0330905
          ],
          [
            80.2341098,
            13.0330878
          ]
        ]
      }
    },
    {
      "type": "Feature",
      "id": "osm-23047850",
      "properties": {
        "osmid": 23047850,
        "name": "Damodaran Street",
        "highway": "residential",
        "highwayCategory": "Galli / Local Lane",
        "isGalli": true
      },
      "geometry": {
        "type": "LineString",
        "coordinates": [
          [
            80.233041,
            13.0335202
          ],
          [
            80.2305287,
            13.0335813
          ]
        ]
      }
    },
    {
      "type": "Feature",
      "id": "osm-23047851",
      "properties": {
        "osmid": 23047851,
        "name": "Srinivasa Street",
        "highway": "residential",
        "highwayCategory": "Galli / Local Lane",
        "isGalli": true
      },
      "geometry": {
        "type": "LineString",
        "coordinates": [
          [
            80.2306952,
            13.0314788
          ],
          [
            80.2329544,
            13.0317483
          ]
        ]
      }
    },
    {
      "type": "Feature",
      "id": "osm-23047852",
      "properties": {
        "osmid": 23047852,
        "name": "Gopal Street",
        "highway": "residential",
        "highwayCategory": "Galli / Local Lane",
        "isGalli": true
      },
      "geometry": {
        "type": "LineString",
        "coordinates": [
          [
            80.2306329,
            13.0322737
          ],
          [
            80.2329955,
            13.0323349
          ]
        ]
      }
    },
    {
      "type": "Feature",
      "id": "osm-23047853",
      "properties": {
        "osmid": 23047853,
        "name": "Shivaji Street",
        "highway": "residential",
        "highwayCategory": "Galli / Local Lane",
        "isGalli": true
      },
      "geometry": {
        "type": "LineString",
        "coordinates": [
          [
            80.2330304,
            13.033015
          ],
          [
            80.2318104,
            13.0329946
          ],
          [
            80.2305599,
            13.0330157
          ]
        ]
      }
    },
    {
      "type": "Feature",
      "id": "osm-23047854",
      "properties": {
        "osmid": 23047854,
        "name": "South Dhandapani Street",
        "highway": "tertiary",
        "highwayCategory": "Municipal Thoroughfare",
        "isGalli": false
      },
      "geometry": {
        "type": "LineString",
        "coordinates": [
          [
            80.2331176,
            13.0346618
          ],
          [
            80.2330687,
            13.0341001
          ],
          [
            80.2330488,
            13.0336945
          ],
          [
            80.233041,
            13.0335202
          ],
          [
            80.2330304,
            13.033015
          ],
          [
            80.2330132,
            13.0325947
          ],
          [
            80.2329955,
            13.0323349
          ],
          [
            80.2329544,
            13.0317483
          ],
          [
            80.2329217,
            13.031206
          ]
        ]
      }
    },
    {
      "type": "Feature",
      "id": "osm-23047855",
      "properties": {
        "osmid": 23047855,
        "name": "Mannar Street",
        "highway": "residential",
        "highwayCategory": "Galli / Local Lane",
        "isGalli": true
      },
      "geometry": {
        "type": "LineString",
        "coordinates": [
          [
            80.2330687,
            13.0341001
          ],
          [
            80.2320887,
            13.0341809
          ],
          [
            80.2315212,
            13.0342093
          ],
          [
            80.2311697,
            13.0342376
          ],
          [
            80.2304553,
            13.0342627
          ]
        ]
      }
    },
    {
      "type": "Feature",
      "id": "osm-23047856",
      "properties": {
        "osmid": 23047856,
        "name": "Abdul Azeez Street",
        "highway": "residential",
        "highwayCategory": "Galli / Local Lane",
        "isGalli": true
      },
      "geometry": {
        "type": "LineString",
        "coordinates": [
          [
            80.2370398,
            13.0324669
          ],
          [
            80.2352443,
            13.0324559
          ],
          [
            80.2346949,
            13.0324415
          ],
          [
            80.2341171,
            13.0324524
          ]
        ]
      }
    },
    {
      "type": "Feature",
      "id": "osm-23066164",
      "properties": {
        "osmid": 23066164,
        "name": "Gengu Reddy Road",
        "highway": "secondary",
        "highwayCategory": "Municipal Thoroughfare",
        "isGalli": false
      },
      "geometry": {
        "type": "LineString",
        "coordinates": [
          [
            80.2523215,
            13.0740496
          ],
          [
            80.2522682,
            13.0741717
          ],
          [
            80.2522583,
            13.0742112
          ],
          [
            80.2522315,
            13.0743914
          ],
          [
            80.2522181,
            13.0746177
          ],
          [
            80.252256,
            13.074681
          ]
        ]
      }
    },
    {
      "type": "Feature",
      "id": "osm-23066181",
      "properties": {
        "osmid": 23066181,
        "name": "Halls Road",
        "highway": "secondary",
        "highwayCategory": "Municipal Thoroughfare",
        "isGalli": false
      },
      "geometry": {
        "type": "LineString",
        "coordinates": [
          [
            80.257504,
            13.0745092
          ],
          [
            80.2572539,
            13.0742118
          ],
          [
            80.2567486,
            13.0737588
          ],
          [
            80.2565865,
            13.0736022
          ],
          [
            80.2563807,
            13.0734034
          ],
          [
            80.2555346,
            13.0725861
          ],
          [
            80.2553049,
            13.0723642
          ],
          [
            80.2552279,
            13.0722898
          ],
          [
            80.255133,
            13.0721982
          ],
          [
            80.2543193,
            13.071412
          ],
          [
            80.2542304,
            13.0713294
          ],
          [
            80.2541501,
            13.0712548
          ],
          [
            80.2541266,
            13.0712306
          ]
        ]
      }
    },
    {
      "type": "Feature",
      "id": "osm-23075452",
      "properties": {
        "osmid": 23075452,
        "name": "Muniappa Road",
        "highway": "residential",
        "highwayCategory": "Galli / Local Lane",
        "isGalli": true
      },
      "geometry": {
        "type": "LineString",
        "coordinates": [
          [
            80.24327,
            13.0793799
          ],
          [
            80.2433132,
            13.0797042
          ],
          [
            80.2433976,
            13.0803371
          ],
          [
            80.2434544,
            13.0808117
          ],
          [
            80.2435685,
            13.0816382
          ],
          [
            80.243587,
            13.0817728
          ],
          [
            80.2435899,
            13.0817935
          ],
          [
            80.2436356,
            13.0821449
          ]
        ]
      }
    },
    {
      "type": "Feature",
      "id": "osm-23075455",
      "properties": {
        "osmid": 23075455,
        "name": "Local Corridor",
        "highway": "primary",
        "highwayCategory": "Municipal Thoroughfare",
        "isGalli": false
      },
      "geometry": {
        "type": "LineString",
        "coordinates": [
          [
            80.2405428,
            13.0738862
          ],
          [
            80.2405115,
            13.0740882
          ],
          [
            80.2404783,
            13.0759566
          ],
          [
            80.2404861,
            13.0762151
          ],
          [
            80.2405661,
            13.0767151
          ],
          [
            80.2405962,
            13.0769731
          ]
        ]
      }
    },
    {
      "type": "Feature",
      "id": "osm-23075470",
      "properties": {
        "osmid": 23075470,
        "name": "Local Corridor",
        "highway": "residential",
        "highwayCategory": "Galli / Local Lane",
        "isGalli": true
      },
      "geometry": {
        "type": "LineString",
        "coordinates": [
          [
            80.24327,
            13.0793799
          ],
          [
            80.2439566,
            13.0793632
          ],
          [
            80.2445231,
            13.0793214
          ]
        ]
      }
    },
    {
      "type": "Feature",
      "id": "osm-23075476",
      "properties": {
        "osmid": 23075476,
        "name": "Local Corridor",
        "highway": "residential",
        "highwayCategory": "Galli / Local Lane",
        "isGalli": true
      },
      "geometry": {
        "type": "LineString",
        "coordinates": [
          [
            80.2407294,
            13.0790789
          ],
          [
            80.2398181,
            13.0790779
          ],
          [
            80.2395195,
            13.0790799
          ]
        ]
      }
    },
    {
      "type": "Feature",
      "id": "osm-23075542",
      "properties": {
        "osmid": 23075542,
        "name": "Cathedral Road",
        "highway": "primary",
        "highwayCategory": "Municipal Thoroughfare",
        "isGalli": false
      },
      "geometry": {
        "type": "LineString",
        "coordinates": [
          [
            80.2536651,
            13.0484677
          ],
          [
            80.2533913,
            13.0490685
          ],
          [
            80.2532919,
            13.0492867
          ],
          [
            80.2532687,
            13.0493377
          ],
          [
            80.2532585,
            13.0493601
          ],
          [
            80.2531295,
            13.0495773
          ],
          [
            80.2531164,
            13.0495993
          ],
          [
            80.2530512,
            13.0496873
          ],
          [
            80.2529169,
            13.0498622
          ],
          [
            80.2528067,
            13.0500108
          ],
          [
            80.2526294,
            13.0502363
          ],
          [
            80.2514261,
            13.0517573
          ],
          [
            80.2513137,
            13.0518672
          ],
          [
            80.251161,
            13.0519536
          ]
        ]
      }
    },
    {
      "type": "Feature",
      "id": "osm-23075555",
      "properties": {
        "osmid": 23075555,
        "name": "Local Corridor",
        "highway": "primary_link",
        "highwayCategory": "Galli / Local Lane",
        "isGalli": true
      },
      "geometry": {
        "type": "LineString",
        "coordinates": [
          [
            80.251161,
            13.0519536
          ],
          [
            80.2510577,
            13.0519046
          ],
          [
            80.2509638,
            13.0518556
          ],
          [
            80.2509077,
            13.0517976
          ],
          [
            80.2508314,
            13.0516892
          ],
          [
            80.2508063,
            13.0515588
          ],
          [
            80.2507536,
            13.0509206
          ],
          [
            80.2507229,
            13.0507948
          ],
          [
            80.2506624,
            13.0506972
          ],
          [
            80.2505422,
            13.050628
          ],
          [
            80.2502488,
            13.0505526
          ],
          [
            80.2502323,
            13.0505472
          ],
          [
            80.250145,
            13.0504782
          ],
          [
            80.2500941,
            13.0503728
          ],
          [
            80.2499671,
            13.0499892
          ],
          [
            80.2499266,
            13.0498951
          ],
          [
            80.2499002,
            13.0498371
          ]
        ]
      }
    },
    {
      "type": "Feature",
      "id": "osm-23079581",
      "properties": {
        "osmid": 23079581,
        "name": "RajaLaxmi Nagar 3rd Main Road",
        "highway": "tertiary",
        "highwayCategory": "Municipal Thoroughfare",
        "isGalli": false
      },
      "geometry": {
        "type": "LineString",
        "coordinates": [
          [
            80.217938,
            12.9842224
          ],
          [
            80.2185792,
            12.9843056
          ],
          [
            80.2187995,
            12.9843314
          ],
          [
            80.218905,
            12.9843438
          ],
          [
            80.2189374,
            12.9843476
          ],
          [
            80.219046,
            12.9843603
          ],
          [
            80.2190934,
            12.9843659
          ]
        ]
      }
    },
    {
      "type": "Feature",
      "id": "osm-23110059",
      "properties": {
        "osmid": 23110059,
        "name": "Kasturibai Nagar 3rd Cross Street",
        "highway": "tertiary",
        "highwayCategory": "Municipal Thoroughfare",
        "isGalli": false
      },
      "geometry": {
        "type": "LineString",
        "coordinates": [
          [
            80.2516348,
            13.0067735
          ],
          [
            80.2516521,
            13.0066774
          ],
          [
            80.2516572,
            13.0065821
          ],
          [
            80.2516818,
            13.0061234
          ],
          [
            80.2516772,
            13.0058074
          ],
          [
            80.2516663,
            13.0050258
          ],
          [
            80.2516718,
            13.0042544
          ],
          [
            80.2517451,
            13.0036601
          ],
          [
            80.251826,
            13.0031539
          ],
          [
            80.2519261,
            13.0026108
          ],
          [
            80.25201,
            13.0019371
          ],
          [
            80.2520206,
            13.0013222
          ],
          [
            80.2520353,
            13.0008314
          ],
          [
            80.2520225,
            13.0004115
          ],
          [
            80.2520192,
            13.000301
          ],
          [
            80.2520046,
            13.000064
          ],
          [
            80.2520022,
            12.9996575
          ],
          [
            80.2520337,
            12.9994917
          ]
        ]
      }
    },
    {
      "type": "Feature",
      "id": "osm-23110060",
      "properties": {
        "osmid": 23110060,
        "name": "Adyar Flyover",
        "highway": "secondary",
        "highwayCategory": "Municipal Thoroughfare",
        "isGalli": false
      },
      "geometry": {
        "type": "LineString",
        "coordinates": [
          [
            80.2577905,
            13.0067676
          ],
          [
            80.2575881,
            13.0065368
          ],
          [
            80.2574863,
            13.0063171
          ],
          [
            80.257451,
            13.0061603
          ],
          [
            80.2574199,
            13.0059882
          ],
          [
            80.2572671,
            13.0052844
          ]
        ]
      }
    },
    {
      "type": "Feature",
      "id": "osm-23110061",
      "properties": {
        "osmid": 23110061,
        "name": "Sardar Patel Road",
        "highway": "primary",
        "highwayCategory": "Municipal Thoroughfare",
        "isGalli": false
      },
      "geometry": {
        "type": "LineString",
        "coordinates": [
          [
            80.2577917,
            13.0066539
          ],
          [
            80.2575961,
            13.0065905
          ],
          [
            80.2574878,
            13.0065529
          ],
          [
            80.2570954,
            13.0065069
          ],
          [
            80.2569832,
            13.0065041
          ],
          [
            80.2551868,
            13.006489
          ],
          [
            80.2551166,
            13.0065443
          ]
        ]
      }
    },
    {
      "type": "Feature",
      "id": "osm-23110065",
      "properties": {
        "osmid": 23110065,
        "name": "Thiru Vi Ka Bridge",
        "highway": "primary",
        "highwayCategory": "Municipal Thoroughfare",
        "isGalli": false
      },
      "geometry": {
        "type": "LineString",
        "coordinates": [
          [
            80.2592891,
            13.0147115
          ],
          [
            80.2591881,
            13.0116452
          ]
        ]
      }
    },
    {
      "type": "Feature",
      "id": "osm-23110067",
      "properties": {
        "osmid": 23110067,
        "name": "Sardar Patel Road",
        "highway": "primary",
        "highwayCategory": "Municipal Thoroughfare",
        "isGalli": false
      },
      "geometry": {
        "type": "LineString",
        "coordinates": [
          [
            80.2591859,
            13.0107556
          ],
          [
            80.2592319,
            13.0106722
          ],
          [
            80.2592496,
            13.0104118
          ],
          [
            80.2592507,
            13.0101893
          ],
          [
            80.2592466,
            13.0099254
          ],
          [
            80.2592391,
            13.0096341
          ],
          [
            80.2591946,
            13.0087027
          ]
        ]
      }
    },
    {
      "type": "Feature",
      "id": "osm-23110068",
      "properties": {
        "osmid": 23110068,
        "name": "Local Corridor",
        "highway": "secondary",
        "highwayCategory": "Municipal Thoroughfare",
        "isGalli": false
      },
      "geometry": {
        "type": "LineString",
        "coordinates": [
          [
            80.2594277,
            13.007651
          ],
          [
            80.2596378,
            13.0074287
          ]
        ]
      }
    },
    {
      "type": "Feature",
      "id": "osm-23110071",
      "properties": {
        "osmid": 23110071,
        "name": "Thiru Vi Ka Bridge",
        "highway": "primary",
        "highwayCategory": "Municipal Thoroughfare",
        "isGalli": false
      },
      "geometry": {
        "type": "LineString",
        "coordinates": [
          [
            80.2590537,
            13.0116503
          ],
          [
            80.2591725,
            13.0147153
          ]
        ]
      }
    },
    {
      "type": "Feature",
      "id": "osm-23110072",
      "properties": {
        "osmid": 23110072,
        "name": "Local Corridor",
        "highway": "primary_link",
        "highwayCategory": "Galli / Local Lane",
        "isGalli": true
      },
      "geometry": {
        "type": "LineString",
        "coordinates": [
          [
            80.2589687,
            13.0082519
          ],
          [
            80.2591001,
            13.0080565
          ],
          [
            80.2592592,
            13.0079965
          ]
        ]
      }
    },
    {
      "type": "Feature",
      "id": "osm-23110073",
      "properties": {
        "osmid": 23110073,
        "name": "3rd Cross Street",
        "highway": "residential",
        "highwayCategory": "Galli / Local Lane",
        "isGalli": true
      },
      "geometry": {
        "type": "LineString",
        "coordinates": [
          [
            80.2514706,
            13.006868
          ],
          [
            80.2514917,
            13.0073332
          ],
          [
            80.2515048,
            13.0077818
          ],
          [
            80.2515241,
            13.0082793
          ],
          [
            80.2515361,
            13.0086779
          ],
          [
            80.2515526,
            13.0091969
          ],
          [
            80.2515709,
            13.0096136
          ]
        ]
      }
    },
    {
      "type": "Feature",
      "id": "osm-23110074",
      "properties": {
        "osmid": 23110074,
        "name": "1st Canal Cross Street",
        "highway": "residential",
        "highwayCategory": "Galli / Local Lane",
        "isGalli": true
      },
      "geometry": {
        "type": "LineString",
        "coordinates": [
          [
            80.2486514,
            13.0085486
          ],
          [
            80.2502396,
            13.0084631
          ]
        ]
      }
    },
    {
      "type": "Feature",
      "id": "osm-23110075",
      "properties": {
        "osmid": 23110075,
        "name": "2nd Canal Cross Street",
        "highway": "residential",
        "highwayCategory": "Galli / Local Lane",
        "isGalli": true
      },
      "geometry": {
        "type": "LineString",
        "coordinates": [
          [
            80.248722,
            13.0091332
          ],
          [
            80.2502629,
            13.0090432
          ]
        ]
      }
    },
    {
      "type": "Feature",
      "id": "osm-23110076",
      "properties": {
        "osmid": 23110076,
        "name": "4th Cross Street",
        "highway": "residential",
        "highwayCategory": "Galli / Local Lane",
        "isGalli": true
      },
      "geometry": {
        "type": "LineString",
        "coordinates": [
          [
            80.2502004,
            13.0078359
          ],
          [
            80.2502343,
            13.0083317
          ],
          [
            80.2502396,
            13.0084631
          ],
          [
            80.2502472,
            13.0087548
          ],
          [
            80.2502629,
            13.0090432
          ],
          [
            80.2502829,
            13.009668
          ]
        ]
      }
    },
    {
      "type": "Feature",
      "id": "osm-23110077",
      "properties": {
        "osmid": 23110077,
        "name": "Gandhi Nagar 2nd Main Road",
        "highway": "residential",
        "highwayCategory": "Galli / Local Lane",
        "isGalli": true
      },
      "geometry": {
        "type": "LineString",
        "coordinates": [
          [
            80.2485467,
            13.0079023
          ],
          [
            80.2501189,
            13.0078344
          ],
          [
            80.2502004,
            13.0078359
          ],
          [
            80.2515048,
            13.0077818
          ],
          [
            80.2544436,
            13.0076457
          ],
          [
            80.256868,
            13.0075692
          ],
          [
            80.2570072,
            13.0075997
          ],
          [
            80.2571153,
            13.0076289
          ],
          [
            80.2572687,
            13.0077082
          ],
          [
            80.2574224,
            13.0078248
          ],
          [
            80.2576244,
            13.0080194
          ],
          [
            80.2577529,
            13.0081777
          ],
          [
            80.2577988,
            13.0082506
          ],
          [
            80.257843,
            13.008351
          ],
          [
            80.2578652,
            13.0084174
          ],
          [
            80.2578906,
            13.0084963
          ],
          [
            80.2579151,
            13.0085954
          ],
          [
            80.2579664,
            13.0088029
          ],
          [
            80.2580029,
            13.0093316
          ]
        ]
      }
    },
    {
      "type": "Feature",
      "id": "osm-23110082",
      "properties": {
        "osmid": 23110082,
        "name": "2nd Cross Street",
        "highway": "residential",
        "highwayCategory": "Galli / Local Lane",
        "isGalli": true
      },
      "geometry": {
        "type": "LineString",
        "coordinates": [
          [
            80.2544176,
            13.0066002
          ],
          [
            80.2544138,
            13.0067192
          ],
          [
            80.2544166,
            13.0072129
          ],
          [
            80.2544436,
            13.0076457
          ],
          [
            80.2544743,
            13.0081382
          ],
          [
            80.2545017,
            13.0085671
          ],
          [
            80.2545417,
            13.0094942
          ]
        ]
      }
    },
    {
      "type": "Feature",
      "id": "osm-23110083",
      "properties": {
        "osmid": 23110083,
        "name": "B. Ramachandra Adithanar Road",
        "highway": "residential",
        "highwayCategory": "Galli / Local Lane",
        "isGalli": true
      },
      "geometry": {
        "type": "LineString",
        "coordinates": [
          [
            80.2488098,
            13.0097576
          ],
          [
            80.2502829,
            13.009668
          ],
          [
            80.2515709,
            13.0096136
          ],
          [
            80.2526432,
            13.0095649
          ],
          [
            80.2536394,
            13.0095304
          ],
          [
            80.2545417,
            13.0094942
          ],
          [
            80.2576163,
            13.0093654
          ],
          [
            80.2580029,
            13.0093316
          ],
          [
            80.2584529,
            13.0093037
          ],
          [
            80.2587131,
            13.0092828
          ]
        ]
      }
    },
    {
      "type": "Feature",
      "id": "osm-23110087",
      "properties": {
        "osmid": 23110087,
        "name": "2nd Main Road",
        "highway": "residential",
        "highwayCategory": "Galli / Local Lane",
        "isGalli": true
      },
      "geometry": {
        "type": "LineString",
        "coordinates": [
          [
            80.2536394,
            13.0095304
          ],
          [
            80.2535753,
            13.0099496
          ],
          [
            80.2534973,
            13.0102738
          ],
          [
            80.2534816,
            13.0103392
          ],
          [
            80.2533107,
            13.0106757
          ],
          [
            80.2530881,
            13.0109322
          ],
          [
            80.2528206,
            13.0111942
          ],
          [
            80.2519922,
            13.0117976
          ]
        ]
      }
    },
    {
      "type": "Feature",
      "id": "osm-23110088",
      "properties": {
        "osmid": 23110088,
        "name": "3rd Main Road",
        "highway": "residential",
        "highwayCategory": "Galli / Local Lane",
        "isGalli": true
      },
      "geometry": {
        "type": "LineString",
        "coordinates": [
          [
            80.2522142,
            13.0103885
          ],
          [
            80.2524016,
            13.0102011
          ],
          [
            80.2525742,
            13.00992
          ],
          [
            80.2526432,
            13.0095649
          ]
        ]
      }
    },
    {
      "type": "Feature",
      "id": "osm-23110092",
      "properties": {
        "osmid": 23110092,
        "name": "Local Corridor",
        "highway": "primary",
        "highwayCategory": "Municipal Thoroughfare",
        "isGalli": false
      },
      "geometry": {
        "type": "LineString",
        "coordinates": [
          [
            80.2591881,
            13.0116452
          ],
          [
            80.2591938,
            13.0109976
          ],
          [
            80.2591859,
            13.0107556
          ]
        ]
      }
    },
    {
      "type": "Feature",
      "id": "osm-23110093",
      "properties": {
        "osmid": 23110093,
        "name": "Local Corridor",
        "highway": "residential",
        "highwayCategory": "Galli / Local Lane",
        "isGalli": true
      },
      "geometry": {
        "type": "LineString",
        "coordinates": [
          [
            80.2572722,
            13.0066762
          ],
          [
            80.257372,
            13.0067439
          ],
          [
            80.2574438,
            13.0068127
          ]
        ]
      }
    },
    {
      "type": "Feature",
      "id": "osm-23110094",
      "properties": {
        "osmid": 23110094,
        "name": "1st Cross Street",
        "highway": "residential",
        "highwayCategory": "Galli / Local Lane",
        "isGalli": true
      },
      "geometry": {
        "type": "LineString",
        "coordinates": [
          [
            80.2574438,
            13.0068127
          ],
          [
            80.2574367,
            13.0068159
          ],
          [
            80.257433,
            13.0068223
          ],
          [
            80.2573316,
            13.0070573
          ],
          [
            80.2572559,
            13.0071437
          ],
          [
            80.257209,
            13.0072614
          ],
          [
            80.2572043,
            13.0073874
          ],
          [
            80.2571153,
            13.0076289
          ],
          [
            80.2569106,
            13.0084536
          ]
        ]
      }
    },
    {
      "type": "Feature",
      "id": "osm-23110095",
      "properties": {
        "osmid": 23110095,
        "name": "3rd Canal Cross Street",
        "highway": "residential",
        "highwayCategory": "Galli / Local Lane",
        "isGalli": true
      },
      "geometry": {
        "type": "LineString",
        "coordinates": [
          [
            80.2502829,
            13.009668
          ],
          [
            80.2503043,
            13.0099518
          ],
          [
            80.2503245,
            13.0102824
          ],
          [
            80.2503218,
            13.0103085
          ],
          [
            80.2503146,
            13.0103277
          ],
          [
            80.250299,
            13.0103412
          ],
          [
            80.2502695,
            13.0103529
          ],
          [
            80.2488856,
            13.0104792
          ]
        ]
      }
    },
    {
      "type": "Feature",
      "id": "osm-23110098",
      "properties": {
        "osmid": 23110098,
        "name": "Gandhi Nagar 3rd Main Road",
        "highway": "residential",
        "highwayCategory": "Galli / Local Lane",
        "isGalli": true
      },
      "geometry": {
        "type": "LineString",
        "coordinates": [
          [
            80.2578652,
            13.0084174
          ],
          [
            80.2569106,
            13.0084536
          ],
          [
            80.2559878,
            13.0084886
          ],
          [
            80.2545017,
            13.0085671
          ],
          [
            80.2522932,
            13.0086407
          ],
          [
            80.2520436,
            13.008655
          ],
          [
            80.2515361,
            13.0086779
          ],
          [
            80.2502472,
            13.0087548
          ]
        ]
      }
    },
    {
      "type": "Feature",
      "id": "osm-23110267",
      "properties": {
        "osmid": 23110267,
        "name": "Local Corridor",
        "highway": "residential",
        "highwayCategory": "Galli / Local Lane",
        "isGalli": true
      },
      "geometry": {
        "type": "LineString",
        "coordinates": [
          [
            80.2690665,
            13.0712262
          ],
          [
            80.2691837,
            13.0716384
          ],
          [
            80.2692633,
            13.0719537
          ],
          [
            80.2693301,
            13.072161
          ],
          [
            80.2696027,
            13.0730994
          ],
          [
            80.2700276,
            13.0745996
          ],
          [
            80.270067,
            13.0747455
          ],
          [
            80.2702071,
            13.075238
          ]
        ]
      }
    },
    {
      "type": "Feature",
      "id": "osm-23135386",
      "properties": {
        "osmid": 23135386,
        "name": "Kabali Garden",
        "highway": "residential",
        "highwayCategory": "Galli / Local Lane",
        "isGalli": true
      },
      "geometry": {
        "type": "LineString",
        "coordinates": [
          [
            80.2655469,
            13.0343333
          ],
          [
            80.2655601,
            13.0345542
          ],
          [
            80.2656276,
            13.0349812
          ],
          [
            80.2656657,
            13.0352057
          ],
          [
            80.2656971,
            13.0354473
          ],
          [
            80.2657093,
            13.0356054
          ],
          [
            80.2657221,
            13.0357081
          ],
          [
            80.2657365,
            13.0358244
          ],
          [
            80.2657482,
            13.0359186
          ],
          [
            80.2657604,
            13.0360171
          ],
          [
            80.2657868,
            13.036134
          ],
          [
            80.2661374,
            13.0360588
          ],
          [
            80.2666122,
            13.0359488
          ],
          [
            80.2666201,
            13.0359463
          ],
          [
            80.2666278,
            13.0359423
          ]
        ]
      }
    },
    {
      "type": "Feature",
      "id": "osm-23135388",
      "properties": {
        "osmid": 23135388,
        "name": "Ramachandra Road",
        "highway": "residential",
        "highwayCategory": "Galli / Local Lane",
        "isGalli": true
      },
      "geometry": {
        "type": "LineString",
        "coordinates": [
          [
            80.2638953,
            13.0355784
          ],
          [
            80.2639661,
            13.0367009
          ],
          [
            80.2639776,
            13.037609
          ]
        ]
      }
    },
    {
      "type": "Feature",
      "id": "osm-23135390",
      "properties": {
        "osmid": 23135390,
        "name": "Natesan Colony",
        "highway": "tertiary",
        "highwayCategory": "Municipal Thoroughfare",
        "isGalli": false
      },
      "geometry": {
        "type": "LineString",
        "coordinates": [
          [
            80.2597945,
            13.035474
          ],
          [
            80.2588833,
            13.035526
          ],
          [
            80.2587979,
            13.0355382
          ]
        ]
      }
    },
    {
      "type": "Feature",
      "id": "osm-23135391",
      "properties": {
        "osmid": 23135391,
        "name": "Bheemana Mudali 2nd Street",
        "highway": "residential",
        "highwayCategory": "Galli / Local Lane",
        "isGalli": true
      },
      "geometry": {
        "type": "LineString",
        "coordinates": [
          [
            80.2582824,
            13.0347122
          ],
          [
            80.2581771,
            13.0333318
          ]
        ]
      }
    },
    {
      "type": "Feature",
      "id": "osm-23135392",
      "properties": {
        "osmid": 23135392,
        "name": "Bheemana Mudali 1st Street",
        "highway": "residential",
        "highwayCategory": "Galli / Local Lane",
        "isGalli": true
      },
      "geometry": {
        "type": "LineString",
        "coordinates": [
          [
            80.2588833,
            13.035526
          ],
          [
            80.2588395,
            13.0351505
          ],
          [
            80.2587748,
            13.0348127
          ],
          [
            80.2587504,
            13.0347358
          ]
        ]
      }
    },
    {
      "type": "Feature",
      "id": "osm-23135395",
      "properties": {
        "osmid": 23135395,
        "name": "Anandapuram",
        "highway": "residential",
        "highwayCategory": "Galli / Local Lane",
        "isGalli": true
      },
      "geometry": {
        "type": "LineString",
        "coordinates": [
          [
            80.259102,
            13.0333737
          ],
          [
            80.2592991,
            13.0347216
          ]
        ]
      }
    },
    {
      "type": "Feature",
      "id": "osm-23135399",
      "properties": {
        "osmid": 23135399,
        "name": "CV Raman Road",
        "highway": "tertiary",
        "highwayCategory": "Municipal Thoroughfare",
        "isGalli": false
      },
      "geometry": {
        "type": "LineString",
        "coordinates": [
          [
            80.2570577,
            13.034865
          ],
          [
            80.2576908,
            13.0348095
          ],
          [
            80.2578185,
            13.0347726
          ],
          [
            80.2580345,
            13.0347304
          ],
          [
            80.2582824,
            13.0347122
          ],
          [
            80.2587504,
            13.0347358
          ],
          [
            80.2588217,
            13.0347422
          ],
          [
            80.2592991,
            13.0347216
          ],
          [
            80.2600563,
            13.0346969
          ]
        ]
      }
    },
    {
      "type": "Feature",
      "id": "osm-23135400",
      "properties": {
        "osmid": 23135400,
        "name": "Cenotaph 1st Street",
        "highway": "tertiary",
        "highwayCategory": "Municipal Thoroughfare",
        "isGalli": false
      },
      "geometry": {
        "type": "LineString",
        "coordinates": [
          [
            80.2458226,
            13.0343022
          ],
          [
            80.2458868,
            13.0342924
          ],
          [
            80.2464104,
            13.0342119
          ],
          [
            80.2465964,
            13.0341932
          ],
          [
            80.2477852,
            13.0340436
          ],
          [
            80.2484058,
            13.0339613
          ],
          [
            80.2489513,
            13.0338834
          ],
          [
            80.2491461,
            13.0338592
          ],
          [
            80.249358,
            13.0338304
          ],
          [
            80.2496338,
            13.0338091
          ],
          [
            80.2497848,
            13.0338018
          ],
          [
            80.2498701,
            13.0337733
          ]
        ]
      }
    },
    {
      "type": "Feature",
      "id": "osm-23135401",
      "properties": {
        "osmid": 23135401,
        "name": "Bheemana Garden Street",
        "highway": "residential",
        "highwayCategory": "Galli / Local Lane",
        "isGalli": true
      },
      "geometry": {
        "type": "LineString",
        "coordinates": [
          [
            80.2568316,
            13.0333247
          ],
          [
            80.2562853,
            13.033361
          ],
          [
            80.2558139,
            13.033406
          ],
          [
            80.2547886,
            13.0334755
          ],
          [
            80.2540976,
            13.0334961
          ],
          [
            80.2532792,
            13.0335451
          ]
        ]
      }
    },
    {
      "type": "Feature",
      "id": "osm-23135403",
      "properties": {
        "osmid": 23135403,
        "name": "Warren Road",
        "highway": "tertiary",
        "highwayCategory": "Municipal Thoroughfare",
        "isGalli": false
      },
      "geometry": {
        "type": "LineString",
        "coordinates": [
          [
            80.2604177,
            13.0330857
          ],
          [
            80.2604243,
            13.0330358
          ],
          [
            80.2603726,
            13.0326789
          ],
          [
            80.2602343,
            13.0316548
          ],
          [
            80.26022,
            13.0313774
          ],
          [
            80.2601853,
            13.0307923
          ],
          [
            80.2601889,
            13.0307268
          ],
          [
            80.260192,
            13.030431
          ],
          [
            80.2602024,
            13.0301381
          ],
          [
            80.2602542,
            13.0296166
          ],
          [
            80.260278,
            13.0293857
          ]
        ]
      }
    },
    {
      "type": "Feature",
      "id": "osm-23135404",
      "properties": {
        "osmid": 23135404,
        "name": "Bakthavachalam Road",
        "highway": "tertiary",
        "highwayCategory": "Municipal Thoroughfare",
        "isGalli": false
      },
      "geometry": {
        "type": "LineString",
        "coordinates": [
          [
            80.2600554,
            13.0332825
          ],
          [
            80.2600601,
            13.0333997
          ],
          [
            80.260022,
            13.0339047
          ],
          [
            80.2600462,
            13.0343429
          ],
          [
            80.2600563,
            13.0346969
          ],
          [
            80.2599358,
            13.0350904
          ],
          [
            80.259918,
            13.0351319
          ],
          [
            80.2598,
            13.0354061
          ],
          [
            80.2597945,
            13.035474
          ]
        ]
      }
    },
    {
      "type": "Feature",
      "id": "osm-23135406",
      "properties": {
        "osmid": 23135406,
        "name": "Desika Road",
        "highway": "tertiary",
        "highwayCategory": "Municipal Thoroughfare",
        "isGalli": false
      },
      "geometry": {
        "type": "LineString",
        "coordinates": [
          [
            80.2587979,
            13.0355382
          ],
          [
            80.2588058,
            13.0356874
          ],
          [
            80.2588123,
            13.0361297
          ],
          [
            80.2588257,
            13.0365191
          ],
          [
            80.2588257,
            13.03657
          ],
          [
            80.2588117,
            13.0366
          ],
          [
            80.2587888,
            13.0366138
          ],
          [
            80.2587533,
            13.0366197
          ],
          [
            80.2583379,
            13.0367037
          ],
          [
            80.2582946,
            13.036719
          ],
          [
            80.2582503,
            13.0367525
          ],
          [
            80.2582221,
            13.0368013
          ],
          [
            80.2582075,
            13.0368731
          ],
          [
            80.2582048,
            13.0369195
          ],
          [
            80.2581783,
            13.0374117
          ],
          [
            80.2581507,
            13.0377666
          ],
          [
            80.258129,
            13.0380309
          ],
          [
            80.2580752,
            13.0386858
          ]
        ]
      }
    },
    {
      "type": "Feature",
      "id": "osm-23135407",
      "properties": {
        "osmid": 23135407,
        "name": "Cenotaph 1st Lane",
        "highway": "residential",
        "highwayCategory": "Galli / Local Lane",
        "isGalli": true
      },
      "geometry": {
        "type": "LineString",
        "coordinates": [
          [
            80.2458395,
            13.0308532
          ],
          [
            80.2466781,
            13.0301561
          ],
          [
            80.2469502,
            13.0299335
          ],
          [
            80.2469722,
            13.0299168
          ],
          [
            80.2472257,
            13.0297243
          ]
        ]
      }
    },
    {
      "type": "Feature",
      "id": "osm-23135408",
      "properties": {
        "osmid": 23135408,
        "name": "CIT Colony 1st Main Road",
        "highway": "residential",
        "highwayCategory": "Galli / Local Lane",
        "isGalli": true
      },
      "geometry": {
        "type": "LineString",
        "coordinates": [
          [
            80.2611871,
            13.0399081
          ],
          [
            80.2611024,
            13.0402288
          ],
          [
            80.2610579,
            13.0404473
          ],
          [
            80.2610576,
            13.0405406
          ],
          [
            80.2610929,
            13.0410071
          ],
          [
            80.2611261,
            13.0415952
          ],
          [
            80.2611467,
            13.0421349
          ],
          [
            80.2611669,
            13.0426477
          ],
          [
            80.2611649,
            13.0428017
          ],
          [
            80.2611823,
            13.0431596
          ]
        ]
      }
    },
    {
      "type": "Feature",
      "id": "osm-23135410",
      "properties": {
        "osmid": 23135410,
        "name": "Ganapathy Colony Main Road",
        "highway": "residential",
        "highwayCategory": "Galli / Local Lane",
        "isGalli": true
      },
      "geometry": {
        "type": "LineString",
        "coordinates": [
          [
            80.2472224,
            13.0315979
          ],
          [
            80.2471675,
            13.0309202
          ],
          [
            80.2471372,
            13.0306526
          ],
          [
            80.247066,
            13.0302163
          ]
        ]
      }
    },
    {
      "type": "Feature",
      "id": "osm-23135413",
      "properties": {
        "osmid": 23135413,
        "name": "CIT Colony 1st Cross Street",
        "highway": "residential",
        "highwayCategory": "Galli / Local Lane",
        "isGalli": true
      },
      "geometry": {
        "type": "LineString",
        "coordinates": [
          [
            80.2611649,
            13.0428017
          ],
          [
            80.2631109,
            13.0425785
          ],
          [
            80.2632318,
            13.0426407
          ],
          [
            80.2632929,
            13.0429837
          ],
          [
            80.2633265,
            13.0430752
          ],
          [
            80.2633624,
            13.0431446
          ]
        ]
      }
    },
    {
      "type": "Feature",
      "id": "osm-23135415",
      "properties": {
        "osmid": 23135415,
        "name": "Sriram Nagar North Street",
        "highway": "residential",
        "highwayCategory": "Galli / Local Lane",
        "isGalli": true
      },
      "geometry": {
        "type": "LineString",
        "coordinates": [
          [
            80.2517978,
            13.031519
          ],
          [
            80.2514797,
            13.0315765
          ],
          [
            80.2511805,
            13.0316361
          ],
          [
            80.25044,
            13.0317836
          ],
          [
            80.2495232,
            13.0320012
          ],
          [
            80.2494155,
            13.0320272
          ]
        ]
      }
    },
    {
      "type": "Feature",
      "id": "osm-23135416",
      "properties": {
        "osmid": 23135416,
        "name": "2nd Link Street",
        "highway": "residential",
        "highwayCategory": "Galli / Local Lane",
        "isGalli": true
      },
      "geometry": {
        "type": "LineString",
        "coordinates": [
          [
            80.2617118,
            13.040069
          ],
          [
            80.2616721,
            13.0401967
          ],
          [
            80.2616445,
            13.0403374
          ],
          [
            80.2616018,
            13.0404975
          ],
          [
            80.2616041,
            13.0406346
          ],
          [
            80.2616492,
            13.0409952
          ],
          [
            80.2610929,
            13.0410071
          ]
        ]
      }
    },
    {
      "type": "Feature",
      "id": "osm-23135417",
      "properties": {
        "osmid": 23135417,
        "name": "Local Corridor",
        "highway": "residential",
        "highwayCategory": "Galli / Local Lane",
        "isGalli": true
      },
      "geometry": {
        "type": "LineString",
        "coordinates": [
          [
            80.2492807,
            13.0333943
          ],
          [
            80.2492928,
            13.0334577
          ],
          [
            80.2493281,
            13.0336408
          ],
          [
            80.2493323,
            13.0336677
          ]
        ]
      }
    },
    {
      "type": "Feature",
      "id": "osm-23135419",
      "properties": {
        "osmid": 23135419,
        "name": "3rd Street",
        "highway": "residential",
        "highwayCategory": "Galli / Local Lane",
        "isGalli": true
      },
      "geometry": {
        "type": "LineString",
        "coordinates": [
          [
            80.2496849,
            13.0329217
          ],
          [
            80.2497934,
            13.0333494
          ],
          [
            80.2498701,
            13.0337733
          ]
        ]
      }
    },
    {
      "type": "Feature",
      "id": "osm-23135420",
      "properties": {
        "osmid": 23135420,
        "name": "Lambeth Avenue",
        "highway": "residential",
        "highwayCategory": "Galli / Local Lane",
        "isGalli": true
      },
      "geometry": {
        "type": "LineString",
        "coordinates": [
          [
            80.2546877,
            13.0317458
          ],
          [
            80.2534287,
            13.0318664
          ]
        ]
      }
    },
    {
      "type": "Feature",
      "id": "osm-23135421",
      "properties": {
        "osmid": 23135421,
        "name": "Kamatchi Nagar",
        "highway": "residential",
        "highwayCategory": "Galli / Local Lane",
        "isGalli": true
      },
      "geometry": {
        "type": "LineString",
        "coordinates": [
          [
            80.2495095,
            13.032961
          ],
          [
            80.2495104,
            13.0327066
          ],
          [
            80.2494155,
            13.0320272
          ]
        ]
      }
    },
    {
      "type": "Feature",
      "id": "osm-23135422",
      "properties": {
        "osmid": 23135422,
        "name": "Ramasamy Street",
        "highway": "residential",
        "highwayCategory": "Galli / Local Lane",
        "isGalli": true
      },
      "geometry": {
        "type": "LineString",
        "coordinates": [
          [
            80.2540976,
            13.0334961
          ],
          [
            80.2541234,
            13.0336684
          ],
          [
            80.2541487,
            13.0339422
          ],
          [
            80.2541666,
            13.0342239
          ],
          [
            80.2542044,
            13.0344721
          ],
          [
            80.254278,
            13.0347372
          ],
          [
            80.2543022,
            13.0348519
          ],
          [
            80.2542941,
            13.0349163
          ]
        ]
      }
    },
    {
      "type": "Feature",
      "id": "osm-23135425",
      "properties": {
        "osmid": 23135425,
        "name": "3rd Main Road",
        "highway": "residential",
        "highwayCategory": "Galli / Local Lane",
        "isGalli": true
      },
      "geometry": {
        "type": "LineString",
        "coordinates": [
          [
            80.259729,
            13.0263625
          ],
          [
            80.2576689,
            13.0263657
          ]
        ]
      }
    },
    {
      "type": "Feature",
      "id": "osm-23135426",
      "properties": {
        "osmid": 23135426,
        "name": "Canal Bank Road",
        "highway": "residential",
        "highwayCategory": "Galli / Local Lane",
        "isGalli": true
      },
      "geometry": {
        "type": "LineString",
        "coordinates": [
          [
            80.2607792,
            13.0293321
          ],
          [
            80.2605849,
            13.028788
          ],
          [
            80.2605162,
            13.0285955
          ],
          [
            80.2603571,
            13.0281399
          ],
          [
            80.2602433,
            13.0278492
          ]
        ]
      }
    },
    {
      "type": "Feature",
      "id": "osm-23135427",
      "properties": {
        "osmid": 23135427,
        "name": "4th Main Road",
        "highway": "residential",
        "highwayCategory": "Galli / Local Lane",
        "isGalli": true
      },
      "geometry": {
        "type": "LineString",
        "coordinates": [
          [
            80.2574338,
            13.0258113
          ],
          [
            80.2580766,
            13.0257741
          ],
          [
            80.2588637,
            13.0257615
          ],
          [
            80.2592658,
            13.0257598
          ]
        ]
      }
    },
    {
      "type": "Feature",
      "id": "osm-23135433",
      "properties": {
        "osmid": 23135433,
        "name": "Sriram Nagar West Street",
        "highway": "residential",
        "highwayCategory": "Galli / Local Lane",
        "isGalli": true
      },
      "geometry": {
        "type": "LineString",
        "coordinates": [
          [
            80.2495232,
            13.0320012
          ],
          [
            80.2493889,
            13.0313552
          ],
          [
            80.2493374,
            13.031076
          ],
          [
            80.2493341,
            13.0310524
          ],
          [
            80.2493418,
            13.0310313
          ]
        ]
      }
    },
    {
      "type": "Feature",
      "id": "osm-23135434",
      "properties": {
        "osmid": 23135434,
        "name": "Local Corridor",
        "highway": "residential",
        "highwayCategory": "Galli / Local Lane",
        "isGalli": true
      },
      "geometry": {
        "type": "LineString",
        "coordinates": [
          [
            80.2527438,
            13.0290502
          ],
          [
            80.2527484,
            13.0291226
          ],
          [
            80.2527311,
            13.02916
          ],
          [
            80.2527687,
            13.0294366
          ],
          [
            80.2528394,
            13.0298243
          ],
          [
            80.252849,
            13.0298421
          ],
          [
            80.2528704,
            13.0298549
          ],
          [
            80.2528976,
            13.0298595
          ],
          [
            80.2529814,
            13.0298462
          ],
          [
            80.2530843,
            13.0298285
          ],
          [
            80.2530982,
            13.0298197
          ],
          [
            80.2531041,
            13.0298032
          ],
          [
            80.2530841,
            13.0296945
          ],
          [
            80.2529818,
            13.0291156
          ],
          [
            80.2529795,
            13.0290668
          ]
        ]
      }
    },
    {
      "type": "Feature",
      "id": "osm-23135437",
      "properties": {
        "osmid": 23135437,
        "name": "RA Puram 1st Main Road",
        "highway": "residential",
        "highwayCategory": "Galli / Local Lane",
        "isGalli": true
      },
      "geometry": {
        "type": "LineString",
        "coordinates": [
          [
            80.2602433,
            13.0278492
          ],
          [
            80.2601158,
            13.0278673
          ],
          [
            80.2598213,
            13.027831
          ],
          [
            80.2592448,
            13.0277679
          ],
          [
            80.258918,
            13.0277172
          ],
          [
            80.258182,
            13.0276649
          ],
          [
            80.2579121,
            13.0276385
          ]
        ]
      }
    },
    {
      "type": "Feature",
      "id": "osm-23135438",
      "properties": {
        "osmid": 23135438,
        "name": "Sunderajan Street",
        "highway": "residential",
        "highwayCategory": "Galli / Local Lane",
        "isGalli": true
      },
      "geometry": {
        "type": "LineString",
        "coordinates": [
          [
            80.258822,
            13.0289277
          ],
          [
            80.2587215,
            13.0307725
          ]
        ]
      }
    },
    {
      "type": "Feature",
      "id": "osm-23135439",
      "properties": {
        "osmid": 23135439,
        "name": "CP Ramaswamy Street",
        "highway": "residential",
        "highwayCategory": "Galli / Local Lane",
        "isGalli": true
      },
      "geometry": {
        "type": "LineString",
        "coordinates": [
          [
            80.2594291,
            13.0307802
          ],
          [
            80.2595459,
            13.0291336
          ]
        ]
      }
    },
    {
      "type": "Feature",
      "id": "osm-23135444",
      "properties": {
        "osmid": 23135444,
        "name": "Dr Ranga Road",
        "highway": "residential",
        "highwayCategory": "Galli / Local Lane",
        "isGalli": true
      },
      "geometry": {
        "type": "LineString",
        "coordinates": [
          [
            80.2589606,
            13.0327146
          ],
          [
            80.2596442,
            13.0327111
          ],
          [
            80.2596746,
            13.0327353
          ],
          [
            80.2596974,
            13.0328281
          ],
          [
            80.2597176,
            13.0329718
          ],
          [
            80.2597028,
            13.0330985
          ],
          [
            80.2596724,
            13.0333021
          ]
        ]
      }
    },
    {
      "type": "Feature",
      "id": "osm-23135446",
      "properties": {
        "osmid": 23135446,
        "name": "Bawa Street",
        "highway": "residential",
        "highwayCategory": "Galli / Local Lane",
        "isGalli": true
      },
      "geometry": {
        "type": "LineString",
        "coordinates": [
          [
            80.2546468,
            13.0310574
          ],
          [
            80.2546877,
            13.0317458
          ],
          [
            80.2547101,
            13.0319864
          ],
          [
            80.2547229,
            13.0323269
          ],
          [
            80.2547485,
            13.0327456
          ],
          [
            80.2547587,
            13.0329267
          ],
          [
            80.2547648,
            13.0330312
          ],
          [
            80.2547886,
            13.0334755
          ]
        ]
      }
    },
    {
      "type": "Feature",
      "id": "osm-23135449",
      "properties": {
        "osmid": 23135449,
        "name": "RA Puram 1st Main Road",
        "highway": "residential",
        "highwayCategory": "Galli / Local Lane",
        "isGalli": true
      },
      "geometry": {
        "type": "LineString",
        "coordinates": [
          [
            80.2579145,
            13.0279725
          ],
          [
            80.2563692,
            13.028028
          ],
          [
            80.2538715,
            13.0281437
          ]
        ]
      }
    },
    {
      "type": "Feature",
      "id": "osm-23135451",
      "properties": {
        "osmid": 23135451,
        "name": "1st Main Road",
        "highway": "residential",
        "highwayCategory": "Galli / Local Lane",
        "isGalli": true
      },
      "geometry": {
        "type": "LineString",
        "coordinates": [
          [
            80.2579145,
            13.0279725
          ],
          [
            80.2579121,
            13.0276385
          ],
          [
            80.2578915,
            13.0270672
          ]
        ]
      }
    },
    {
      "type": "Feature",
      "id": "osm-23135455",
      "properties": {
        "osmid": 23135455,
        "name": "2nd Street",
        "highway": "residential",
        "highwayCategory": "Galli / Local Lane",
        "isGalli": true
      },
      "geometry": {
        "type": "LineString",
        "coordinates": [
          [
            80.2645866,
            13.033841
          ],
          [
            80.2638865,
            13.0339499
          ],
          [
            80.2628862,
            13.0341318
          ],
          [
            80.2622893,
            13.0342371
          ]
        ]
      }
    },
    {
      "type": "Feature",
      "id": "osm-23135458",
      "properties": {
        "osmid": 23135458,
        "name": "Abhiramapuram 1st Street",
        "highway": "residential",
        "highwayCategory": "Galli / Local Lane",
        "isGalli": true
      },
      "geometry": {
        "type": "LineString",
        "coordinates": [
          [
            80.2578055,
            13.0323432
          ],
          [
            80.258182,
            13.0323218
          ],
          [
            80.2588333,
            13.0323233
          ],
          [
            80.2588921,
            13.0323316
          ],
          [
            80.2589169,
            13.0323427
          ],
          [
            80.2589343,
            13.0323577
          ],
          [
            80.2589405,
            13.0323856
          ]
        ]
      }
    },
    {
      "type": "Feature",
      "id": "osm-23135460",
      "properties": {
        "osmid": 23135460,
        "name": "Abhiramapuram 1st Street",
        "highway": "residential",
        "highwayCategory": "Galli / Local Lane",
        "isGalli": true
      },
      "geometry": {
        "type": "LineString",
        "coordinates": [
          [
            80.2578566,
            13.033309
          ],
          [
            80.2578395,
            13.032986
          ],
          [
            80.2578055,
            13.0323432
          ],
          [
            80.2578015,
            13.0322883
          ],
          [
            80.2577834,
            13.0320096
          ],
          [
            80.2577813,
            13.0319762
          ],
          [
            80.2577748,
            13.0318767
          ],
          [
            80.2577728,
            13.0318452
          ],
          [
            80.257749,
            13.0314733
          ]
        ]
      }
    },
    {
      "type": "Feature",
      "id": "osm-23135461",
      "properties": {
        "osmid": 23135461,
        "name": "Pughs Road",
        "highway": "living_street",
        "highwayCategory": "Galli / Local Lane",
        "isGalli": true
      },
      "geometry": {
        "type": "LineString",
        "coordinates": [
          [
            80.2499888,
            13.0205044
          ],
          [
            80.2501981,
            13.0206978
          ],
          [
            80.2504566,
            13.0209502
          ],
          [
            80.2505919,
            13.0211364
          ],
          [
            80.2508394,
            13.0214736
          ]
        ]
      }
    },
    {
      "type": "Feature",
      "id": "osm-23135463",
      "properties": {
        "osmid": 23135463,
        "name": "RA Puram 1st Cross Street",
        "highway": "residential",
        "highwayCategory": "Galli / Local Lane",
        "isGalli": true
      },
      "geometry": {
        "type": "LineString",
        "coordinates": [
          [
            80.2546133,
            13.0232715
          ],
          [
            80.2546269,
            13.0240662
          ],
          [
            80.2546286,
            13.0241467
          ],
          [
            80.2546315,
            13.0242832
          ],
          [
            80.2546389,
            13.0246363
          ],
          [
            80.2546342,
            13.0248798
          ],
          [
            80.2546512,
            13.0252193
          ],
          [
            80.254663,
            13.0257781
          ]
        ]
      }
    },
    {
      "type": "Feature",
      "id": "osm-23135466",
      "properties": {
        "osmid": 23135466,
        "name": "7th Main Road",
        "highway": "residential",
        "highwayCategory": "Galli / Local Lane",
        "isGalli": true
      },
      "geometry": {
        "type": "LineString",
        "coordinates": [
          [
            80.2546269,
            13.0240662
          ],
          [
            80.2561617,
            13.0240192
          ],
          [
            80.2563532,
            13.0240133
          ],
          [
            80.256716,
            13.0241448
          ]
        ]
      }
    },
    {
      "type": "Feature",
      "id": "osm-23135467",
      "properties": {
        "osmid": 23135467,
        "name": "RA Puram 4th Main Road",
        "highway": "residential",
        "highwayCategory": "Galli / Local Lane",
        "isGalli": true
      },
      "geometry": {
        "type": "LineString",
        "coordinates": [
          [
            80.2533102,
            13.0260185
          ],
          [
            80.2541278,
            13.0258357
          ],
          [
            80.254663,
            13.0257781
          ],
          [
            80.256851,
            13.0257275
          ]
        ]
      }
    },
    {
      "type": "Feature",
      "id": "osm-23135468",
      "properties": {
        "osmid": 23135468,
        "name": "3rd Main Road",
        "highway": "residential",
        "highwayCategory": "Galli / Local Lane",
        "isGalli": true
      },
      "geometry": {
        "type": "LineString",
        "coordinates": [
          [
            80.2542341,
            13.0264128
          ],
          [
            80.2564339,
            13.0263437
          ]
        ]
      }
    },
    {
      "type": "Feature",
      "id": "osm-23135469",
      "properties": {
        "osmid": 23135469,
        "name": "1st Cross Street",
        "highway": "residential",
        "highwayCategory": "Galli / Local Lane",
        "isGalli": true
      },
      "geometry": {
        "type": "LineString",
        "coordinates": [
          [
            80.2543568,
            13.0271317
          ],
          [
            80.2542341,
            13.0264128
          ],
          [
            80.2541278,
            13.0258357
          ]
        ]
      }
    },
    {
      "type": "Feature",
      "id": "osm-23135470",
      "properties": {
        "osmid": 23135470,
        "name": "5th Main Road",
        "highway": "residential",
        "highwayCategory": "Galli / Local Lane",
        "isGalli": true
      },
      "geometry": {
        "type": "LineString",
        "coordinates": [
          [
            80.2568442,
            13.0251475
          ],
          [
            80.2546512,
            13.0252193
          ]
        ]
      }
    },
    {
      "type": "Feature",
      "id": "osm-23135471",
      "properties": {
        "osmid": 23135471,
        "name": "6th Main Road",
        "highway": "residential",
        "highwayCategory": "Galli / Local Lane",
        "isGalli": true
      },
      "geometry": {
        "type": "LineString",
        "coordinates": [
          [
            80.2546389,
            13.0246363
          ],
          [
            80.256796,
            13.0245684
          ]
        ]
      }
    },
    {
      "type": "Feature",
      "id": "osm-23135473",
      "properties": {
        "osmid": 23135473,
        "name": "6th Main Road",
        "highway": "residential",
        "highwayCategory": "Galli / Local Lane",
        "isGalli": true
      },
      "geometry": {
        "type": "LineString",
        "coordinates": [
          [
            80.2530185,
            13.0252066
          ],
          [
            80.2542516,
            13.0249414
          ],
          [
            80.2546342,
            13.0248798
          ]
        ]
      }
    },
    {
      "type": "Feature",
      "id": "osm-23135475",
      "properties": {
        "osmid": 23135475,
        "name": "Crescent Street",
        "highway": "residential",
        "highwayCategory": "Galli / Local Lane",
        "isGalli": true
      },
      "geometry": {
        "type": "LineString",
        "coordinates": [
          [
            80.2465215,
            13.0268064
          ],
          [
            80.2467295,
            13.0266024
          ],
          [
            80.2468148,
            13.0265643
          ],
          [
            80.2469325,
            13.0265412
          ],
          [
            80.2474772,
            13.0265575
          ],
          [
            80.2475336,
            13.0265591
          ],
          [
            80.2476739,
            13.0266177
          ],
          [
            80.2479975,
            13.0269738
          ],
          [
            80.2480137,
            13.0270138
          ],
          [
            80.2480647,
            13.0273039
          ],
          [
            80.2480612,
            13.0273634
          ],
          [
            80.2480325,
            13.0273953
          ],
          [
            80.2475518,
            13.0278257
          ]
        ]
      }
    },
    {
      "type": "Feature",
      "id": "osm-23135476",
      "properties": {
        "osmid": 23135476,
        "name": "Boat Club 1st Avenue",
        "highway": "residential",
        "highwayCategory": "Galli / Local Lane",
        "isGalli": true
      },
      "geometry": {
        "type": "LineString",
        "coordinates": [
          [
            80.2487012,
            13.0272532
          ],
          [
            80.2506798,
            13.025542
          ]
        ]
      }
    },
    {
      "type": "Feature",
      "id": "osm-23135477",
      "properties": {
        "osmid": 23135477,
        "name": "Turnbulls 1st Main Road",
        "highway": "tertiary",
        "highwayCategory": "Municipal Thoroughfare",
        "isGalli": false
      },
      "geometry": {
        "type": "LineString",
        "coordinates": [
          [
            80.2454439,
            13.0276119
          ],
          [
            80.2455771,
            13.0276353
          ],
          [
            80.2460423,
            13.0275704
          ],
          [
            80.2461113,
            13.0275737
          ],
          [
            80.2461818,
            13.0276096
          ],
          [
            80.2462673,
            13.0276852
          ],
          [
            80.2465749,
            13.0280019
          ],
          [
            80.247099,
            13.0285186
          ],
          [
            80.2472679,
            13.02874
          ],
          [
            80.2473419,
            13.0288891
          ],
          [
            80.2474188,
            13.0292363
          ]
        ]
      }
    },
    {
      "type": "Feature",
      "id": "osm-23135478",
      "properties": {
        "osmid": 23135478,
        "name": "Boat Club 2nd Avenue",
        "highway": "residential",
        "highwayCategory": "Galli / Local Lane",
        "isGalli": true
      },
      "geometry": {
        "type": "LineString",
        "coordinates": [
          [
            80.2501642,
            13.0242249
          ],
          [
            80.2484041,
            13.0258504
          ]
        ]
      }
    },
    {
      "type": "Feature",
      "id": "osm-23135480",
      "properties": {
        "osmid": 23135480,
        "name": "Turnbulls 1st Cross",
        "highway": "residential",
        "highwayCategory": "Galli / Local Lane",
        "isGalli": true
      },
      "geometry": {
        "type": "LineString",
        "coordinates": [
          [
            80.245714,
            13.0284735
          ],
          [
            80.2463111,
            13.0283243
          ],
          [
            80.2463658,
            13.0286969
          ]
        ]
      }
    },
    {
      "type": "Feature",
      "id": "osm-23135481",
      "properties": {
        "osmid": 23135481,
        "name": "Periyar Road",
        "highway": "residential",
        "highwayCategory": "Galli / Local Lane",
        "isGalli": true
      },
      "geometry": {
        "type": "LineString",
        "coordinates": [
          [
            80.248782,
            13.0373377
          ],
          [
            80.2488002,
            13.0374712
          ],
          [
            80.2488062,
            13.0375302
          ],
          [
            80.2488517,
            13.0378968
          ]
        ]
      }
    },
    {
      "type": "Feature",
      "id": "osm-23135482",
      "properties": {
        "osmid": 23135482,
        "name": "Venkatraman Street",
        "highway": "residential",
        "highwayCategory": "Galli / Local Lane",
        "isGalli": true
      },
      "geometry": {
        "type": "LineString",
        "coordinates": [
          [
            80.2488002,
            13.0374712
          ],
          [
            80.2477138,
            13.0376476
          ],
          [
            80.2475732,
            13.0376753
          ],
          [
            80.2475379,
            13.0376928
          ]
        ]
      }
    },
    {
      "type": "Feature",
      "id": "osm-23135483",
      "properties": {
        "osmid": 23135483,
        "name": "Local Corridor",
        "highway": "residential",
        "highwayCategory": "Galli / Local Lane",
        "isGalli": true
      },
      "geometry": {
        "type": "LineString",
        "coordinates": [
          [
            80.2506358,
            13.0388945
          ],
          [
            80.2505697,
            13.0383904
          ],
          [
            80.2505613,
            13.0381578
          ],
          [
            80.2505382,
            13.0378514
          ],
          [
            80.2505213,
            13.0376358
          ]
        ]
      }
    },
    {
      "type": "Feature",
      "id": "osm-23135488",
      "properties": {
        "osmid": 23135488,
        "name": "Bharathiyar Street",
        "highway": "living_street",
        "highwayCategory": "Galli / Local Lane",
        "isGalli": true
      },
      "geometry": {
        "type": "LineString",
        "coordinates": [
          [
            80.2516123,
            13.03641
          ],
          [
            80.2514326,
            13.0364371
          ],
          [
            80.2510042,
            13.0365001
          ],
          [
            80.2503403,
            13.0366417
          ],
          [
            80.2500061,
            13.0367043
          ],
          [
            80.2498016,
            13.0367432
          ]
        ]
      }
    },
    {
      "type": "Feature",
      "id": "osm-23135489",
      "properties": {
        "osmid": 23135489,
        "name": "VOC Street",
        "highway": "residential",
        "highwayCategory": "Galli / Local Lane",
        "isGalli": true
      },
      "geometry": {
        "type": "LineString",
        "coordinates": [
          [
            80.2498472,
            13.037091
          ],
          [
            80.2503515,
            13.0370114
          ],
          [
            80.2510994,
            13.0368945
          ]
        ]
      }
    },
    {
      "type": "Feature",
      "id": "osm-23135491",
      "properties": {
        "osmid": 23135491,
        "name": "1st Cross",
        "highway": "residential",
        "highwayCategory": "Galli / Local Lane",
        "isGalli": true
      },
      "geometry": {
        "type": "LineString",
        "coordinates": [
          [
            80.2536212,
            13.0363106
          ],
          [
            80.2527423,
            13.0363954
          ],
          [
            80.2525843,
            13.0364032
          ]
        ]
      }
    },
    {
      "type": "Feature",
      "id": "osm-23135492",
      "properties": {
        "osmid": 23135492,
        "name": "1st Main Road",
        "highway": "residential",
        "highwayCategory": "Galli / Local Lane",
        "isGalli": true
      },
      "geometry": {
        "type": "LineString",
        "coordinates": [
          [
            80.2535574,
            13.0351525
          ],
          [
            80.253586,
            13.0358151
          ],
          [
            80.2536084,
            13.0361826
          ],
          [
            80.2536095,
            13.0362002
          ],
          [
            80.2536212,
            13.0363106
          ],
          [
            80.2536552,
            13.0367207
          ]
        ]
      }
    },
    {
      "type": "Feature",
      "id": "osm-23135493",
      "properties": {
        "osmid": 23135493,
        "name": "Local Corridor",
        "highway": "residential",
        "highwayCategory": "Galli / Local Lane",
        "isGalli": true
      },
      "geometry": {
        "type": "LineString",
        "coordinates": [
          [
            80.2551798,
            13.0360266
          ],
          [
            80.2557463,
            13.0360114
          ],
          [
            80.2561018,
            13.0359987
          ]
        ]
      }
    },
    {
      "type": "Feature",
      "id": "osm-23135494",
      "properties": {
        "osmid": 23135494,
        "name": "Sri Lapthi Colony",
        "highway": "residential",
        "highwayCategory": "Galli / Local Lane",
        "isGalli": true
      },
      "geometry": {
        "type": "LineString",
        "coordinates": [
          [
            80.2557463,
            13.0360114
          ],
          [
            80.2556939,
            13.0356286
          ],
          [
            80.2556048,
            13.0349785
          ]
        ]
      }
    },
    {
      "type": "Feature",
      "id": "osm-23135495",
      "properties": {
        "osmid": 23135495,
        "name": "1st Main Road",
        "highway": "residential",
        "highwayCategory": "Galli / Local Lane",
        "isGalli": true
      },
      "geometry": {
        "type": "LineString",
        "coordinates": [
          [
            80.2467683,
            13.0355319
          ],
          [
            80.2467104,
            13.0348717
          ],
          [
            80.2465964,
            13.0341932
          ]
        ]
      }
    },
    {
      "type": "Feature",
      "id": "osm-23135498",
      "properties": {
        "osmid": 23135498,
        "name": "2ndCross Street",
        "highway": "residential",
        "highwayCategory": "Galli / Local Lane",
        "isGalli": true
      },
      "geometry": {
        "type": "LineString",
        "coordinates": [
          [
            80.249307,
            13.0348085
          ],
          [
            80.2479033,
            13.0349645
          ]
        ]
      }
    },
    {
      "type": "Feature",
      "id": "osm-23135500",
      "properties": {
        "osmid": 23135500,
        "name": "Masilamani Lane",
        "highway": "residential",
        "highwayCategory": "Galli / Local Lane",
        "isGalli": true
      },
      "geometry": {
        "type": "LineString",
        "coordinates": [
          [
            80.2501911,
            13.0347232
          ],
          [
            80.2506795,
            13.034662
          ]
        ]
      }
    },
    {
      "type": "Feature",
      "id": "osm-23135501",
      "properties": {
        "osmid": 23135501,
        "name": "3rd Cross Street",
        "highway": "residential",
        "highwayCategory": "Galli / Local Lane",
        "isGalli": true
      },
      "geometry": {
        "type": "LineString",
        "coordinates": [
          [
            80.2478551,
            13.0345037
          ],
          [
            80.2492431,
            13.0343335
          ]
        ]
      }
    },
    {
      "type": "Feature",
      "id": "osm-23135502",
      "properties": {
        "osmid": 23135502,
        "name": "1st Cross Street",
        "highway": "residential",
        "highwayCategory": "Galli / Local Lane",
        "isGalli": true
      },
      "geometry": {
        "type": "LineString",
        "coordinates": [
          [
            80.2478789,
            13.0347592
          ],
          [
            80.2475738,
            13.0347913
          ],
          [
            80.2467104,
            13.0348717
          ]
        ]
      }
    },
    {
      "type": "Feature",
      "id": "osm-23135503",
      "properties": {
        "osmid": 23135503,
        "name": "Ratna Nagar",
        "highway": "residential",
        "highwayCategory": "Galli / Local Lane",
        "isGalli": true
      },
      "geometry": {
        "type": "LineString",
        "coordinates": [
          [
            80.2449943,
            13.0318614
          ],
          [
            80.2449556,
            13.0320332
          ],
          [
            80.2449481,
            13.0321417
          ],
          [
            80.2449631,
            13.0322125
          ],
          [
            80.2449164,
            13.0324654
          ],
          [
            80.2448388,
            13.0328832
          ]
        ]
      }
    },
    {
      "type": "Feature",
      "id": "osm-23135505",
      "properties": {
        "osmid": 23135505,
        "name": "Alwarpet 2nd Street",
        "highway": "residential",
        "highwayCategory": "Galli / Local Lane",
        "isGalli": true
      },
      "geometry": {
        "type": "LineString",
        "coordinates": [
          [
            80.2510309,
            13.0346752
          ],
          [
            80.2510701,
            13.0344887
          ],
          [
            80.2511037,
            13.0343894
          ],
          [
            80.2511618,
            13.0343378
          ],
          [
            80.2513489,
            13.0342188
          ],
          [
            80.2514606,
            13.0341705
          ],
          [
            80.2515676,
            13.0335064
          ]
        ]
      }
    },
    {
      "type": "Feature",
      "id": "osm-23135508",
      "properties": {
        "osmid": 23135508,
        "name": "1st Street",
        "highway": "residential",
        "highwayCategory": "Galli / Local Lane",
        "isGalli": true
      },
      "geometry": {
        "type": "LineString",
        "coordinates": [
          [
            80.2453138,
            13.0315305
          ],
          [
            80.2452473,
            13.03126
          ],
          [
            80.2451382,
            13.0307879
          ],
          [
            80.2450784,
            13.0305146
          ]
        ]
      }
    },
    {
      "type": "Feature",
      "id": "osm-23135511",
      "properties": {
        "osmid": 23135511,
        "name": "12th Street",
        "highway": "residential",
        "highwayCategory": "Galli / Local Lane",
        "isGalli": true
      },
      "geometry": {
        "type": "LineString",
        "coordinates": [
          [
            80.2450123,
            13.0276926
          ],
          [
            80.2450504,
            13.0278943
          ],
          [
            80.2450919,
            13.028082
          ],
          [
            80.2451444,
            13.0285649
          ],
          [
            80.2451739,
            13.0289044
          ],
          [
            80.2451746,
            13.0289201
          ],
          [
            80.2451695,
            13.0289324
          ]
        ]
      }
    },
    {
      "type": "Feature",
      "id": "osm-23135514",
      "properties": {
        "osmid": 23135514,
        "name": "Lotus Colony 1st Street",
        "highway": "tertiary",
        "highwayCategory": "Municipal Thoroughfare",
        "isGalli": false
      },
      "geometry": {
        "type": "LineString",
        "coordinates": [
          [
            80.2398596,
            13.0291007
          ],
          [
            80.2402119,
            13.0303833
          ],
          [
            80.2403322,
            13.0308211
          ]
        ]
      }
    },
    {
      "type": "Feature",
      "id": "osm-23135515",
      "properties": {
        "osmid": 23135515,
        "name": "5th Street",
        "highway": "residential",
        "highwayCategory": "Galli / Local Lane",
        "isGalli": true
      },
      "geometry": {
        "type": "LineString",
        "coordinates": [
          [
            80.2426323,
            13.0283541
          ],
          [
            80.2424652,
            13.0275457
          ],
          [
            80.2424448,
            13.0274468
          ],
          [
            80.2424413,
            13.0274327
          ],
          [
            80.2424344,
            13.0274218
          ],
          [
            80.242425,
            13.027411
          ],
          [
            80.2423395,
            13.0273509
          ],
          [
            80.242306,
            13.0273378
          ],
          [
            80.2422862,
            13.0273333
          ],
          [
            80.2422704,
            13.0273327
          ]
        ]
      }
    },
    {
      "type": "Feature",
      "id": "osm-23135516",
      "properties": {
        "osmid": 23135516,
        "name": "Local Corridor",
        "highway": "residential",
        "highwayCategory": "Galli / Local Lane",
        "isGalli": true
      },
      "geometry": {
        "type": "LineString",
        "coordinates": [
          [
            80.2416149,
            13.0286462
          ],
          [
            80.2414697,
            13.0280652
          ],
          [
            80.2419645,
            13.027959
          ],
          [
            80.2420868,
            13.0285283
          ]
        ]
      }
    },
    {
      "type": "Feature",
      "id": "osm-23135517",
      "properties": {
        "osmid": 23135517,
        "name": "3rd Street",
        "highway": "residential",
        "highwayCategory": "Galli / Local Lane",
        "isGalli": true
      },
      "geometry": {
        "type": "LineString",
        "coordinates": [
          [
            80.2407443,
            13.0288709
          ],
          [
            80.2411069,
            13.0301091
          ],
          [
            80.241154,
            13.0302698
          ],
          [
            80.2412356,
            13.0303976
          ]
        ]
      }
    },
    {
      "type": "Feature",
      "id": "osm-23135518",
      "properties": {
        "osmid": 23135518,
        "name": "2nd Street",
        "highway": "residential",
        "highwayCategory": "Galli / Local Lane",
        "isGalli": true
      },
      "geometry": {
        "type": "LineString",
        "coordinates": [
          [
            80.2403401,
            13.0289811
          ],
          [
            80.2406729,
            13.030245
          ],
          [
            80.2407691,
            13.0306104
          ]
        ]
      }
    },
    {
      "type": "Feature",
      "id": "osm-23135519",
      "properties": {
        "osmid": 23135519,
        "name": "Turnbulls 1st Cross",
        "highway": "residential",
        "highwayCategory": "Galli / Local Lane",
        "isGalli": true
      },
      "geometry": {
        "type": "LineString",
        "coordinates": [
          [
            80.247099,
            13.0285186
          ],
          [
            80.2463658,
            13.0286969
          ],
          [
            80.2457492,
            13.0288691
          ]
        ]
      }
    },
    {
      "type": "Feature",
      "id": "osm-23135520",
      "properties": {
        "osmid": 23135520,
        "name": "TTK Road",
        "highway": "secondary",
        "highwayCategory": "Municipal Thoroughfare",
        "isGalli": false
      },
      "geometry": {
        "type": "LineString",
        "coordinates": [
          [
            80.2498159,
            13.0288622
          ],
          [
            80.2498838,
            13.0289857
          ]
        ]
      }
    },
    {
      "type": "Feature",
      "id": "osm-23135521",
      "properties": {
        "osmid": 23135521,
        "name": "10th Street",
        "highway": "residential",
        "highwayCategory": "Galli / Local Lane",
        "isGalli": true
      },
      "geometry": {
        "type": "LineString",
        "coordinates": [
          [
            80.2435295,
            13.026881
          ],
          [
            80.243708,
            13.0279169
          ],
          [
            80.2437541,
            13.0283217
          ],
          [
            80.2438044,
            13.0286132
          ],
          [
            80.2438657,
            13.0290483
          ],
          [
            80.2439151,
            13.0296038
          ]
        ]
      }
    },
    {
      "type": "Feature",
      "id": "osm-23135522",
      "properties": {
        "osmid": 23135522,
        "name": "Archbishop Mathias Road",
        "highway": "tertiary",
        "highwayCategory": "Municipal Thoroughfare",
        "isGalli": false
      },
      "geometry": {
        "type": "LineString",
        "coordinates": [
          [
            80.2490265,
            13.0278423
          ],
          [
            80.2487679,
            13.0279474
          ],
          [
            80.2483152,
            13.0281313
          ],
          [
            80.248004,
            13.0281804
          ],
          [
            80.2478463,
            13.0281245
          ],
          [
            80.2475518,
            13.0278257
          ],
          [
            80.2474578,
            13.0277327
          ],
          [
            80.2473256,
            13.0276019
          ],
          [
            80.2468923,
            13.0271732
          ],
          [
            80.2465215,
            13.0268064
          ],
          [
            80.2464674,
            13.0268127
          ],
          [
            80.2462521,
            13.0268379
          ],
          [
            80.2461689,
            13.0268476
          ],
          [
            80.245559,
            13.026933
          ],
          [
            80.2454557,
            13.0270077
          ]
        ]
      }
    },
    {
      "type": "Feature",
      "id": "osm-23135525",
      "properties": {
        "osmid": 23135525,
        "name": "Sathya Narayana Avenue",
        "highway": "residential",
        "highwayCategory": "Galli / Local Lane",
        "isGalli": true
      },
      "geometry": {
        "type": "LineString",
        "coordinates": [
          [
            80.2505979,
            13.0253132
          ],
          [
            80.2515462,
            13.0249964
          ],
          [
            80.2515643,
            13.024984
          ],
          [
            80.2515694,
            13.0249615
          ],
          [
            80.251571,
            13.0249409
          ],
          [
            80.2515623,
            13.024918
          ],
          [
            80.2514541,
            13.0246439
          ],
          [
            80.2513349,
            13.0243247
          ],
          [
            80.2511787,
            13.0238492
          ],
          [
            80.2511673,
            13.0238198
          ],
          [
            80.2511527,
            13.0237992
          ],
          [
            80.2511298,
            13.0237833
          ],
          [
            80.251101,
            13.0237787
          ],
          [
            80.2501257,
            13.0241281
          ]
        ]
      }
    },
    {
      "type": "Feature",
      "id": "osm-23135527",
      "properties": {
        "osmid": 23135527,
        "name": "Boat Club Road",
        "highway": "residential",
        "highwayCategory": "Galli / Local Lane",
        "isGalli": true
      },
      "geometry": {
        "type": "LineString",
        "coordinates": [
          [
            80.2493154,
            13.022675
          ],
          [
            80.2496862,
            13.0234506
          ],
          [
            80.249824,
            13.0236902
          ],
          [
            80.2499893,
            13.023848
          ],
          [
            80.2501257,
            13.0241281
          ],
          [
            80.2501642,
            13.0242249
          ],
          [
            80.2503743,
            13.024752
          ],
          [
            80.2505979,
            13.0253132
          ],
          [
            80.2506798,
            13.025542
          ],
          [
            80.2507777,
            13.0257986
          ],
          [
            80.2509177,
            13.0262592
          ],
          [
            80.2513913,
            13.0275704
          ],
          [
            80.2515395,
            13.0277956
          ],
          [
            80.251565,
            13.0278401
          ]
        ]
      }
    },
    {
      "type": "Feature",
      "id": "osm-23135646",
      "properties": {
        "osmid": 23135646,
        "name": "Sriram Nagar South Street",
        "highway": "residential",
        "highwayCategory": "Galli / Local Lane",
        "isGalli": true
      },
      "geometry": {
        "type": "LineString",
        "coordinates": [
          [
            80.2493418,
            13.0310313
          ],
          [
            80.2493569,
            13.0310231
          ],
          [
            80.249383,
            13.0310172
          ],
          [
            80.2511575,
            13.0306569
          ]
        ]
      }
    },
    {
      "type": "Feature",
      "id": "osm-23135648",
      "properties": {
        "osmid": 23135648,
        "name": "Alwarpet Street",
        "highway": "tertiary",
        "highwayCategory": "Municipal Thoroughfare",
        "isGalli": false
      },
      "geometry": {
        "type": "LineString",
        "coordinates": [
          [
            80.2516257,
            13.0335097
          ],
          [
            80.2515676,
            13.0335064
          ],
          [
            80.251002,
            13.0335434
          ],
          [
            80.2505582,
            13.0336688
          ],
          [
            80.2503965,
            13.0336825
          ],
          [
            80.250266,
            13.033706
          ],
          [
            80.2498701,
            13.0337733
          ]
        ]
      }
    },
    {
      "type": "Feature",
      "id": "osm-23135649",
      "properties": {
        "osmid": 23135649,
        "name": "Abhiramapuram 4th Street",
        "highway": "residential",
        "highwayCategory": "Galli / Local Lane",
        "isGalli": true
      },
      "geometry": {
        "type": "LineString",
        "coordinates": [
          [
            80.2522043,
            13.0311755
          ],
          [
            80.2523122,
            13.0311788
          ],
          [
            80.253011,
            13.0311605
          ],
          [
            80.25311,
            13.0311599
          ],
          [
            80.2543032,
            13.031103
          ],
          [
            80.2546468,
            13.0310574
          ],
          [
            80.2548631,
            13.0310037
          ],
          [
            80.2553293,
            13.0309925
          ],
          [
            80.2566508,
            13.0308997
          ]
        ]
      }
    },
    {
      "type": "Feature",
      "id": "osm-23135650",
      "properties": {
        "osmid": 23135650,
        "name": "Ananda Street",
        "highway": "residential",
        "highwayCategory": "Galli / Local Lane",
        "isGalli": true
      },
      "geometry": {
        "type": "LineString",
        "coordinates": [
          [
            80.2547886,
            13.0334755
          ],
          [
            80.2548301,
            13.0342575
          ],
          [
            80.2548938,
            13.03504
          ]
        ]
      }
    },
    {
      "type": "Feature",
      "id": "osm-23135659",
      "properties": {
        "osmid": 23135659,
        "name": "Chitranjan Road",
        "highway": "tertiary",
        "highwayCategory": "Municipal Thoroughfare",
        "isGalli": false
      },
      "geometry": {
        "type": "LineString",
        "coordinates": [
          [
            80.2495095,
            13.032961
          ],
          [
            80.2483002,
            13.0330275
          ],
          [
            80.2480826,
            13.0330544
          ],
          [
            80.2477064,
            13.0331008
          ],
          [
            80.245965,
            13.0332297
          ]
        ]
      }
    },
    {
      "type": "Feature",
      "id": "osm-23135689",
      "properties": {
        "osmid": 23135689,
        "name": "St. Mary's Road",
        "highway": "secondary",
        "highwayCategory": "Municipal Thoroughfare",
        "isGalli": false
      },
      "geometry": {
        "type": "LineString",
        "coordinates": [
          [
            80.2501638,
            13.0293291
          ],
          [
            80.2503607,
            13.0291958
          ],
          [
            80.2506786,
            13.0291083
          ],
          [
            80.2516482,
            13.0290237
          ],
          [
            80.2518568,
            13.0290265
          ],
          [
            80.2519091,
            13.0290279
          ],
          [
            80.2521017,
            13.029033
          ],
          [
            80.2527438,
            13.0290502
          ],
          [
            80.2528458,
            13.0290544
          ],
          [
            80.2529795,
            13.0290668
          ],
          [
            80.2532631,
            13.0290837
          ],
          [
            80.2535829,
            13.0290963
          ],
          [
            80.2539777,
            13.0291172
          ]
        ]
      }
    },
    {
      "type": "Feature",
      "id": "osm-23135804",
      "properties": {
        "osmid": 23135804,
        "name": "Avvai Shanmugam Salai",
        "highway": "tertiary",
        "highwayCategory": "Municipal Thoroughfare",
        "isGalli": false
      },
      "geometry": {
        "type": "LineString",
        "coordinates": [
          [
            80.268773,
            13.0475239
          ],
          [
            80.2698948,
            13.0474646
          ],
          [
            80.2700932,
            13.0474588
          ],
          [
            80.2705106,
            13.0474488
          ],
          [
            80.27067,
            13.0474432
          ],
          [
            80.2710134,
            13.0474398
          ],
          [
            80.2714359,
            13.0473938
          ],
          [
            80.2721516,
            13.0473622
          ],
          [
            80.2722165,
            13.0473622
          ],
          [
            80.2723867,
            13.0473384
          ],
          [
            80.2725063,
            13.0473224
          ],
          [
            80.2727112,
            13.0472684
          ],
          [
            80.272825,
            13.047248
          ],
          [
            80.2730975,
            13.0471996
          ],
          [
            80.2739925,
            13.0470312
          ],
          [
            80.2745848,
            13.0469375
          ],
          [
            80.2749412,
            13.0468893
          ],
          [
            80.2760069,
            13.0467535
          ],
          [
            80.2763528,
            13.0467078
          ],
          [
            80.2768863,
            13.0466354
          ],
          [
            80.2769611,
            13.0466401
          ]
        ]
      }
    },
    {
      "type": "Feature",
      "id": "osm-23137300",
      "properties": {
        "osmid": 23137300,
        "name": "TTK 1st Cross",
        "highway": "tertiary",
        "highwayCategory": "Municipal Thoroughfare",
        "isGalli": false
      },
      "geometry": {
        "type": "LineString",
        "coordinates": [
          [
            80.2525217,
            13.0324844
          ],
          [
            80.2516269,
            13.0325452
          ],
          [
            80.2506437,
            13.0326426
          ],
          [
            80.2501909,
            13.0327489
          ],
          [
            80.2499342,
            13.0328652
          ],
          [
            80.2496849,
            13.0329217
          ],
          [
            80.2495095,
            13.032961
          ]
        ]
      }
    },
    {
      "type": "Feature",
      "id": "osm-23137336",
      "properties": {
        "osmid": 23137336,
        "name": "RA Puram 2nd Cross Street",
        "highway": "residential",
        "highwayCategory": "Galli / Local Lane",
        "isGalli": true
      },
      "geometry": {
        "type": "LineString",
        "coordinates": [
          [
            80.256716,
            13.0241448
          ],
          [
            80.256796,
            13.0245684
          ],
          [
            80.2568442,
            13.0251475
          ],
          [
            80.256849,
            13.0255586
          ],
          [
            80.256851,
            13.0257275
          ],
          [
            80.2564339,
            13.0263437
          ],
          [
            80.2560073,
            13.0270902
          ]
        ]
      }
    },
    {
      "type": "Feature",
      "id": "osm-23137338",
      "properties": {
        "osmid": 23137338,
        "name": "4th Cross Street",
        "highway": "residential",
        "highwayCategory": "Galli / Local Lane",
        "isGalli": true
      },
      "geometry": {
        "type": "LineString",
        "coordinates": [
          [
            80.2580766,
            13.0257741
          ],
          [
            80.2576689,
            13.0263657
          ],
          [
            80.2572099,
            13.0270949
          ]
        ]
      }
    },
    {
      "type": "Feature",
      "id": "osm-23161525",
      "properties": {
        "osmid": 23161525,
        "name": "Krishna Rao Street",
        "highway": "residential",
        "highwayCategory": "Galli / Local Lane",
        "isGalli": true
      },
      "geometry": {
        "type": "LineString",
        "coordinates": [
          [
            80.2434101,
            13.0390602
          ],
          [
            80.2426959,
            13.0391293
          ],
          [
            80.2407204,
            13.0393205
          ],
          [
            80.2405894,
            13.0393242
          ],
          [
            80.240522,
            13.0393154
          ],
          [
            80.240497,
            13.0392903
          ],
          [
            80.2404359,
            13.0386388
          ]
        ]
      }
    },
    {
      "type": "Feature",
      "id": "osm-23161526",
      "properties": {
        "osmid": 23161526,
        "name": "Basudev Street",
        "highway": "residential",
        "highwayCategory": "Galli / Local Lane",
        "isGalli": true
      },
      "geometry": {
        "type": "LineString",
        "coordinates": [
          [
            80.2398763,
            13.0398721
          ],
          [
            80.2407522,
            13.0397775
          ]
        ]
      }
    },
    {
      "type": "Feature",
      "id": "osm-23161527",
      "properties": {
        "osmid": 23161527,
        "name": "Saravanan Street",
        "highway": "residential",
        "highwayCategory": "Galli / Local Lane",
        "isGalli": true
      },
      "geometry": {
        "type": "LineString",
        "coordinates": [
          [
            80.239674,
            13.0381504
          ],
          [
            80.2400464,
            13.0381083
          ],
          [
            80.243074,
            13.0377661
          ]
        ]
      }
    },
    {
      "type": "Feature",
      "id": "osm-23161528",
      "properties": {
        "osmid": 23161528,
        "name": "Local Corridor",
        "highway": "service",
        "highwayCategory": "Galli / Local Lane",
        "isGalli": true
      },
      "geometry": {
        "type": "LineString",
        "coordinates": [
          [
            80.2443866,
            13.0379339
          ],
          [
            80.2443365,
            13.037942
          ],
          [
            80.2440135,
            13.0380458
          ]
        ]
      }
    },
    {
      "type": "Feature",
      "id": "osm-23161529",
      "properties": {
        "osmid": 23161529,
        "name": "Vaithyaram Street",
        "highway": "residential",
        "highwayCategory": "Galli / Local Lane",
        "isGalli": true
      },
      "geometry": {
        "type": "LineString",
        "coordinates": [
          [
            80.2394517,
            13.0363377
          ],
          [
            80.2426967,
            13.0359729
          ]
        ]
      }
    },
    {
      "type": "Feature",
      "id": "osm-23161530",
      "properties": {
        "osmid": 23161530,
        "name": "Neelakanta Mehta Street",
        "highway": "residential",
        "highwayCategory": "Galli / Local Lane",
        "isGalli": true
      },
      "geometry": {
        "type": "LineString",
        "coordinates": [
          [
            80.2395492,
            13.0371847
          ],
          [
            80.2429324,
            13.0368088
          ]
        ]
      }
    },
    {
      "type": "Feature",
      "id": "osm-23161534",
      "properties": {
        "osmid": 23161534,
        "name": "Mylai Ranganathan Street",
        "highway": "residential",
        "highwayCategory": "Galli / Local Lane",
        "isGalli": true
      },
      "geometry": {
        "type": "LineString",
        "coordinates": [
          [
            80.2367458,
            13.0371782
          ],
          [
            80.2395071,
            13.0368446
          ]
        ]
      }
    },
    {
      "type": "Feature",
      "id": "osm-23161535",
      "properties": {
        "osmid": 23161535,
        "name": "Baganantham Street",
        "highway": "residential",
        "highwayCategory": "Galli / Local Lane",
        "isGalli": true
      },
      "geometry": {
        "type": "LineString",
        "coordinates": [
          [
            80.2393957,
            13.0360469
          ],
          [
            80.2387763,
            13.0361183
          ],
          [
            80.2379377,
            13.0362169
          ],
          [
            80.2378261,
            13.0362033
          ],
          [
            80.2377141,
            13.0361728
          ],
          [
            80.2375704,
            13.0360924
          ],
          [
            80.2369,
            13.0356608
          ]
        ]
      }
    },
    {
      "type": "Feature",
      "id": "osm-23161537",
      "properties": {
        "osmid": 23161537,
        "name": "Crescent Park Street",
        "highway": "residential",
        "highwayCategory": "Galli / Local Lane",
        "isGalli": true
      },
      "geometry": {
        "type": "LineString",
        "coordinates": [
          [
            80.2372049,
            13.0378797
          ],
          [
            80.239601,
            13.0376054
          ]
        ]
      }
    },
    {
      "type": "Feature",
      "id": "osm-23161545",
      "properties": {
        "osmid": 23161545,
        "name": "Dr Thomas 2nd Street",
        "highway": "residential",
        "highwayCategory": "Galli / Local Lane",
        "isGalli": true
      },
      "geometry": {
        "type": "LineString",
        "coordinates": [
          [
            80.2428042,
            13.036267
          ],
          [
            80.2438456,
            13.0359881
          ]
        ]
      }
    },
    {
      "type": "Feature",
      "id": "osm-23161553",
      "properties": {
        "osmid": 23161553,
        "name": "Dr Thomas 1st Street",
        "highway": "residential",
        "highwayCategory": "Galli / Local Lane",
        "isGalli": true
      },
      "geometry": {
        "type": "LineString",
        "coordinates": [
          [
            80.2442715,
            13.0374682
          ],
          [
            80.2439964,
            13.0375423
          ],
          [
            80.243074,
            13.0377661
          ]
        ]
      }
    },
    {
      "type": "Feature",
      "id": "osm-23161554",
      "properties": {
        "osmid": 23161554,
        "name": "Local Corridor",
        "highway": "residential",
        "highwayCategory": "Galli / Local Lane",
        "isGalli": true
      },
      "geometry": {
        "type": "LineString",
        "coordinates": [
          [
            80.2390372,
            13.033986
          ],
          [
            80.2393225,
            13.0334316
          ]
        ]
      }
    },
    {
      "type": "Feature",
      "id": "osm-23161555",
      "properties": {
        "osmid": 23161555,
        "name": "Hindi Prachar Sabha Road",
        "highway": "tertiary",
        "highwayCategory": "Municipal Thoroughfare",
        "isGalli": false
      },
      "geometry": {
        "type": "LineString",
        "coordinates": [
          [
            80.2388298,
            13.0338572
          ],
          [
            80.2390372,
            13.033986
          ],
          [
            80.2392501,
            13.034095
          ],
          [
            80.2393495,
            13.0340883
          ],
          [
            80.2394011,
            13.0340849
          ],
          [
            80.2398337,
            13.0340082
          ],
          [
            80.240569,
            13.0339079
          ],
          [
            80.2407087,
            13.033872
          ],
          [
            80.2410743,
            13.0335706
          ]
        ]
      }
    },
    {
      "type": "Feature",
      "id": "osm-23161557",
      "properties": {
        "osmid": 23161557,
        "name": "Arcot Street",
        "highway": "residential",
        "highwayCategory": "Galli / Local Lane",
        "isGalli": true
      },
      "geometry": {
        "type": "LineString",
        "coordinates": [
          [
            80.2426959,
            13.0391293
          ],
          [
            80.2426306,
            13.0383946
          ]
        ]
      }
    },
    {
      "type": "Feature",
      "id": "osm-23161560",
      "properties": {
        "osmid": 23161560,
        "name": "Burkit Road",
        "highway": "secondary",
        "highwayCategory": "Municipal Thoroughfare",
        "isGalli": false
      },
      "geometry": {
        "type": "LineString",
        "coordinates": [
          [
            80.2334729,
            13.0346157
          ],
          [
            80.2348804,
            13.0344495
          ],
          [
            80.235291,
            13.034401
          ],
          [
            80.2369641,
            13.0341555
          ]
        ]
      }
    },
    {
      "type": "Feature",
      "id": "osm-23161566",
      "properties": {
        "osmid": 23161566,
        "name": "New Boag Road",
        "highway": "secondary",
        "highwayCategory": "Municipal Thoroughfare",
        "isGalli": false
      },
      "geometry": {
        "type": "LineString",
        "coordinates": [
          [
            80.2307615,
            13.030776
          ],
          [
            80.230653,
            13.0307619
          ],
          [
            80.2303034,
            13.0306766
          ],
          [
            80.2300206,
            13.030593
          ],
          [
            80.2299731,
            13.0305768
          ],
          [
            80.229875,
            13.0305141
          ],
          [
            80.2293647,
            13.0303404
          ],
          [
            80.2291536,
            13.0303179
          ],
          [
            80.2288912,
            13.0303219
          ],
          [
            80.2286202,
            13.0303505
          ],
          [
            80.2279476,
            13.0304218
          ],
          [
            80.2278123,
            13.0304368
          ],
          [
            80.2276385,
            13.030456
          ],
          [
            80.2276277,
            13.0304572
          ],
          [
            80.2274518,
            13.0304771
          ]
        ]
      }
    },
    {
      "type": "Feature",
      "id": "osm-23161567",
      "properties": {
        "osmid": 23161567,
        "name": "South West Boag Road",
        "highway": "tertiary",
        "highwayCategory": "Municipal Thoroughfare",
        "isGalli": false
      },
      "geometry": {
        "type": "LineString",
        "coordinates": [
          [
            80.2370632,
            13.0319889
          ],
          [
            80.2347006,
            13.0315646
          ],
          [
            80.234078,
            13.031443
          ],
          [
            80.2337641,
            13.0313841
          ],
          [
            80.2335157,
            13.031332
          ],
          [
            80.2329217,
            13.031206
          ],
          [
            80.2307615,
            13.030776
          ]
        ]
      }
    },
    {
      "type": "Feature",
      "id": "osm-23161686",
      "properties": {
        "osmid": 23161686,
        "name": "3rd Main Road",
        "highway": "secondary",
        "highwayCategory": "Municipal Thoroughfare",
        "isGalli": false
      },
      "geometry": {
        "type": "LineString",
        "coordinates": [
          [
            80.2328321,
            13.0279325
          ],
          [
            80.2328431,
            13.0277797
          ],
          [
            80.2328611,
            13.027603
          ],
          [
            80.2329391,
            13.0270637
          ],
          [
            80.2330185,
            13.0266853
          ]
        ]
      }
    },
    {
      "type": "Feature",
      "id": "osm-23163886",
      "properties": {
        "osmid": 23163886,
        "name": "Daniel Street",
        "highway": "residential",
        "highwayCategory": "Galli / Local Lane",
        "isGalli": true
      },
      "geometry": {
        "type": "LineString",
        "coordinates": [
          [
            80.2407204,
            13.0393205
          ],
          [
            80.2407522,
            13.0397775
          ],
          [
            80.2408099,
            13.0402571
          ],
          [
            80.2408166,
            13.0403129
          ]
        ]
      }
    },
    {
      "type": "Feature",
      "id": "osm-23163888",
      "properties": {
        "osmid": 23163888,
        "name": "Kumaran Colony 1st Street",
        "highway": "tertiary",
        "highwayCategory": "Municipal Thoroughfare",
        "isGalli": false
      },
      "geometry": {
        "type": "LineString",
        "coordinates": [
          [
            80.2216806,
            13.0284662
          ],
          [
            80.2230709,
            13.0284661
          ],
          [
            80.2239623,
            13.0284717
          ]
        ]
      }
    },
    {
      "type": "Feature",
      "id": "osm-23163891",
      "properties": {
        "osmid": 23163891,
        "name": "Hospital Road",
        "highway": "residential",
        "highwayCategory": "Galli / Local Lane",
        "isGalli": true
      },
      "geometry": {
        "type": "LineString",
        "coordinates": [
          [
            80.2259088,
            13.0301835
          ],
          [
            80.2263279,
            13.0301021
          ],
          [
            80.2273414,
            13.0299323
          ]
        ]
      }
    },
    {
      "type": "Feature",
      "id": "osm-23163892",
      "properties": {
        "osmid": 23163892,
        "name": "Gandhi Street",
        "highway": "residential",
        "highwayCategory": "Galli / Local Lane",
        "isGalli": true
      },
      "geometry": {
        "type": "LineString",
        "coordinates": [
          [
            80.2255814,
            13.0286918
          ],
          [
            80.225965,
            13.0286124
          ],
          [
            80.2270749,
            13.0284283
          ],
          [
            80.2271665,
            13.0284037
          ]
        ]
      }
    },
    {
      "type": "Feature",
      "id": "osm-23163893",
      "properties": {
        "osmid": 23163893,
        "name": "2nd Street",
        "highway": "residential",
        "highwayCategory": "Galli / Local Lane",
        "isGalli": true
      },
      "geometry": {
        "type": "LineString",
        "coordinates": [
          [
            80.2258853,
            13.0282201
          ],
          [
            80.2258959,
            13.0282775
          ],
          [
            80.225965,
            13.0286124
          ],
          [
            80.2260559,
            13.0289763
          ],
          [
            80.2261726,
            13.0294015
          ],
          [
            80.2262754,
            13.0298222
          ],
          [
            80.2263279,
            13.0301021
          ]
        ]
      }
    },
    {
      "type": "Feature",
      "id": "osm-23163894",
      "properties": {
        "osmid": 23163894,
        "name": "Local Corridor",
        "highway": "residential",
        "highwayCategory": "Galli / Local Lane",
        "isGalli": true
      },
      "geometry": {
        "type": "LineString",
        "coordinates": [
          [
            80.2272367,
            13.0292099
          ],
          [
            80.2268707,
            13.029283
          ],
          [
            80.2265379,
            13.0293366
          ],
          [
            80.2261726,
            13.0294015
          ]
        ]
      }
    },
    {
      "type": "Feature",
      "id": "osm-23163895",
      "properties": {
        "osmid": 23163895,
        "name": "Local Corridor",
        "highway": "residential",
        "highwayCategory": "Galli / Local Lane",
        "isGalli": true
      },
      "geometry": {
        "type": "LineString",
        "coordinates": [
          [
            80.2262754,
            13.0298222
          ],
          [
            80.2266101,
            13.0297526
          ],
          [
            80.2269544,
            13.0297055
          ],
          [
            80.2272982,
            13.0296405
          ]
        ]
      }
    },
    {
      "type": "Feature",
      "id": "osm-23163896",
      "properties": {
        "osmid": 23163896,
        "name": "Local Corridor",
        "highway": "residential",
        "highwayCategory": "Galli / Local Lane",
        "isGalli": true
      },
      "geometry": {
        "type": "LineString",
        "coordinates": [
          [
            80.2266101,
            13.0297526
          ],
          [
            80.2265379,
            13.0293366
          ]
        ]
      }
    },
    {
      "type": "Feature",
      "id": "osm-23163897",
      "properties": {
        "osmid": 23163897,
        "name": "Local Corridor",
        "highway": "residential",
        "highwayCategory": "Galli / Local Lane",
        "isGalli": true
      },
      "geometry": {
        "type": "LineString",
        "coordinates": [
          [
            80.2269544,
            13.0297055
          ],
          [
            80.2268707,
            13.029283
          ]
        ]
      }
    },
    {
      "type": "Feature",
      "id": "osm-23163898",
      "properties": {
        "osmid": 23163898,
        "name": "Local Corridor",
        "highway": "residential",
        "highwayCategory": "Galli / Local Lane",
        "isGalli": true
      },
      "geometry": {
        "type": "LineString",
        "coordinates": [
          [
            80.2260559,
            13.0289763
          ],
          [
            80.2271375,
            13.0287714
          ]
        ]
      }
    },
    {
      "type": "Feature",
      "id": "osm-23163900",
      "properties": {
        "osmid": 23163900,
        "name": "West Road",
        "highway": "residential",
        "highwayCategory": "Galli / Local Lane",
        "isGalli": true
      },
      "geometry": {
        "type": "LineString",
        "coordinates": [
          [
            80.2279158,
            13.0283147
          ],
          [
            80.2278808,
            13.0278774
          ],
          [
            80.2278279,
            13.0273241
          ],
          [
            80.2278012,
            13.027009
          ],
          [
            80.2278941,
            13.0268845
          ],
          [
            80.2283798,
            13.026382
          ],
          [
            80.2290743,
            13.0257685
          ]
        ]
      }
    },
    {
      "type": "Feature",
      "id": "osm-23163901",
      "properties": {
        "osmid": 23163901,
        "name": "1st Cross Street",
        "highway": "residential",
        "highwayCategory": "Galli / Local Lane",
        "isGalli": true
      },
      "geometry": {
        "type": "LineString",
        "coordinates": [
          [
            80.2301552,
            13.0289781
          ],
          [
            80.2284971,
            13.0279229
          ],
          [
            80.2282961,
            13.0278685
          ],
          [
            80.2278808,
            13.0278774
          ]
        ]
      }
    },
    {
      "type": "Feature",
      "id": "osm-23163903",
      "properties": {
        "osmid": 23163903,
        "name": "2nd Cross Street",
        "highway": "residential",
        "highwayCategory": "Galli / Local Lane",
        "isGalli": true
      },
      "geometry": {
        "type": "LineString",
        "coordinates": [
          [
            80.2278279,
            13.0273241
          ],
          [
            80.2282207,
            13.0273199
          ],
          [
            80.2285599,
            13.0273827
          ],
          [
            80.2287902,
            13.0274874
          ],
          [
            80.2296258,
            13.0279981
          ],
          [
            80.2301954,
            13.0283521
          ]
        ]
      }
    },
    {
      "type": "Feature",
      "id": "osm-23163906",
      "properties": {
        "osmid": 23163906,
        "name": "Local Corridor",
        "highway": "residential",
        "highwayCategory": "Galli / Local Lane",
        "isGalli": true
      },
      "geometry": {
        "type": "LineString",
        "coordinates": [
          [
            80.2291536,
            13.0303179
          ],
          [
            80.2291233,
            13.0296388
          ],
          [
            80.2291055,
            13.0292406
          ]
        ]
      }
    },
    {
      "type": "Feature",
      "id": "osm-23163907",
      "properties": {
        "osmid": 23163907,
        "name": "Local Corridor",
        "highway": "residential",
        "highwayCategory": "Galli / Local Lane",
        "isGalli": true
      },
      "geometry": {
        "type": "LineString",
        "coordinates": [
          [
            80.2288912,
            13.0303219
          ],
          [
            80.2288621,
            13.0296458
          ],
          [
            80.2288414,
            13.0291866
          ]
        ]
      }
    },
    {
      "type": "Feature",
      "id": "osm-23163909",
      "properties": {
        "osmid": 23163909,
        "name": "2nd Street",
        "highway": "residential",
        "highwayCategory": "Galli / Local Lane",
        "isGalli": true
      },
      "geometry": {
        "type": "LineString",
        "coordinates": [
          [
            80.228678,
            13.0309712
          ],
          [
            80.2274348,
            13.0311182
          ]
        ]
      }
    },
    {
      "type": "Feature",
      "id": "osm-23163911",
      "properties": {
        "osmid": 23163911,
        "name": "Siddhi Vinayagar Koil Street",
        "highway": "residential",
        "highwayCategory": "Galli / Local Lane",
        "isGalli": true
      },
      "geometry": {
        "type": "LineString",
        "coordinates": [
          [
            80.2287575,
            13.0316741
          ],
          [
            80.227522,
            13.0317432
          ],
          [
            80.2265603,
            13.0318118
          ]
        ]
      }
    },
    {
      "type": "Feature",
      "id": "osm-23163912",
      "properties": {
        "osmid": 23163912,
        "name": "Bhajanai Koil Street",
        "highway": "residential",
        "highwayCategory": "Galli / Local Lane",
        "isGalli": true
      },
      "geometry": {
        "type": "LineString",
        "coordinates": [
          [
            80.23057,
            13.0319784
          ],
          [
            80.230396,
            13.0319757
          ],
          [
            80.2303044,
            13.0320096
          ],
          [
            80.2301988,
            13.0320487
          ],
          [
            80.2298247,
            13.0321299
          ],
          [
            80.2296428,
            13.0321162
          ],
          [
            80.2293713,
            13.0320823
          ],
          [
            80.2292988,
            13.0320704
          ],
          [
            80.2288271,
            13.032062
          ],
          [
            80.2273033,
            13.0321616
          ],
          [
            80.2266426,
            13.0323056
          ]
        ]
      }
    },
    {
      "type": "Feature",
      "id": "osm-23163913",
      "properties": {
        "osmid": 23163913,
        "name": "Varadarajan Street",
        "highway": "residential",
        "highwayCategory": "Galli / Local Lane",
        "isGalli": true
      },
      "geometry": {
        "type": "LineString",
        "coordinates": [
          [
            80.2266144,
            13.0327787
          ],
          [
            80.227035,
            13.0327273
          ],
          [
            80.2275437,
            13.0326378
          ],
          [
            80.2288777,
            13.0324687
          ]
        ]
      }
    },
    {
      "type": "Feature",
      "id": "osm-23163914",
      "properties": {
        "osmid": 23163914,
        "name": "Madley 2nd Street",
        "highway": "residential",
        "highwayCategory": "Galli / Local Lane",
        "isGalli": true
      },
      "geometry": {
        "type": "LineString",
        "coordinates": [
          [
            80.2289734,
            13.0333308
          ],
          [
            80.2281089,
            13.0334783
          ],
          [
            80.2274388,
            13.0337266
          ],
          [
            80.2272588,
            13.0331051
          ],
          [
            80.2272528,
            13.0330934
          ]
        ]
      }
    },
    {
      "type": "Feature",
      "id": "osm-23163915",
      "properties": {
        "osmid": 23163915,
        "name": "Madley 1st Street",
        "highway": "residential",
        "highwayCategory": "Galli / Local Lane",
        "isGalli": true
      },
      "geometry": {
        "type": "LineString",
        "coordinates": [
          [
            80.2290496,
            13.0339472
          ],
          [
            80.2284206,
            13.0340474
          ],
          [
            80.2278084,
            13.0341796
          ],
          [
            80.2276169,
            13.0342326
          ],
          [
            80.2275972,
            13.0342457
          ]
        ]
      }
    },
    {
      "type": "Feature",
      "id": "osm-23163919",
      "properties": {
        "osmid": 23163919,
        "name": "Police Quarters Road",
        "highway": "residential",
        "highwayCategory": "Galli / Local Lane",
        "isGalli": true
      },
      "geometry": {
        "type": "LineString",
        "coordinates": [
          [
            80.2298247,
            13.0321299
          ],
          [
            80.2297791,
            13.0324697
          ],
          [
            80.2297201,
            13.0329117
          ],
          [
            80.229653,
            13.033698
          ],
          [
            80.2296738,
            13.0340378
          ],
          [
            80.2297209,
            13.0342784
          ],
          [
            80.2298299,
            13.0350969
          ],
          [
            80.2298351,
            13.0351622
          ]
        ]
      }
    },
    {
      "type": "Feature",
      "id": "osm-23163920",
      "properties": {
        "osmid": 23163920,
        "name": "Mamabalam Vegetable Market",
        "highway": "service",
        "highwayCategory": "Galli / Local Lane",
        "isGalli": true
      },
      "geometry": {
        "type": "LineString",
        "coordinates": [
          [
            80.227329,
            13.0353645
          ],
          [
            80.2277334,
            13.0369024
          ],
          [
            80.2278193,
            13.0371379
          ],
          [
            80.2279064,
            13.0373698
          ],
          [
            80.2279979,
            13.0375841
          ]
        ]
      }
    },
    {
      "type": "Feature",
      "id": "osm-23163926",
      "properties": {
        "osmid": 23163926,
        "name": "Natesan Street",
        "highway": "residential",
        "highwayCategory": "Galli / Local Lane",
        "isGalli": true
      },
      "geometry": {
        "type": "LineString",
        "coordinates": [
          [
            80.2277334,
            13.0369024
          ],
          [
            80.2280463,
            13.0368028
          ],
          [
            80.2282826,
            13.0366995
          ],
          [
            80.228507,
            13.0366345
          ],
          [
            80.2298707,
            13.0362075
          ],
          [
            80.2304629,
            13.0360056
          ]
        ]
      }
    },
    {
      "type": "Feature",
      "id": "osm-23163927",
      "properties": {
        "osmid": 23163927,
        "name": "Thukkaram 1st Street",
        "highway": "living_street",
        "highwayCategory": "Galli / Local Lane",
        "isGalli": true
      },
      "geometry": {
        "type": "LineString",
        "coordinates": [
          [
            80.2280463,
            13.0368028
          ],
          [
            80.2278963,
            13.0361858
          ],
          [
            80.2277655,
            13.0356387
          ],
          [
            80.22768,
            13.0352996
          ]
        ]
      }
    },
    {
      "type": "Feature",
      "id": "osm-23163928",
      "properties": {
        "osmid": 23163928,
        "name": "Thukkaram 2nd Street",
        "highway": "living_street",
        "highwayCategory": "Galli / Local Lane",
        "isGalli": true
      },
      "geometry": {
        "type": "LineString",
        "coordinates": [
          [
            80.2282826,
            13.0366995
          ],
          [
            80.2282209,
            13.0363813
          ],
          [
            80.2281697,
            13.0360208
          ],
          [
            80.2280878,
            13.0356638
          ],
          [
            80.2280181,
            13.0352941
          ]
        ]
      }
    },
    {
      "type": "Feature",
      "id": "osm-23163929",
      "properties": {
        "osmid": 23163929,
        "name": "Guild Street",
        "highway": "residential",
        "highwayCategory": "Galli / Local Lane",
        "isGalli": true
      },
      "geometry": {
        "type": "LineString",
        "coordinates": [
          [
            80.2296017,
            13.0352047
          ],
          [
            80.2296393,
            13.0354404
          ],
          [
            80.2296945,
            13.035654
          ],
          [
            80.2298707,
            13.0362075
          ]
        ]
      }
    },
    {
      "type": "Feature",
      "id": "osm-23163930",
      "properties": {
        "osmid": 23163930,
        "name": "Postal Colony",
        "highway": "living_street",
        "highwayCategory": "Galli / Local Lane",
        "isGalli": true
      },
      "geometry": {
        "type": "LineString",
        "coordinates": [
          [
            80.2296945,
            13.035654
          ],
          [
            80.229444,
            13.0357093
          ],
          [
            80.2292468,
            13.035785
          ],
          [
            80.2287224,
            13.0358654
          ]
        ]
      }
    },
    {
      "type": "Feature",
      "id": "osm-23163931",
      "properties": {
        "osmid": 23163931,
        "name": "Local Corridor",
        "highway": "service",
        "highwayCategory": "Galli / Local Lane",
        "isGalli": true
      },
      "geometry": {
        "type": "LineString",
        "coordinates": [
          [
            80.2285862,
            13.0352577
          ],
          [
            80.2283766,
            13.0352106
          ],
          [
            80.22827,
            13.0351867
          ],
          [
            80.2278862,
            13.0351691
          ],
          [
            80.2277393,
            13.0351936
          ],
          [
            80.2273174,
            13.0352721
          ],
          [
            80.2273213,
            13.0353035
          ],
          [
            80.2273221,
            13.0353095
          ],
          [
            80.227329,
            13.0353645
          ],
          [
            80.22768,
            13.0352996
          ],
          [
            80.2280181,
            13.0352941
          ],
          [
            80.2282858,
            13.0353099
          ],
          [
            80.2284832,
            13.0353196
          ],
          [
            80.2285342,
            13.0353014
          ],
          [
            80.2285862,
            13.0352577
          ]
        ]
      }
    },
    {
      "type": "Feature",
      "id": "osm-23163935",
      "properties": {
        "osmid": 23163935,
        "name": "Rameswaram Street",
        "highway": "residential",
        "highwayCategory": "Galli / Local Lane",
        "isGalli": true
      },
      "geometry": {
        "type": "LineString",
        "coordinates": [
          [
            80.2284166,
            13.0374567
          ],
          [
            80.2285683,
            13.0380567
          ],
          [
            80.228641,
            13.0383402
          ],
          [
            80.2288264,
            13.0390631
          ],
          [
            80.2288857,
            13.0392945
          ],
          [
            80.2289919,
            13.0397086
          ]
        ]
      }
    },
    {
      "type": "Feature",
      "id": "osm-23163943",
      "properties": {
        "osmid": 23163943,
        "name": "Local Corridor",
        "highway": "residential",
        "highwayCategory": "Galli / Local Lane",
        "isGalli": true
      },
      "geometry": {
        "type": "LineString",
        "coordinates": [
          [
            80.2284039,
            13.0391622
          ],
          [
            80.2287564,
            13.0390795
          ],
          [
            80.2288264,
            13.0390631
          ]
        ]
      }
    },
    {
      "type": "Feature",
      "id": "osm-23163946",
      "properties": {
        "osmid": 23163946,
        "name": "Local Corridor",
        "highway": "service",
        "highwayCategory": "Galli / Local Lane",
        "isGalli": true
      },
      "geometry": {
        "type": "LineString",
        "coordinates": [
          [
            80.2289919,
            13.0397086
          ],
          [
            80.2290454,
            13.039693
          ],
          [
            80.2295144,
            13.0395786
          ]
        ]
      }
    },
    {
      "type": "Feature",
      "id": "osm-23163948",
      "properties": {
        "osmid": 23163948,
        "name": "Mangesh Street",
        "highway": "residential",
        "highwayCategory": "Galli / Local Lane",
        "isGalli": true
      },
      "geometry": {
        "type": "LineString",
        "coordinates": [
          [
            80.2315664,
            13.0397986
          ],
          [
            80.2304506,
            13.0399931
          ],
          [
            80.2299759,
            13.0400506
          ],
          [
            80.2291158,
            13.040219
          ],
          [
            80.2286589,
            13.0403459
          ],
          [
            80.2286014,
            13.040361
          ]
        ]
      }
    },
    {
      "type": "Feature",
      "id": "osm-23163951",
      "properties": {
        "osmid": 23163951,
        "name": "Maharajapuram Santhanam Salai",
        "highway": "residential",
        "highwayCategory": "Galli / Local Lane",
        "isGalli": true
      },
      "geometry": {
        "type": "LineString",
        "coordinates": [
          [
            80.2293865,
            13.0430415
          ],
          [
            80.2299434,
            13.0429591
          ],
          [
            80.2306553,
            13.0428802
          ],
          [
            80.2322657,
            13.0426746
          ],
          [
            80.2324064,
            13.0426186
          ]
        ]
      }
    },
    {
      "type": "Feature",
      "id": "osm-23163952",
      "properties": {
        "osmid": 23163952,
        "name": "Vasan Street",
        "highway": "residential",
        "highwayCategory": "Galli / Local Lane",
        "isGalli": true
      },
      "geometry": {
        "type": "LineString",
        "coordinates": [
          [
            80.2322797,
            13.04344
          ],
          [
            80.2307459,
            13.0436148
          ]
        ]
      }
    },
    {
      "type": "Feature",
      "id": "osm-23163953",
      "properties": {
        "osmid": 23163953,
        "name": "Bazullah Road",
        "highway": "tertiary",
        "highwayCategory": "Municipal Thoroughfare",
        "isGalli": false
      },
      "geometry": {
        "type": "LineString",
        "coordinates": [
          [
            80.2327289,
            13.0474538
          ],
          [
            80.2325025,
            13.0474371
          ],
          [
            80.2314043,
            13.047583
          ],
          [
            80.2308781,
            13.0476484
          ],
          [
            80.2306532,
            13.0476589
          ],
          [
            80.2305262,
            13.0476657
          ],
          [
            80.2303773,
            13.0476602
          ]
        ]
      }
    },
    {
      "type": "Feature",
      "id": "osm-23163955",
      "properties": {
        "osmid": 23163955,
        "name": "Chari Street",
        "highway": "residential",
        "highwayCategory": "Galli / Local Lane",
        "isGalli": true
      },
      "geometry": {
        "type": "LineString",
        "coordinates": [
          [
            80.2305005,
            13.0484926
          ],
          [
            80.2320066,
            13.048344
          ],
          [
            80.2324942,
            13.048291
          ],
          [
            80.2331706,
            13.0482175
          ]
        ]
      }
    },
    {
      "type": "Feature",
      "id": "osm-23163956",
      "properties": {
        "osmid": 23163956,
        "name": "Ramakrishna Street",
        "highway": "residential",
        "highwayCategory": "Galli / Local Lane",
        "isGalli": true
      },
      "geometry": {
        "type": "LineString",
        "coordinates": [
          [
            80.2334717,
            13.0489692
          ],
          [
            80.2333668,
            13.0490026
          ],
          [
            80.2321143,
            13.04915
          ],
          [
            80.2306347,
            13.0493616
          ]
        ]
      }
    },
    {
      "type": "Feature",
      "id": "osm-23163957",
      "properties": {
        "osmid": 23163957,
        "name": "Unnamalai Ammal Street",
        "highway": "residential",
        "highwayCategory": "Galli / Local Lane",
        "isGalli": true
      },
      "geometry": {
        "type": "LineString",
        "coordinates": [
          [
            80.2307327,
            13.0500292
          ],
          [
            80.2335306,
            13.049634
          ]
        ]
      }
    },
    {
      "type": "Feature",
      "id": "osm-23163958",
      "properties": {
        "osmid": 23163958,
        "name": "Theagaraaya Gramani Street",
        "highway": "residential",
        "highwayCategory": "Galli / Local Lane",
        "isGalli": true
      },
      "geometry": {
        "type": "LineString",
        "coordinates": [
          [
            80.2336506,
            13.0502901
          ],
          [
            80.2321729,
            13.050663
          ],
          [
            80.2319583,
            13.0507171
          ],
          [
            80.2309581,
            13.0509695
          ]
        ]
      }
    },
    {
      "type": "Feature",
      "id": "osm-23163959",
      "properties": {
        "osmid": 23163959,
        "name": "Parthasaratypuram Extn",
        "highway": "residential",
        "highwayCategory": "Galli / Local Lane",
        "isGalli": true
      },
      "geometry": {
        "type": "LineString",
        "coordinates": [
          [
            80.2339371,
            13.0516634
          ],
          [
            80.2332995,
            13.0518506
          ],
          [
            80.2324666,
            13.0520136
          ],
          [
            80.2323009,
            13.0520492
          ],
          [
            80.2319766,
            13.0520909
          ],
          [
            80.2317312,
            13.0521132
          ],
          [
            80.231382,
            13.0521815
          ]
        ]
      }
    },
    {
      "type": "Feature",
      "id": "osm-23163960",
      "properties": {
        "osmid": 23163960,
        "name": "Kolamamani Street",
        "highway": "residential",
        "highwayCategory": "Galli / Local Lane",
        "isGalli": true
      },
      "geometry": {
        "type": "LineString",
        "coordinates": [
          [
            80.2316606,
            13.0531437
          ],
          [
            80.2319561,
            13.05307
          ],
          [
            80.2320002,
            13.0530601
          ],
          [
            80.2328825,
            13.0528616
          ]
        ]
      }
    },
    {
      "type": "Feature",
      "id": "osm-23163961",
      "properties": {
        "osmid": 23163961,
        "name": "Local Corridor",
        "highway": "residential",
        "highwayCategory": "Galli / Local Lane",
        "isGalli": true
      },
      "geometry": {
        "type": "LineString",
        "coordinates": [
          [
            80.2320002,
            13.0530601
          ],
          [
            80.2321224,
            13.0536654
          ]
        ]
      }
    },
    {
      "type": "Feature",
      "id": "osm-23163963",
      "properties": {
        "osmid": 23163963,
        "name": "Parthasaratypuram",
        "highway": "residential",
        "highwayCategory": "Galli / Local Lane",
        "isGalli": true
      },
      "geometry": {
        "type": "LineString",
        "coordinates": [
          [
            80.2332995,
            13.0518506
          ],
          [
            80.233408,
            13.0522409
          ],
          [
            80.2336959,
            13.0531078
          ],
          [
            80.2338553,
            13.0530906
          ],
          [
            80.2343074,
            13.0530191
          ]
        ]
      }
    },
    {
      "type": "Feature",
      "id": "osm-23163965",
      "properties": {
        "osmid": 23163965,
        "name": "kannaiah Street",
        "highway": "residential",
        "highwayCategory": "Galli / Local Lane",
        "isGalli": true
      },
      "geometry": {
        "type": "LineString",
        "coordinates": [
          [
            80.2340931,
            13.0518023
          ],
          [
            80.234522,
            13.0516669
          ],
          [
            80.2347219,
            13.0516118
          ],
          [
            80.2347684,
            13.0515989
          ],
          [
            80.234852,
            13.0515747
          ],
          [
            80.235526,
            13.0513899
          ]
        ]
      }
    },
    {
      "type": "Feature",
      "id": "osm-23163967",
      "properties": {
        "osmid": 23163967,
        "name": "Ramachandran Street",
        "highway": "residential",
        "highwayCategory": "Galli / Local Lane",
        "isGalli": true
      },
      "geometry": {
        "type": "LineString",
        "coordinates": [
          [
            80.2315336,
            13.0450996
          ],
          [
            80.2314915,
            13.0448594
          ],
          [
            80.2314766,
            13.0448311
          ],
          [
            80.2314524,
            13.0448168
          ],
          [
            80.2314277,
            13.0448217
          ],
          [
            80.2310048,
            13.0449132
          ],
          [
            80.230939,
            13.0449367
          ],
          [
            80.2299937,
            13.0451515
          ]
        ]
      }
    },
    {
      "type": "Feature",
      "id": "osm-23163968",
      "properties": {
        "osmid": 23163968,
        "name": "Gandhi Street",
        "highway": "residential",
        "highwayCategory": "Galli / Local Lane",
        "isGalli": true
      },
      "geometry": {
        "type": "LineString",
        "coordinates": [
          [
            80.2308432,
            13.0442204
          ],
          [
            80.2297715,
            13.044492
          ]
        ]
      }
    },
    {
      "type": "Feature",
      "id": "osm-23163969",
      "properties": {
        "osmid": 23163969,
        "name": "Car Track Road",
        "highway": "residential",
        "highwayCategory": "Galli / Local Lane",
        "isGalli": true
      },
      "geometry": {
        "type": "LineString",
        "coordinates": [
          [
            80.2310048,
            13.0449132
          ],
          [
            80.2308432,
            13.0442204
          ],
          [
            80.2307459,
            13.0436148
          ],
          [
            80.2306553,
            13.0428802
          ]
        ]
      }
    },
    {
      "type": "Feature",
      "id": "osm-23163970",
      "properties": {
        "osmid": 23163970,
        "name": "Tanjavur Street",
        "highway": "residential",
        "highwayCategory": "Galli / Local Lane",
        "isGalli": true
      },
      "geometry": {
        "type": "LineString",
        "coordinates": [
          [
            80.2299434,
            13.0429591
          ],
          [
            80.2294919,
            13.0411675
          ]
        ]
      }
    },
    {
      "type": "Feature",
      "id": "osm-23163974",
      "properties": {
        "osmid": 23163974,
        "name": "Viyasar Street",
        "highway": "residential",
        "highwayCategory": "Galli / Local Lane",
        "isGalli": true
      },
      "geometry": {
        "type": "LineString",
        "coordinates": [
          [
            80.2355229,
            13.044621
          ],
          [
            80.234966,
            13.0447188
          ],
          [
            80.2332034,
            13.0449834
          ],
          [
            80.232625,
            13.0450562
          ]
        ]
      }
    },
    {
      "type": "Feature",
      "id": "osm-23163977",
      "properties": {
        "osmid": 23163977,
        "name": "Raja Mannar Street",
        "highway": "residential",
        "highwayCategory": "Galli / Local Lane",
        "isGalli": true
      },
      "geometry": {
        "type": "LineString",
        "coordinates": [
          [
            80.2383913,
            13.043947
          ],
          [
            80.2387419,
            13.0432878
          ]
        ]
      }
    },
    {
      "type": "Feature",
      "id": "osm-23163978",
      "properties": {
        "osmid": 23163978,
        "name": "Lakshmanan Chetty Street",
        "highway": "residential",
        "highwayCategory": "Galli / Local Lane",
        "isGalli": true
      },
      "geometry": {
        "type": "LineString",
        "coordinates": [
          [
            80.2372161,
            13.0439602
          ],
          [
            80.2354583,
            13.0443157
          ]
        ]
      }
    },
    {
      "type": "Feature",
      "id": "osm-23163980",
      "properties": {
        "osmid": 23163980,
        "name": "Arulambal Street",
        "highway": "residential",
        "highwayCategory": "Galli / Local Lane",
        "isGalli": true
      },
      "geometry": {
        "type": "LineString",
        "coordinates": [
          [
            80.2377487,
            13.0444551
          ],
          [
            80.2378289,
            13.0447014
          ],
          [
            80.2379774,
            13.0453195
          ],
          [
            80.2379985,
            13.0453916
          ],
          [
            80.238104,
            13.0458615
          ],
          [
            80.2382514,
            13.0465404
          ]
        ]
      }
    },
    {
      "type": "Feature",
      "id": "osm-23163981",
      "properties": {
        "osmid": 23163981,
        "name": "Sambasivam Street",
        "highway": "residential",
        "highwayCategory": "Galli / Local Lane",
        "isGalli": true
      },
      "geometry": {
        "type": "LineString",
        "coordinates": [
          [
            80.2378289,
            13.0447014
          ],
          [
            80.2356412,
            13.0451346
          ]
        ]
      }
    },
    {
      "type": "Feature",
      "id": "osm-23163982",
      "properties": {
        "osmid": 23163982,
        "name": "Somasundaram Road",
        "highway": "residential",
        "highwayCategory": "Galli / Local Lane",
        "isGalli": true
      },
      "geometry": {
        "type": "LineString",
        "coordinates": [
          [
            80.2356533,
            13.0452
          ],
          [
            80.235081,
            13.0452932
          ],
          [
            80.2333085,
            13.0455387
          ],
          [
            80.2327277,
            13.0456496
          ]
        ]
      }
    },
    {
      "type": "Feature",
      "id": "osm-23163983",
      "properties": {
        "osmid": 23163983,
        "name": "Rama Street",
        "highway": "residential",
        "highwayCategory": "Galli / Local Lane",
        "isGalli": true
      },
      "geometry": {
        "type": "LineString",
        "coordinates": [
          [
            80.234966,
            13.0447188
          ],
          [
            80.235081,
            13.0452932
          ],
          [
            80.2352904,
            13.0462365
          ],
          [
            80.235426,
            13.047096
          ]
        ]
      }
    },
    {
      "type": "Feature",
      "id": "osm-23163984",
      "properties": {
        "osmid": 23163984,
        "name": "Raja Char Street",
        "highway": "residential",
        "highwayCategory": "Galli / Local Lane",
        "isGalli": true
      },
      "geometry": {
        "type": "LineString",
        "coordinates": [
          [
            80.2329085,
            13.046593
          ],
          [
            80.2333567,
            13.0465288
          ],
          [
            80.2334924,
            13.0465093
          ],
          [
            80.2352142,
            13.0462787
          ],
          [
            80.2352904,
            13.0462365
          ],
          [
            80.2358379,
            13.0461229
          ]
        ]
      }
    },
    {
      "type": "Feature",
      "id": "osm-23163986",
      "properties": {
        "osmid": 23163986,
        "name": "Hanumanthan Street",
        "highway": "residential",
        "highwayCategory": "Galli / Local Lane",
        "isGalli": true
      },
      "geometry": {
        "type": "LineString",
        "coordinates": [
          [
            80.2336315,
            13.0473412
          ],
          [
            80.2334924,
            13.0465093
          ],
          [
            80.2333085,
            13.0455387
          ],
          [
            80.2332034,
            13.0449834
          ]
        ]
      }
    },
    {
      "type": "Feature",
      "id": "osm-23163994",
      "properties": {
        "osmid": 23163994,
        "name": "Jagadambal Street",
        "highway": "residential",
        "highwayCategory": "Galli / Local Lane",
        "isGalli": true
      },
      "geometry": {
        "type": "LineString",
        "coordinates": [
          [
            80.2387894,
            13.0430745
          ],
          [
            80.2397171,
            13.0429034
          ],
          [
            80.240815,
            13.0427047
          ]
        ]
      }
    },
    {
      "type": "Feature",
      "id": "osm-23163996",
      "properties": {
        "osmid": 23163996,
        "name": "Narasimman 1st Street",
        "highway": "residential",
        "highwayCategory": "Galli / Local Lane",
        "isGalli": true
      },
      "geometry": {
        "type": "LineString",
        "coordinates": [
          [
            80.2453612,
            13.0474112
          ],
          [
            80.2459208,
            13.0472765
          ],
          [
            80.2466462,
            13.0471019
          ]
        ]
      }
    },
    {
      "type": "Feature",
      "id": "osm-23164001",
      "properties": {
        "osmid": 23164001,
        "name": "Narashiman 2nd Street",
        "highway": "residential",
        "highwayCategory": "Galli / Local Lane",
        "isGalli": true
      },
      "geometry": {
        "type": "LineString",
        "coordinates": [
          [
            80.245202,
            13.0464668
          ],
          [
            80.2457986,
            13.0463371
          ],
          [
            80.2459891,
            13.0462953
          ],
          [
            80.2460624,
            13.0462792
          ],
          [
            80.2467869,
            13.0461306
          ]
        ]
      }
    },
    {
      "type": "Feature",
      "id": "osm-23164003",
      "properties": {
        "osmid": 23164003,
        "name": "3rd Street",
        "highway": "residential",
        "highwayCategory": "Galli / Local Lane",
        "isGalli": true
      },
      "geometry": {
        "type": "LineString",
        "coordinates": [
          [
            80.2451171,
            13.0460251
          ],
          [
            80.2457489,
            13.0458793
          ]
        ]
      }
    },
    {
      "type": "Feature",
      "id": "osm-23164004",
      "properties": {
        "osmid": 23164004,
        "name": "Dr. B. Narashimhan 3rd Street",
        "highway": "residential",
        "highwayCategory": "Galli / Local Lane",
        "isGalli": true
      },
      "geometry": {
        "type": "LineString",
        "coordinates": [
          [
            80.2450561,
            13.045695
          ],
          [
            80.2456036,
            13.0455961
          ]
        ]
      }
    },
    {
      "type": "Feature",
      "id": "osm-23164006",
      "properties": {
        "osmid": 23164006,
        "name": "Vijaya Raghava 1st Street",
        "highway": "residential",
        "highwayCategory": "Galli / Local Lane",
        "isGalli": true
      },
      "geometry": {
        "type": "LineString",
        "coordinates": [
          [
            80.2455121,
            13.0432263
          ],
          [
            80.2453938,
            13.042587
          ],
          [
            80.2452858,
            13.0420037
          ]
        ]
      }
    },
    {
      "type": "Feature",
      "id": "osm-23164007",
      "properties": {
        "osmid": 23164007,
        "name": "Dr Thomas Street",
        "highway": "residential",
        "highwayCategory": "Galli / Local Lane",
        "isGalli": true
      },
      "geometry": {
        "type": "LineString",
        "coordinates": [
          [
            80.2422221,
            13.0349146
          ],
          [
            80.2422687,
            13.0348973
          ],
          [
            80.2425591,
            13.0350651
          ],
          [
            80.2435305,
            13.0356983
          ],
          [
            80.2437139,
            13.0358598
          ],
          [
            80.2438456,
            13.0359881
          ],
          [
            80.2440145,
            13.0362626
          ]
        ]
      }
    },
    {
      "type": "Feature",
      "id": "osm-23164008",
      "properties": {
        "osmid": 23164008,
        "name": "Lodhi Khan 4th Street",
        "highway": "residential",
        "highwayCategory": "Galli / Local Lane",
        "isGalli": true
      },
      "geometry": {
        "type": "LineString",
        "coordinates": [
          [
            80.2421856,
            13.0402507
          ],
          [
            80.2424344,
            13.041432
          ]
        ]
      }
    },
    {
      "type": "Feature",
      "id": "osm-23164009",
      "properties": {
        "osmid": 23164009,
        "name": "Lodhi Khan 2nd Street",
        "highway": "residential",
        "highwayCategory": "Galli / Local Lane",
        "isGalli": true
      },
      "geometry": {
        "type": "LineString",
        "coordinates": [
          [
            80.2419929,
            13.0415052
          ],
          [
            80.2421257,
            13.0425101
          ]
        ]
      }
    },
    {
      "type": "Feature",
      "id": "osm-23164011",
      "properties": {
        "osmid": 23164011,
        "name": "Lodhi Khan 3rd Street",
        "highway": "residential",
        "highwayCategory": "Galli / Local Lane",
        "isGalli": true
      },
      "geometry": {
        "type": "LineString",
        "coordinates": [
          [
            80.2425561,
            13.0424404
          ],
          [
            80.2427473,
            13.043657
          ]
        ]
      }
    },
    {
      "type": "Feature",
      "id": "osm-23164012",
      "properties": {
        "osmid": 23164012,
        "name": "Kamalabhai Street",
        "highway": "residential",
        "highwayCategory": "Galli / Local Lane",
        "isGalli": true
      },
      "geometry": {
        "type": "LineString",
        "coordinates": [
          [
            80.2397171,
            13.0429034
          ],
          [
            80.2397415,
            13.0431735
          ],
          [
            80.23977,
            13.0434887
          ],
          [
            80.2397606,
            13.0435061
          ],
          [
            80.2396988,
            13.0436205
          ],
          [
            80.2396075,
            13.0437895
          ],
          [
            80.2395244,
            13.0439378
          ],
          [
            80.2394984,
            13.0439842
          ],
          [
            80.2392593,
            13.0444265
          ]
        ]
      }
    },
    {
      "type": "Feature",
      "id": "osm-23164013",
      "properties": {
        "osmid": 23164013,
        "name": "Singara Mudaliar Street",
        "highway": "residential",
        "highwayCategory": "Galli / Local Lane",
        "isGalli": true
      },
      "geometry": {
        "type": "LineString",
        "coordinates": [
          [
            80.2357611,
            13.0457418
          ],
          [
            80.2379774,
            13.0453195
          ]
        ]
      }
    },
    {
      "type": "Feature",
      "id": "osm-23164015",
      "properties": {
        "osmid": 23164015,
        "name": "Yogambal Street",
        "highway": "residential",
        "highwayCategory": "Galli / Local Lane",
        "isGalli": true
      },
      "geometry": {
        "type": "LineString",
        "coordinates": [
          [
            80.238104,
            13.0458615
          ],
          [
            80.2358892,
            13.0463481
          ]
        ]
      }
    },
    {
      "type": "Feature",
      "id": "osm-23164017",
      "properties": {
        "osmid": 23164017,
        "name": "Local Corridor",
        "highway": "residential",
        "highwayCategory": "Galli / Local Lane",
        "isGalli": true
      },
      "geometry": {
        "type": "LineString",
        "coordinates": [
          [
            80.2326225,
            13.0454322
          ],
          [
            80.2319467,
            13.0455317
          ]
        ]
      }
    },
    {
      "type": "Feature",
      "id": "osm-23164018",
      "properties": {
        "osmid": 23164018,
        "name": "Krishna Swamy Street",
        "highway": "residential",
        "highwayCategory": "Galli / Local Lane",
        "isGalli": true
      },
      "geometry": {
        "type": "LineString",
        "coordinates": [
          [
            80.2327276,
            13.0460119
          ],
          [
            80.2319331,
            13.0461198
          ]
        ]
      }
    },
    {
      "type": "Feature",
      "id": "osm-23164021",
      "properties": {
        "osmid": 23164021,
        "name": "Vivekananda Street",
        "highway": "residential",
        "highwayCategory": "Galli / Local Lane",
        "isGalli": true
      },
      "geometry": {
        "type": "LineString",
        "coordinates": [
          [
            80.2305857,
            13.0490548
          ],
          [
            80.2320794,
            13.048895
          ]
        ]
      }
    },
    {
      "type": "Feature",
      "id": "osm-23164025",
      "properties": {
        "osmid": 23164025,
        "name": "Local Corridor",
        "highway": "residential",
        "highwayCategory": "Galli / Local Lane",
        "isGalli": true
      },
      "geometry": {
        "type": "LineString",
        "coordinates": [
          [
            80.233408,
            13.0522409
          ],
          [
            80.2325114,
            13.0524994
          ]
        ]
      }
    },
    {
      "type": "Feature",
      "id": "osm-23164026",
      "properties": {
        "osmid": 23164026,
        "name": "Madhavan Nair Road",
        "highway": "residential",
        "highwayCategory": "Galli / Local Lane",
        "isGalli": true
      },
      "geometry": {
        "type": "LineString",
        "coordinates": [
          [
            80.2314974,
            13.0542122
          ],
          [
            80.2314923,
            13.0542253
          ],
          [
            80.2314927,
            13.054241
          ],
          [
            80.2315129,
            13.0544343
          ],
          [
            80.2316029,
            13.0549425
          ],
          [
            80.2316574,
            13.0551997
          ],
          [
            80.2316791,
            13.0552685
          ],
          [
            80.2317005,
            13.0553338
          ],
          [
            80.2317421,
            13.0553926
          ],
          [
            80.2318025,
            13.0554488
          ],
          [
            80.2318507,
            13.0554802
          ],
          [
            80.2318956,
            13.0555216
          ],
          [
            80.2319205,
            13.0555781
          ],
          [
            80.2320404,
            13.0563464
          ],
          [
            80.2321807,
            13.0574015
          ],
          [
            80.232187,
            13.0579172
          ],
          [
            80.2322279,
            13.0583745
          ]
        ]
      }
    },
    {
      "type": "Feature",
      "id": "osm-23164031",
      "properties": {
        "osmid": 23164031,
        "name": "Sarojini Street",
        "highway": "residential",
        "highwayCategory": "Galli / Local Lane",
        "isGalli": true
      },
      "geometry": {
        "type": "LineString",
        "coordinates": [
          [
            80.2341974,
            13.0582212
          ],
          [
            80.2341451,
            13.0577435
          ],
          [
            80.2341186,
            13.0572509
          ],
          [
            80.2340811,
            13.0567578
          ],
          [
            80.2340771,
            13.0566403
          ],
          [
            80.234042,
            13.0561527
          ],
          [
            80.2338883,
            13.0553663
          ],
          [
            80.233748,
            13.0547342
          ],
          [
            80.2337353,
            13.0546621
          ],
          [
            80.2336935,
            13.0544252
          ],
          [
            80.2336072,
            13.0539855
          ]
        ]
      }
    },
    {
      "type": "Feature",
      "id": "osm-23164034",
      "properties": {
        "osmid": 23164034,
        "name": "Lady Madhavan Road",
        "highway": "residential",
        "highwayCategory": "Galli / Local Lane",
        "isGalli": true
      },
      "geometry": {
        "type": "LineString",
        "coordinates": [
          [
            80.2320404,
            13.0563464
          ],
          [
            80.2326979,
            13.0562579
          ],
          [
            80.234042,
            13.0561527
          ]
        ]
      }
    },
    {
      "type": "Feature",
      "id": "osm-23164035",
      "properties": {
        "osmid": 23164035,
        "name": "Kambar Street",
        "highway": "residential",
        "highwayCategory": "Galli / Local Lane",
        "isGalli": true
      },
      "geometry": {
        "type": "LineString",
        "coordinates": [
          [
            80.236908,
            13.0580151
          ],
          [
            80.236908,
            13.057965
          ],
          [
            80.2369109,
            13.0579346
          ],
          [
            80.2368576,
            13.0574063
          ],
          [
            80.2367993,
            13.0569695
          ],
          [
            80.2367582,
            13.0564453
          ],
          [
            80.2367194,
            13.0559744
          ]
        ]
      }
    },
    {
      "type": "Feature",
      "id": "osm-23164037",
      "properties": {
        "osmid": 23164037,
        "name": "Kamdar Nagar 2nd Street",
        "highway": "residential",
        "highwayCategory": "Galli / Local Lane",
        "isGalli": true
      },
      "geometry": {
        "type": "LineString",
        "coordinates": [
          [
            80.2361316,
            13.056012
          ],
          [
            80.2360903,
            13.0541052
          ]
        ]
      }
    },
    {
      "type": "Feature",
      "id": "osm-23164038",
      "properties": {
        "osmid": 23164038,
        "name": "Thilak Street",
        "highway": "residential",
        "highwayCategory": "Galli / Local Lane",
        "isGalli": true
      },
      "geometry": {
        "type": "LineString",
        "coordinates": [
          [
            80.2332779,
            13.0482386
          ],
          [
            80.2343754,
            13.0480866
          ],
          [
            80.2351731,
            13.0479135
          ],
          [
            80.2359299,
            13.047757
          ]
        ]
      }
    },
    {
      "type": "Feature",
      "id": "osm-23164039",
      "properties": {
        "osmid": 23164039,
        "name": "Dr Sadasivam Road",
        "highway": "residential",
        "highwayCategory": "Galli / Local Lane",
        "isGalli": true
      },
      "geometry": {
        "type": "LineString",
        "coordinates": [
          [
            80.2357936,
            13.0470465
          ],
          [
            80.2359299,
            13.047757
          ],
          [
            80.2359526,
            13.0478468
          ],
          [
            80.2362027,
            13.048638
          ],
          [
            80.2364816,
            13.049476
          ]
        ]
      }
    },
    {
      "type": "Feature",
      "id": "osm-23164040",
      "properties": {
        "osmid": 23164040,
        "name": "Bharathy Nagar 1st Street",
        "highway": "residential",
        "highwayCategory": "Galli / Local Lane",
        "isGalli": true
      },
      "geometry": {
        "type": "LineString",
        "coordinates": [
          [
            80.233704,
            13.0500176
          ],
          [
            80.2341978,
            13.0499172
          ],
          [
            80.2346249,
            13.0498304
          ],
          [
            80.2349142,
            13.0497716
          ]
        ]
      }
    },
    {
      "type": "Feature",
      "id": "osm-23164043",
      "properties": {
        "osmid": 23164043,
        "name": "Paul Appaswamy Street",
        "highway": "residential",
        "highwayCategory": "Galli / Local Lane",
        "isGalli": true
      },
      "geometry": {
        "type": "LineString",
        "coordinates": [
          [
            80.2418103,
            13.0496552
          ],
          [
            80.241512,
            13.0483816
          ]
        ]
      }
    },
    {
      "type": "Feature",
      "id": "osm-23164044",
      "properties": {
        "osmid": 23164044,
        "name": "Arulambal Street",
        "highway": "residential",
        "highwayCategory": "Galli / Local Lane",
        "isGalli": true
      },
      "geometry": {
        "type": "LineString",
        "coordinates": [
          [
            80.2392545,
            13.0499319
          ],
          [
            80.2389811,
            13.0489333
          ],
          [
            80.2387185,
            13.0479854
          ]
        ]
      }
    },
    {
      "type": "Feature",
      "id": "osm-23164045",
      "properties": {
        "osmid": 23164045,
        "name": "Ramakanth Street",
        "highway": "residential",
        "highwayCategory": "Galli / Local Lane",
        "isGalli": true
      },
      "geometry": {
        "type": "LineString",
        "coordinates": [
          [
            80.2351731,
            13.0479135
          ],
          [
            80.2352855,
            13.0483635
          ],
          [
            80.2354096,
            13.0489017
          ],
          [
            80.2355971,
            13.0496317
          ],
          [
            80.2358618,
            13.0505428
          ]
        ]
      }
    },
    {
      "type": "Feature",
      "id": "osm-23164046",
      "properties": {
        "osmid": 23164046,
        "name": "2nd Street",
        "highway": "residential",
        "highwayCategory": "Galli / Local Lane",
        "isGalli": true
      },
      "geometry": {
        "type": "LineString",
        "coordinates": [
          [
            80.2335964,
            13.0495124
          ],
          [
            80.234811,
            13.049271
          ]
        ]
      }
    },
    {
      "type": "Feature",
      "id": "osm-23164048",
      "properties": {
        "osmid": 23164048,
        "name": "Bhagirathi Amma Street",
        "highway": "residential",
        "highwayCategory": "Galli / Local Lane",
        "isGalli": true
      },
      "geometry": {
        "type": "LineString",
        "coordinates": [
          [
            80.2347803,
            13.0490919
          ],
          [
            80.2354096,
            13.0489017
          ],
          [
            80.2362027,
            13.048638
          ]
        ]
      }
    },
    {
      "type": "Feature",
      "id": "osm-23164049",
      "properties": {
        "osmid": 23164049,
        "name": "Trimoorthy Street",
        "highway": "residential",
        "highwayCategory": "Galli / Local Lane",
        "isGalli": true
      },
      "geometry": {
        "type": "LineString",
        "coordinates": [
          [
            80.2359526,
            13.0478468
          ],
          [
            80.2370984,
            13.047594
          ],
          [
            80.2371273,
            13.0475876
          ],
          [
            80.2372691,
            13.0475563
          ],
          [
            80.2384691,
            13.0472915
          ]
        ]
      }
    },
    {
      "type": "Feature",
      "id": "osm-23164050",
      "properties": {
        "osmid": 23164050,
        "name": "Chinnaiah Street",
        "highway": "residential",
        "highwayCategory": "Galli / Local Lane",
        "isGalli": true
      },
      "geometry": {
        "type": "LineString",
        "coordinates": [
          [
            80.2398249,
            13.0473664
          ],
          [
            80.2398962,
            13.0473452
          ],
          [
            80.2402798,
            13.047254
          ],
          [
            80.2404849,
            13.0472052
          ],
          [
            80.2405813,
            13.0471823
          ],
          [
            80.2419307,
            13.0468616
          ],
          [
            80.242461,
            13.0467355
          ]
        ]
      }
    },
    {
      "type": "Feature",
      "id": "osm-23164051",
      "properties": {
        "osmid": 23164051,
        "name": "Local Corridor",
        "highway": "residential",
        "highwayCategory": "Galli / Local Lane",
        "isGalli": true
      },
      "geometry": {
        "type": "LineString",
        "coordinates": [
          [
            80.2426329,
            13.0464626
          ],
          [
            80.242461,
            13.0467355
          ],
          [
            80.2421526,
            13.0473045
          ],
          [
            80.2420512,
            13.0475936
          ],
          [
            80.2421305,
            13.0478222
          ],
          [
            80.2421864,
            13.0479737
          ],
          [
            80.2422177,
            13.0480721
          ],
          [
            80.2422599,
            13.0482075
          ]
        ]
      }
    },
    {
      "type": "Feature",
      "id": "osm-23164053",
      "properties": {
        "osmid": 23164053,
        "name": "Valmiki Street",
        "highway": "residential",
        "highwayCategory": "Galli / Local Lane",
        "isGalli": true
      },
      "geometry": {
        "type": "LineString",
        "coordinates": [
          [
            80.2396399,
            13.0467432
          ],
          [
            80.2396738,
            13.0467322
          ],
          [
            80.2408563,
            13.0464405
          ],
          [
            80.241121,
            13.0463828
          ],
          [
            80.2412143,
            13.0463153
          ],
          [
            80.2412749,
            13.0462275
          ],
          [
            80.2414885,
            13.0458656
          ]
        ]
      }
    },
    {
      "type": "Feature",
      "id": "osm-23164054",
      "properties": {
        "osmid": 23164054,
        "name": "Local Corridor",
        "highway": "residential",
        "highwayCategory": "Galli / Local Lane",
        "isGalli": true
      },
      "geometry": {
        "type": "LineString",
        "coordinates": [
          [
            80.2396819,
            13.0459587
          ],
          [
            80.2409081,
            13.0456925
          ]
        ]
      }
    },
    {
      "type": "Feature",
      "id": "osm-23164059",
      "properties": {
        "osmid": 23164059,
        "name": "Krishna Bhai Street",
        "highway": "residential",
        "highwayCategory": "Galli / Local Lane",
        "isGalli": true
      },
      "geometry": {
        "type": "LineString",
        "coordinates": [
          [
            80.2386289,
            13.0500441
          ],
          [
            80.2387611,
            13.050719
          ],
          [
            80.2387658,
            13.0507429
          ],
          [
            80.2388841,
            13.0512478
          ],
          [
            80.2390096,
            13.0518543
          ],
          [
            80.2391547,
            13.0524065
          ]
        ]
      }
    },
    {
      "type": "Feature",
      "id": "osm-23164060",
      "properties": {
        "osmid": 23164060,
        "name": "Sundarambal Street",
        "highway": "residential",
        "highwayCategory": "Galli / Local Lane",
        "isGalli": true
      },
      "geometry": {
        "type": "LineString",
        "coordinates": [
          [
            80.2390096,
            13.0518543
          ],
          [
            80.2400935,
            13.0515859
          ]
        ]
      }
    },
    {
      "type": "Feature",
      "id": "osm-23164062",
      "properties": {
        "osmid": 23164062,
        "name": "Bala Muthukrishnan Street",
        "highway": "residential",
        "highwayCategory": "Galli / Local Lane",
        "isGalli": true
      },
      "geometry": {
        "type": "LineString",
        "coordinates": [
          [
            80.2365618,
            13.0510075
          ],
          [
            80.2375108,
            13.0508875
          ],
          [
            80.2383213,
            13.0507829
          ],
          [
            80.2387611,
            13.050719
          ]
        ]
      }
    },
    {
      "type": "Feature",
      "id": "osm-23164063",
      "properties": {
        "osmid": 23164063,
        "name": "Local Corridor",
        "highway": "residential",
        "highwayCategory": "Galli / Local Lane",
        "isGalli": true
      },
      "geometry": {
        "type": "LineString",
        "coordinates": [
          [
            80.2372352,
            13.0512489
          ],
          [
            80.2375435,
            13.0512124
          ],
          [
            80.2379984,
            13.0511595
          ]
        ]
      }
    },
    {
      "type": "Feature",
      "id": "osm-23164064",
      "properties": {
        "osmid": 23164064,
        "name": "Local Corridor",
        "highway": "living_street",
        "highwayCategory": "Galli / Local Lane",
        "isGalli": true
      },
      "geometry": {
        "type": "LineString",
        "coordinates": [
          [
            80.2376072,
            13.0517319
          ],
          [
            80.2381996,
            13.0516734
          ]
        ]
      }
    },
    {
      "type": "Feature",
      "id": "osm-23164066",
      "properties": {
        "osmid": 23164066,
        "name": "Local Corridor",
        "highway": "residential",
        "highwayCategory": "Galli / Local Lane",
        "isGalli": true
      },
      "geometry": {
        "type": "LineString",
        "coordinates": [
          [
            80.2378727,
            13.0522302
          ],
          [
            80.2379497,
            13.0527898
          ]
        ]
      }
    },
    {
      "type": "Feature",
      "id": "osm-23164070",
      "properties": {
        "osmid": 23164070,
        "name": "Sarathy Street",
        "highway": "residential",
        "highwayCategory": "Galli / Local Lane",
        "isGalli": true
      },
      "geometry": {
        "type": "LineString",
        "coordinates": [
          [
            80.2358618,
            13.0505428
          ],
          [
            80.2362283,
            13.0518564
          ]
        ]
      }
    },
    {
      "type": "Feature",
      "id": "osm-23164071",
      "properties": {
        "osmid": 23164071,
        "name": "Sivasailam Street",
        "highway": "residential",
        "highwayCategory": "Galli / Local Lane",
        "isGalli": true
      },
      "geometry": {
        "type": "LineString",
        "coordinates": [
          [
            80.2369084,
            13.0528133
          ],
          [
            80.2367736,
            13.052227
          ],
          [
            80.2367713,
            13.0522173
          ],
          [
            80.2367335,
            13.052055
          ],
          [
            80.236686,
            13.0518516
          ],
          [
            80.2366779,
            13.051817
          ]
        ]
      }
    },
    {
      "type": "Feature",
      "id": "osm-23164072",
      "properties": {
        "osmid": 23164072,
        "name": "Rajan Street",
        "highway": "residential",
        "highwayCategory": "Galli / Local Lane",
        "isGalli": true
      },
      "geometry": {
        "type": "LineString",
        "coordinates": [
          [
            80.237713,
            13.0491996
          ],
          [
            80.2374595,
            13.0482836
          ],
          [
            80.2372691,
            13.0475563
          ]
        ]
      }
    },
    {
      "type": "Feature",
      "id": "osm-23164075",
      "properties": {
        "osmid": 23164075,
        "name": "Vidyodaya Main Road",
        "highway": "residential",
        "highwayCategory": "Galli / Local Lane",
        "isGalli": true
      },
      "geometry": {
        "type": "LineString",
        "coordinates": [
          [
            80.2423924,
            13.049529
          ],
          [
            80.2427018,
            13.0505135
          ],
          [
            80.2428418,
            13.0511504
          ],
          [
            80.2430168,
            13.0518433
          ],
          [
            80.2431008,
            13.0521862
          ],
          [
            80.24311,
            13.0523418
          ],
          [
            80.2431123,
            13.0526014
          ],
          [
            80.2431086,
            13.0527093
          ],
          [
            80.2430899,
            13.0527978
          ],
          [
            80.2430804,
            13.0528558
          ]
        ]
      }
    },
    {
      "type": "Feature",
      "id": "osm-23164076",
      "properties": {
        "osmid": 23164076,
        "name": "Prakasam Street",
        "highway": "residential",
        "highwayCategory": "Galli / Local Lane",
        "isGalli": true
      },
      "geometry": {
        "type": "LineString",
        "coordinates": [
          [
            80.2430168,
            13.0518433
          ],
          [
            80.2431782,
            13.0517866
          ],
          [
            80.2432869,
            13.0517484
          ],
          [
            80.2440526,
            13.0514793
          ],
          [
            80.2446544,
            13.0512974
          ],
          [
            80.245643,
            13.0509725
          ]
        ]
      }
    },
    {
      "type": "Feature",
      "id": "osm-23164077",
      "properties": {
        "osmid": 23164077,
        "name": "vidyodaya 1st Cross Street",
        "highway": "residential",
        "highwayCategory": "Galli / Local Lane",
        "isGalli": true
      },
      "geometry": {
        "type": "LineString",
        "coordinates": [
          [
            80.2448226,
            13.0489861
          ],
          [
            80.24501,
            13.050132
          ]
        ]
      }
    },
    {
      "type": "Feature",
      "id": "osm-23164078",
      "properties": {
        "osmid": 23164078,
        "name": "Vidyodaya 2nd Cross Street",
        "highway": "residential",
        "highwayCategory": "Galli / Local Lane",
        "isGalli": true
      },
      "geometry": {
        "type": "LineString",
        "coordinates": [
          [
            80.2428418,
            13.0511504
          ],
          [
            80.2438636,
            13.0508775
          ]
        ]
      }
    },
    {
      "type": "Feature",
      "id": "osm-23164080",
      "properties": {
        "osmid": 23164080,
        "name": "Local Corridor",
        "highway": "service",
        "highwayCategory": "Galli / Local Lane",
        "isGalli": true
      },
      "geometry": {
        "type": "LineString",
        "coordinates": [
          [
            80.2432127,
            13.0493518
          ],
          [
            80.2432293,
            13.0494182
          ],
          [
            80.2433498,
            13.0499315
          ]
        ]
      }
    },
    {
      "type": "Feature",
      "id": "osm-23164081",
      "properties": {
        "osmid": 23164081,
        "name": "vidyodaya 1st main",
        "highway": "residential",
        "highwayCategory": "Galli / Local Lane",
        "isGalli": true
      },
      "geometry": {
        "type": "LineString",
        "coordinates": [
          [
            80.2437306,
            13.0502616
          ],
          [
            80.2438636,
            13.0508775
          ],
          [
            80.2440526,
            13.0514793
          ]
        ]
      }
    },
    {
      "type": "Feature",
      "id": "osm-23164082",
      "properties": {
        "osmid": 23164082,
        "name": "Local Corridor",
        "highway": "residential",
        "highwayCategory": "Galli / Local Lane",
        "isGalli": true
      },
      "geometry": {
        "type": "LineString",
        "coordinates": [
          [
            80.2444691,
            13.0501252
          ],
          [
            80.2445141,
            13.0504547
          ],
          [
            80.2445559,
            13.0507971
          ],
          [
            80.2446544,
            13.0512974
          ]
        ]
      }
    },
    {
      "type": "Feature",
      "id": "osm-23164084",
      "properties": {
        "osmid": 23164084,
        "name": "Cathedral Garden Road",
        "highway": "tertiary",
        "highwayCategory": "Municipal Thoroughfare",
        "isGalli": false
      },
      "geometry": {
        "type": "LineString",
        "coordinates": [
          [
            80.24958,
            13.0513771
          ],
          [
            80.2492719,
            13.0515559
          ],
          [
            80.2487594,
            13.0518717
          ],
          [
            80.2485498,
            13.0519777
          ],
          [
            80.2484733,
            13.0519884
          ],
          [
            80.2475309,
            13.0520279
          ],
          [
            80.2461764,
            13.0520488
          ],
          [
            80.2456487,
            13.052057
          ]
        ]
      }
    },
    {
      "type": "Feature",
      "id": "osm-23164085",
      "properties": {
        "osmid": 23164085,
        "name": "Local Corridor",
        "highway": "tertiary",
        "highwayCategory": "Municipal Thoroughfare",
        "isGalli": false
      },
      "geometry": {
        "type": "LineString",
        "coordinates": [
          [
            80.2456064,
            13.0527693
          ],
          [
            80.2456454,
            13.0521104
          ],
          [
            80.2456487,
            13.052057
          ]
        ]
      }
    },
    {
      "type": "Feature",
      "id": "osm-23164091",
      "properties": {
        "osmid": 23164091,
        "name": "Nachiappan Street",
        "highway": "residential",
        "highwayCategory": "Galli / Local Lane",
        "isGalli": true
      },
      "geometry": {
        "type": "LineString",
        "coordinates": [
          [
            80.2340771,
            13.0566403
          ],
          [
            80.2347796,
            13.0566158
          ]
        ]
      }
    },
    {
      "type": "Feature",
      "id": "osm-23164092",
      "properties": {
        "osmid": 23164092,
        "name": "Ramanathan Street",
        "highway": "residential",
        "highwayCategory": "Galli / Local Lane",
        "isGalli": true
      },
      "geometry": {
        "type": "LineString",
        "coordinates": [
          [
            80.2367993,
            13.0569695
          ],
          [
            80.2348868,
            13.0571234
          ]
        ]
      }
    },
    {
      "type": "Feature",
      "id": "osm-23164093",
      "properties": {
        "osmid": 23164093,
        "name": "Lakshmanan Street",
        "highway": "residential",
        "highwayCategory": "Galli / Local Lane",
        "isGalli": true
      },
      "geometry": {
        "type": "LineString",
        "coordinates": [
          [
            80.234918,
            13.0575738
          ],
          [
            80.2368576,
            13.0574063
          ]
        ]
      }
    },
    {
      "type": "Feature",
      "id": "osm-23164094",
      "properties": {
        "osmid": 23164094,
        "name": "Local Corridor",
        "highway": "residential",
        "highwayCategory": "Galli / Local Lane",
        "isGalli": true
      },
      "geometry": {
        "type": "LineString",
        "coordinates": [
          [
            80.2348943,
            13.0572316
          ],
          [
            80.2348227,
            13.0572444
          ],
          [
            80.2341186,
            13.0572509
          ],
          [
            80.2328303,
            13.0573501
          ],
          [
            80.2321807,
            13.0574015
          ]
        ]
      }
    },
    {
      "type": "Feature",
      "id": "osm-23164095",
      "properties": {
        "osmid": 23164095,
        "name": "Vijayalakshmi Street",
        "highway": "residential",
        "highwayCategory": "Galli / Local Lane",
        "isGalli": true
      },
      "geometry": {
        "type": "LineString",
        "coordinates": [
          [
            80.232187,
            13.0579172
          ],
          [
            80.2341451,
            13.0577435
          ]
        ]
      }
    },
    {
      "type": "Feature",
      "id": "osm-23164096",
      "properties": {
        "osmid": 23164096,
        "name": "Local Corridor",
        "highway": "residential",
        "highwayCategory": "Galli / Local Lane",
        "isGalli": true
      },
      "geometry": {
        "type": "LineString",
        "coordinates": [
          [
            80.2340811,
            13.0567578
          ],
          [
            80.2331654,
            13.056834
          ]
        ]
      }
    },
    {
      "type": "Feature",
      "id": "osm-23164098",
      "properties": {
        "osmid": 23164098,
        "name": "Corporation School Road",
        "highway": "tertiary",
        "highwayCategory": "Municipal Thoroughfare",
        "isGalli": false
      },
      "geometry": {
        "type": "LineString",
        "coordinates": [
          [
            80.2373271,
            13.0580858
          ],
          [
            80.2373817,
            13.0577872
          ],
          [
            80.2374961,
            13.057073
          ],
          [
            80.2375159,
            13.0569793
          ],
          [
            80.2375211,
            13.0569547
          ],
          [
            80.2378932,
            13.0569603
          ],
          [
            80.2382499,
            13.056928
          ],
          [
            80.2393018,
            13.0568643
          ],
          [
            80.239595,
            13.0568414
          ],
          [
            80.2400641,
            13.0568257
          ],
          [
            80.2414736,
            13.0568257
          ],
          [
            80.2424373,
            13.0568997
          ],
          [
            80.2425076,
            13.0569411
          ],
          [
            80.2425522,
            13.0569952
          ]
        ]
      }
    },
    {
      "type": "Feature",
      "id": "osm-23164099",
      "properties": {
        "osmid": 23164099,
        "name": "Lake Area 1st Main Road",
        "highway": "tertiary",
        "highwayCategory": "Municipal Thoroughfare",
        "isGalli": false
      },
      "geometry": {
        "type": "LineString",
        "coordinates": [
          [
            80.2414736,
            13.0568257
          ],
          [
            80.2414497,
            13.0562092
          ],
          [
            80.2414247,
            13.0555948
          ],
          [
            80.2414153,
            13.0550826
          ],
          [
            80.2413822,
            13.0545531
          ],
          [
            80.2413556,
            13.0539377
          ],
          [
            80.2412857,
            13.0531743
          ],
          [
            80.2412146,
            13.0528972
          ],
          [
            80.241127,
            13.0527559
          ]
        ]
      }
    },
    {
      "type": "Feature",
      "id": "osm-23164100",
      "properties": {
        "osmid": 23164100,
        "name": "Lake Area 7th Cross Street",
        "highway": "residential",
        "highwayCategory": "Galli / Local Lane",
        "isGalli": true
      },
      "geometry": {
        "type": "LineString",
        "coordinates": [
          [
            80.2412857,
            13.0531743
          ],
          [
            80.2398861,
            13.0534986
          ],
          [
            80.2391002,
            13.0536999
          ]
        ]
      }
    },
    {
      "type": "Feature",
      "id": "osm-23164102",
      "properties": {
        "osmid": 23164102,
        "name": "Main Street",
        "highway": "residential",
        "highwayCategory": "Galli / Local Lane",
        "isGalli": true
      },
      "geometry": {
        "type": "LineString",
        "coordinates": [
          [
            80.2433097,
            13.0451278
          ],
          [
            80.2439796,
            13.0448807
          ]
        ]
      }
    },
    {
      "type": "Feature",
      "id": "osm-23164103",
      "properties": {
        "osmid": 23164103,
        "name": "Local Corridor",
        "highway": "residential",
        "highwayCategory": "Galli / Local Lane",
        "isGalli": true
      },
      "geometry": {
        "type": "LineString",
        "coordinates": [
          [
            80.2439184,
            13.0445019
          ],
          [
            80.2439796,
            13.0448807
          ],
          [
            80.2440008,
            13.0449922
          ],
          [
            80.2441199,
            13.0457389
          ],
          [
            80.2441414,
            13.0458733
          ],
          [
            80.2441517,
            13.045938
          ]
        ]
      }
    },
    {
      "type": "Feature",
      "id": "osm-23164106",
      "properties": {
        "osmid": 23164106,
        "name": "Yayahalli 2nd Street",
        "highway": "residential",
        "highwayCategory": "Galli / Local Lane",
        "isGalli": true
      },
      "geometry": {
        "type": "LineString",
        "coordinates": [
          [
            80.2498028,
            13.0502601
          ],
          [
            80.2491489,
            13.0503152
          ],
          [
            80.2489573,
            13.050336
          ],
          [
            80.2487889,
            13.0503693
          ],
          [
            80.2486724,
            13.0504038
          ]
        ]
      }
    },
    {
      "type": "Feature",
      "id": "osm-23164107",
      "properties": {
        "osmid": 23164107,
        "name": "Yayahalli 1st Street",
        "highway": "residential",
        "highwayCategory": "Galli / Local Lane",
        "isGalli": true
      },
      "geometry": {
        "type": "LineString",
        "coordinates": [
          [
            80.2497534,
            13.0500186
          ],
          [
            80.2491308,
            13.0500568
          ],
          [
            80.2487507,
            13.050084
          ],
          [
            80.2486467,
            13.0501193
          ],
          [
            80.2484817,
            13.0502191
          ]
        ]
      }
    },
    {
      "type": "Feature",
      "id": "osm-23164109",
      "properties": {
        "osmid": 23164109,
        "name": "Xavier Street",
        "highway": "residential",
        "highwayCategory": "Galli / Local Lane",
        "isGalli": true
      },
      "geometry": {
        "type": "LineString",
        "coordinates": [
          [
            80.2497416,
            13.0496692
          ],
          [
            80.2490001,
            13.0497548
          ],
          [
            80.2487961,
            13.0498113
          ],
          [
            80.2485776,
            13.0498677
          ],
          [
            80.2483892,
            13.0499226
          ],
          [
            80.2482553,
            13.0499749
          ]
        ]
      }
    },
    {
      "type": "Feature",
      "id": "osm-23186225",
      "properties": {
        "osmid": 23186225,
        "name": "Casa Major Road",
        "highway": "secondary",
        "highwayCategory": "Municipal Thoroughfare",
        "isGalli": false
      },
      "geometry": {
        "type": "LineString",
        "coordinates": [
          [
            80.2540178,
            13.0710827
          ],
          [
            80.2539667,
            13.0711248
          ],
          [
            80.25349,
            13.0714853
          ],
          [
            80.2532246,
            13.0716875
          ],
          [
            80.2531578,
            13.0717453
          ],
          [
            80.2531456,
            13.0717559
          ],
          [
            80.2525435,
            13.072213
          ]
        ]
      }
    },
    {
      "type": "Feature",
      "id": "osm-23186282",
      "properties": {
        "osmid": 23186282,
        "name": "vaikundapuram 1st street",
        "highway": "residential",
        "highwayCategory": "Galli / Local Lane",
        "isGalli": true
      },
      "geometry": {
        "type": "LineString",
        "coordinates": [
          [
            80.237001,
            13.0533565
          ],
          [
            80.2370757,
            13.0535727
          ],
          [
            80.2371445,
            13.053721
          ],
          [
            80.2374358,
            13.0545512
          ],
          [
            80.2374954,
            13.0547495
          ],
          [
            80.2375519,
            13.0549373
          ],
          [
            80.2375884,
            13.0550532
          ],
          [
            80.237579,
            13.0556082
          ],
          [
            80.2375733,
            13.0559459
          ],
          [
            80.2375609,
            13.056173
          ]
        ]
      }
    },
    {
      "type": "Feature",
      "id": "osm-23186284",
      "properties": {
        "osmid": 23186284,
        "name": "vaikundapuram 2nd street",
        "highway": "residential",
        "highwayCategory": "Galli / Local Lane",
        "isGalli": true
      },
      "geometry": {
        "type": "LineString",
        "coordinates": [
          [
            80.236757,
            13.0533928
          ],
          [
            80.2369115,
            13.0542165
          ],
          [
            80.2370388,
            13.0550398
          ],
          [
            80.2370764,
            13.0550892
          ],
          [
            80.2371111,
            13.0556307
          ],
          [
            80.2370641,
            13.0559464
          ]
        ]
      }
    },
    {
      "type": "Feature",
      "id": "osm-23186286",
      "properties": {
        "osmid": 23186286,
        "name": "Local Corridor",
        "highway": "residential",
        "highwayCategory": "Galli / Local Lane",
        "isGalli": true
      },
      "geometry": {
        "type": "LineString",
        "coordinates": [
          [
            80.2377512,
            13.0538332
          ],
          [
            80.2377324,
            13.0538701
          ],
          [
            80.2377721,
            13.0547291
          ],
          [
            80.2378221,
            13.0555821
          ],
          [
            80.2378561,
            13.0561629
          ],
          [
            80.2378932,
            13.0569603
          ]
        ]
      }
    },
    {
      "type": "Feature",
      "id": "osm-23186287",
      "properties": {
        "osmid": 23186287,
        "name": "Jambulingam Street",
        "highway": "residential",
        "highwayCategory": "Galli / Local Lane",
        "isGalli": true
      },
      "geometry": {
        "type": "LineString",
        "coordinates": [
          [
            80.2426251,
            13.0585854
          ],
          [
            80.2408008,
            13.058245
          ]
        ]
      }
    },
    {
      "type": "Feature",
      "id": "osm-23186288",
      "properties": {
        "osmid": 23186288,
        "name": "Rajaji 2nd Street",
        "highway": "residential",
        "highwayCategory": "Galli / Local Lane",
        "isGalli": true
      },
      "geometry": {
        "type": "LineString",
        "coordinates": [
          [
            80.2374872,
            13.0601446
          ],
          [
            80.2377838,
            13.0599595
          ],
          [
            80.238221,
            13.059642
          ],
          [
            80.2384897,
            13.0594106
          ],
          [
            80.2385685,
            13.0593416
          ],
          [
            80.2388465,
            13.05913
          ]
        ]
      }
    },
    {
      "type": "Feature",
      "id": "osm-23186291",
      "properties": {
        "osmid": 23186291,
        "name": "Krishna Street",
        "highway": "residential",
        "highwayCategory": "Galli / Local Lane",
        "isGalli": true
      },
      "geometry": {
        "type": "LineString",
        "coordinates": [
          [
            80.2428243,
            13.0578539
          ],
          [
            80.2427521,
            13.0578356
          ],
          [
            80.2414749,
            13.0575576
          ]
        ]
      }
    },
    {
      "type": "Feature",
      "id": "osm-23186302",
      "properties": {
        "osmid": 23186302,
        "name": "Lake Area 2nd Cross Street",
        "highway": "residential",
        "highwayCategory": "Galli / Local Lane",
        "isGalli": true
      },
      "geometry": {
        "type": "LineString",
        "coordinates": [
          [
            80.2395335,
            13.0557035
          ],
          [
            80.2414247,
            13.0555948
          ]
        ]
      }
    },
    {
      "type": "Feature",
      "id": "osm-23186303",
      "properties": {
        "osmid": 23186303,
        "name": "Lake Area 3rd Cross Street",
        "highway": "residential",
        "highwayCategory": "Galli / Local Lane",
        "isGalli": true
      },
      "geometry": {
        "type": "LineString",
        "coordinates": [
          [
            80.2414153,
            13.0550826
          ],
          [
            80.2395051,
            13.0552008
          ]
        ]
      }
    },
    {
      "type": "Feature",
      "id": "osm-23186304",
      "properties": {
        "osmid": 23186304,
        "name": "Lake Area 5th Cross Street",
        "highway": "residential",
        "highwayCategory": "Galli / Local Lane",
        "isGalli": true
      },
      "geometry": {
        "type": "LineString",
        "coordinates": [
          [
            80.2394768,
            13.0546478
          ],
          [
            80.2413822,
            13.0545531
          ]
        ]
      }
    },
    {
      "type": "Feature",
      "id": "osm-23186305",
      "properties": {
        "osmid": 23186305,
        "name": "3rd Street",
        "highway": "residential",
        "highwayCategory": "Galli / Local Lane",
        "isGalli": true
      },
      "geometry": {
        "type": "LineString",
        "coordinates": [
          [
            80.2391316,
            13.0543308
          ],
          [
            80.2380536,
            13.0543692
          ]
        ]
      }
    },
    {
      "type": "Feature",
      "id": "osm-23186309",
      "properties": {
        "osmid": 23186309,
        "name": "Lake Area 6th Cross Street",
        "highway": "residential",
        "highwayCategory": "Galli / Local Lane",
        "isGalli": true
      },
      "geometry": {
        "type": "LineString",
        "coordinates": [
          [
            80.2413556,
            13.0539377
          ],
          [
            80.2403876,
            13.0539989
          ]
        ]
      }
    },
    {
      "type": "Feature",
      "id": "osm-23186310",
      "properties": {
        "osmid": 23186310,
        "name": "Lake Area 1st Cross Street",
        "highway": "residential",
        "highwayCategory": "Galli / Local Lane",
        "isGalli": true
      },
      "geometry": {
        "type": "LineString",
        "coordinates": [
          [
            80.2414497,
            13.0562092
          ],
          [
            80.2395666,
            13.0562788
          ]
        ]
      }
    },
    {
      "type": "Feature",
      "id": "osm-23186311",
      "properties": {
        "osmid": 23186311,
        "name": "Lake Area 4th Cross Street",
        "highway": "residential",
        "highwayCategory": "Galli / Local Lane",
        "isGalli": true
      },
      "geometry": {
        "type": "LineString",
        "coordinates": [
          [
            80.239595,
            13.0568414
          ],
          [
            80.2395666,
            13.0562788
          ],
          [
            80.2395335,
            13.0557035
          ],
          [
            80.2395051,
            13.0552008
          ],
          [
            80.2394768,
            13.0546478
          ]
        ]
      }
    },
    {
      "type": "Feature",
      "id": "osm-23186313",
      "properties": {
        "osmid": 23186313,
        "name": "Local Corridor",
        "highway": "residential",
        "highwayCategory": "Galli / Local Lane",
        "isGalli": true
      },
      "geometry": {
        "type": "LineString",
        "coordinates": [
          [
            80.2382499,
            13.056928
          ],
          [
            80.2382442,
            13.057461
          ],
          [
            80.238272,
            13.0580908
          ]
        ]
      }
    },
    {
      "type": "Feature",
      "id": "osm-23186314",
      "properties": {
        "osmid": 23186314,
        "name": "Local Corridor",
        "highway": "residential",
        "highwayCategory": "Galli / Local Lane",
        "isGalli": true
      },
      "geometry": {
        "type": "LineString",
        "coordinates": [
          [
            80.2393018,
            13.0568643
          ],
          [
            80.2393366,
            13.0574373
          ],
          [
            80.2393575,
            13.0580268
          ]
        ]
      }
    },
    {
      "type": "Feature",
      "id": "osm-23186315",
      "properties": {
        "osmid": 23186315,
        "name": "Local Corridor",
        "highway": "residential",
        "highwayCategory": "Galli / Local Lane",
        "isGalli": true
      },
      "geometry": {
        "type": "LineString",
        "coordinates": [
          [
            80.2391062,
            13.0540757
          ],
          [
            80.2383571,
            13.054108
          ],
          [
            80.2383295,
            13.0541041
          ],
          [
            80.2383097,
            13.0540865
          ],
          [
            80.2383005,
            13.0540656
          ],
          [
            80.2382761,
            13.0537953
          ]
        ]
      }
    },
    {
      "type": "Feature",
      "id": "osm-23186316",
      "properties": {
        "osmid": 23186316,
        "name": "4th Street",
        "highway": "residential",
        "highwayCategory": "Galli / Local Lane",
        "isGalli": true
      },
      "geometry": {
        "type": "LineString",
        "coordinates": [
          [
            80.2391505,
            13.0546636
          ],
          [
            80.2391316,
            13.0543308
          ],
          [
            80.2391062,
            13.0540757
          ],
          [
            80.2391002,
            13.0536999
          ],
          [
            80.2390683,
            13.0533631
          ],
          [
            80.2390415,
            13.052979
          ]
        ]
      }
    },
    {
      "type": "Feature",
      "id": "osm-23186317",
      "properties": {
        "osmid": 23186317,
        "name": "Local Corridor",
        "highway": "residential",
        "highwayCategory": "Galli / Local Lane",
        "isGalli": true
      },
      "geometry": {
        "type": "LineString",
        "coordinates": [
          [
            80.2380212,
            13.0538211
          ],
          [
            80.2380536,
            13.0543692
          ],
          [
            80.2380775,
            13.0547169
          ]
        ]
      }
    },
    {
      "type": "Feature",
      "id": "osm-23186318",
      "properties": {
        "osmid": 23186318,
        "name": "Local Corridor",
        "highway": "residential",
        "highwayCategory": "Galli / Local Lane",
        "isGalli": true
      },
      "geometry": {
        "type": "LineString",
        "coordinates": [
          [
            80.2375987,
            13.0532612
          ],
          [
            80.2377115,
            13.0534495
          ],
          [
            80.2378722,
            13.0535338
          ],
          [
            80.2380643,
            13.0535209
          ],
          [
            80.2382831,
            13.0534865
          ],
          [
            80.2390683,
            13.0533631
          ]
        ]
      }
    },
    {
      "type": "Feature",
      "id": "osm-23186320",
      "properties": {
        "osmid": 23186320,
        "name": "Madley subway",
        "highway": "tertiary",
        "highwayCategory": "Municipal Thoroughfare",
        "isGalli": false
      },
      "geometry": {
        "type": "LineString",
        "coordinates": [
          [
            80.2262679,
            13.0355774
          ],
          [
            80.2268906,
            13.0353936
          ]
        ]
      }
    },
    {
      "type": "Feature",
      "id": "osm-23186321",
      "properties": {
        "osmid": 23186321,
        "name": "Madley Road",
        "highway": "tertiary",
        "highwayCategory": "Municipal Thoroughfare",
        "isGalli": false
      },
      "geometry": {
        "type": "LineString",
        "coordinates": [
          [
            80.2287029,
            13.0352605
          ],
          [
            80.2287653,
            13.0352991
          ],
          [
            80.2291162,
            13.0352762
          ],
          [
            80.2291975,
            13.0352666
          ],
          [
            80.2296017,
            13.0352047
          ],
          [
            80.2298351,
            13.0351622
          ],
          [
            80.2301364,
            13.0351042
          ]
        ]
      }
    },
    {
      "type": "Feature",
      "id": "osm-23186322",
      "properties": {
        "osmid": 23186322,
        "name": "Aranganathan Subway",
        "highway": "secondary",
        "highwayCategory": "Municipal Thoroughfare",
        "isGalli": false
      },
      "geometry": {
        "type": "LineString",
        "coordinates": [
          [
            80.2261679,
            13.0280355
          ],
          [
            80.2243631,
            13.0284035
          ]
        ]
      }
    },
    {
      "type": "Feature",
      "id": "osm-23186335",
      "properties": {
        "osmid": 23186335,
        "name": "Kodambakkam Railway Flyover",
        "highway": "primary",
        "highwayCategory": "Municipal Thoroughfare",
        "isGalli": false
      },
      "geometry": {
        "type": "LineString",
        "coordinates": [
          [
            80.2282857,
            13.0540563
          ],
          [
            80.2288961,
            13.0540868
          ],
          [
            80.229176,
            13.0541017
          ],
          [
            80.229353,
            13.05411
          ],
          [
            80.2298136,
            13.0541216
          ],
          [
            80.2301771,
            13.0541222
          ],
          [
            80.2309536,
            13.0541246
          ],
          [
            80.2309658,
            13.0541246
          ],
          [
            80.231287,
            13.0541256
          ],
          [
            80.2313117,
            13.0541261
          ],
          [
            80.2313268,
            13.0541265
          ],
          [
            80.2313949,
            13.054128
          ],
          [
            80.2314722,
            13.054128
          ],
          [
            80.2315254,
            13.0541261
          ],
          [
            80.2315729,
            13.0541223
          ],
          [
            80.2316995,
            13.05411
          ],
          [
            80.2320836,
            13.0540728
          ],
          [
            80.2324003,
            13.0540381
          ],
          [
            80.2330448,
            13.0539651
          ],
          [
            80.2340135,
            13.0538587
          ]
        ]
      }
    },
    {
      "type": "Feature",
      "id": "osm-23186337",
      "properties": {
        "osmid": 23186337,
        "name": "Habibullah Road",
        "highway": "residential",
        "highwayCategory": "Galli / Local Lane",
        "isGalli": true
      },
      "geometry": {
        "type": "LineString",
        "coordinates": [
          [
            80.2337797,
            13.0508943
          ],
          [
            80.2331318,
            13.0510642
          ],
          [
            80.2328996,
            13.0511251
          ],
          [
            80.2328418,
            13.0511403
          ],
          [
            80.2326844,
            13.0511816
          ],
          [
            80.2321172,
            13.0513223
          ],
          [
            80.2319276,
            13.0513694
          ],
          [
            80.2311738,
            13.0515564
          ]
        ]
      }
    },
    {
      "type": "Feature",
      "id": "osm-23186339",
      "properties": {
        "osmid": 23186339,
        "name": "Solaiappan Street",
        "highway": "residential",
        "highwayCategory": "Galli / Local Lane",
        "isGalli": true
      },
      "geometry": {
        "type": "LineString",
        "coordinates": [
          [
            80.2364211,
            13.0529209
          ],
          [
            80.2369084,
            13.0528133
          ],
          [
            80.2373055,
            13.0528354
          ],
          [
            80.2377182,
            13.0528421
          ]
        ]
      }
    },
    {
      "type": "Feature",
      "id": "osm-23186340",
      "properties": {
        "osmid": 23186340,
        "name": "Thilak Street Ext",
        "highway": "residential",
        "highwayCategory": "Galli / Local Lane",
        "isGalli": true
      },
      "geometry": {
        "type": "LineString",
        "coordinates": [
          [
            80.2343754,
            13.0480866
          ],
          [
            80.2346314,
            13.0487898
          ],
          [
            80.2347803,
            13.0490919
          ],
          [
            80.234811,
            13.049271
          ],
          [
            80.2349142,
            13.0497716
          ]
        ]
      }
    },
    {
      "type": "Feature",
      "id": "osm-23186341",
      "properties": {
        "osmid": 23186341,
        "name": "3rd Street",
        "highway": "residential",
        "highwayCategory": "Galli / Local Lane",
        "isGalli": true
      },
      "geometry": {
        "type": "LineString",
        "coordinates": [
          [
            80.2346314,
            13.0487898
          ],
          [
            80.2334717,
            13.0489692
          ]
        ]
      }
    },
    {
      "type": "Feature",
      "id": "osm-23186343",
      "properties": {
        "osmid": 23186343,
        "name": "Giri Road",
        "highway": "residential",
        "highwayCategory": "Galli / Local Lane",
        "isGalli": true
      },
      "geometry": {
        "type": "LineString",
        "coordinates": [
          [
            80.2450766,
            13.0478331
          ],
          [
            80.2448995,
            13.0480015
          ],
          [
            80.2447918,
            13.0480528
          ],
          [
            80.2447144,
            13.0480897
          ],
          [
            80.2433672,
            13.0484588
          ],
          [
            80.2432381,
            13.0484422
          ],
          [
            80.2429284,
            13.048074
          ]
        ]
      }
    },
    {
      "type": "Feature",
      "id": "osm-23186346",
      "properties": {
        "osmid": 23186346,
        "name": "Balaji Avenue 1st Street",
        "highway": "residential",
        "highwayCategory": "Galli / Local Lane",
        "isGalli": true
      },
      "geometry": {
        "type": "LineString",
        "coordinates": [
          [
            80.2388841,
            13.0512478
          ],
          [
            80.2405087,
            13.0509425
          ]
        ]
      }
    },
    {
      "type": "Feature",
      "id": "osm-23186347",
      "properties": {
        "osmid": 23186347,
        "name": "Girappa Road",
        "highway": "residential",
        "highwayCategory": "Galli / Local Lane",
        "isGalli": true
      },
      "geometry": {
        "type": "LineString",
        "coordinates": [
          [
            80.2452435,
            13.0396825
          ],
          [
            80.2453966,
            13.04015
          ],
          [
            80.245464,
            13.0403975
          ],
          [
            80.2456203,
            13.0409708
          ],
          [
            80.2457562,
            13.0414242
          ],
          [
            80.2457754,
            13.0414577
          ],
          [
            80.2458009,
            13.041478
          ],
          [
            80.2458441,
            13.0414859
          ],
          [
            80.2460403,
            13.0414453
          ],
          [
            80.2460762,
            13.0414494
          ],
          [
            80.2461134,
            13.0414675
          ],
          [
            80.2461405,
            13.0415143
          ],
          [
            80.2463444,
            13.0424206
          ],
          [
            80.2464914,
            13.0430743
          ]
        ]
      }
    },
    {
      "type": "Feature",
      "id": "osm-23186348",
      "properties": {
        "osmid": 23186348,
        "name": "Venkatraman Street",
        "highway": "residential",
        "highwayCategory": "Galli / Local Lane",
        "isGalli": true
      },
      "geometry": {
        "type": "LineString",
        "coordinates": [
          [
            80.240815,
            13.0427047
          ],
          [
            80.2421257,
            13.0425101
          ],
          [
            80.2425561,
            13.0424404
          ],
          [
            80.2431607,
            13.0423485
          ],
          [
            80.2433118,
            13.0423331
          ],
          [
            80.2435211,
            13.0423032
          ],
          [
            80.2436695,
            13.0422832
          ],
          [
            80.2437997,
            13.0422656
          ],
          [
            80.2439578,
            13.0422442
          ],
          [
            80.2441237,
            13.0422217
          ],
          [
            80.2443715,
            13.0421835
          ]
        ]
      }
    },
    {
      "type": "Feature",
      "id": "osm-23186351",
      "properties": {
        "osmid": 23186351,
        "name": "VV Koil Street",
        "highway": "residential",
        "highwayCategory": "Galli / Local Lane",
        "isGalli": true
      },
      "geometry": {
        "type": "LineString",
        "coordinates": [
          [
            80.2507266,
            13.0487396
          ],
          [
            80.2502461,
            13.0487707
          ],
          [
            80.2497282,
            13.0488046
          ]
        ]
      }
    },
    {
      "type": "Feature",
      "id": "osm-23186354",
      "properties": {
        "osmid": 23186354,
        "name": "Mahalingam Street",
        "highway": "residential",
        "highwayCategory": "Galli / Local Lane",
        "isGalli": true
      },
      "geometry": {
        "type": "LineString",
        "coordinates": [
          [
            80.2322279,
            13.0583745
          ],
          [
            80.2341974,
            13.0582212
          ],
          [
            80.2346034,
            13.0581846
          ],
          [
            80.2349168,
            13.0581563
          ],
          [
            80.2349726,
            13.0581514
          ]
        ]
      }
    },
    {
      "type": "Feature",
      "id": "osm-23186355",
      "properties": {
        "osmid": 23186355,
        "name": "Local Corridor",
        "highway": "residential",
        "highwayCategory": "Galli / Local Lane",
        "isGalli": true
      },
      "geometry": {
        "type": "LineString",
        "coordinates": [
          [
            80.234042,
            13.0561527
          ],
          [
            80.234347,
            13.0561398
          ],
          [
            80.2347301,
            13.0561236
          ]
        ]
      }
    },
    {
      "type": "Feature",
      "id": "osm-23186356",
      "properties": {
        "osmid": 23186356,
        "name": "Pushpa Nagar Main Road",
        "highway": "residential",
        "highwayCategory": "Galli / Local Lane",
        "isGalli": true
      },
      "geometry": {
        "type": "LineString",
        "coordinates": [
          [
            80.240201,
            13.0580323
          ],
          [
            80.24009,
            13.0579944
          ],
          [
            80.2393575,
            13.0580268
          ],
          [
            80.238801,
            13.0580605
          ],
          [
            80.2383303,
            13.0580882
          ],
          [
            80.238272,
            13.0580908
          ],
          [
            80.2379535,
            13.0580999
          ],
          [
            80.2374589,
            13.0581036
          ],
          [
            80.2373271,
            13.0580858
          ]
        ]
      }
    },
    {
      "type": "Feature",
      "id": "osm-23186357",
      "properties": {
        "osmid": 23186357,
        "name": "1st Street",
        "highway": "residential",
        "highwayCategory": "Galli / Local Lane",
        "isGalli": true
      },
      "geometry": {
        "type": "LineString",
        "coordinates": [
          [
            80.2394768,
            13.0546478
          ],
          [
            80.2391505,
            13.0546636
          ],
          [
            80.2380775,
            13.0547169
          ],
          [
            80.2377721,
            13.0547291
          ]
        ]
      }
    },
    {
      "type": "Feature",
      "id": "osm-23186358",
      "properties": {
        "osmid": 23186358,
        "name": "2nd Street",
        "highway": "residential",
        "highwayCategory": "Galli / Local Lane",
        "isGalli": true
      },
      "geometry": {
        "type": "LineString",
        "coordinates": [
          [
            80.2391002,
            13.0536999
          ],
          [
            80.2383335,
            13.0537868
          ],
          [
            80.2382761,
            13.0537953
          ],
          [
            80.2380212,
            13.0538211
          ],
          [
            80.2377512,
            13.0538332
          ],
          [
            80.2376109,
            13.0537538
          ],
          [
            80.2373198,
            13.0534839
          ],
          [
            80.2371994,
            13.0533203
          ]
        ]
      }
    },
    {
      "type": "Feature",
      "id": "osm-23227994",
      "properties": {
        "osmid": 23227994,
        "name": "Sabari Salai",
        "highway": "secondary",
        "highwayCategory": "Municipal Thoroughfare",
        "isGalli": false
      },
      "geometry": {
        "type": "LineString",
        "coordinates": [
          [
            80.1914144,
            12.9654063
          ],
          [
            80.1915804,
            12.9653705
          ],
          [
            80.1916717,
            12.9653567
          ],
          [
            80.192765,
            12.9651246
          ],
          [
            80.192895,
            12.9651357
          ],
          [
            80.1930928,
            12.9651365
          ],
          [
            80.1932712,
            12.9651208
          ],
          [
            80.1935116,
            12.9650946
          ],
          [
            80.1940099,
            12.9649849
          ],
          [
            80.1948869,
            12.9647829
          ],
          [
            80.1949409,
            12.9647764
          ],
          [
            80.1950267,
            12.9648228
          ],
          [
            80.1951179,
            12.9648254
          ],
          [
            80.195248,
            12.9648059
          ],
          [
            80.1961207,
            12.964658
          ]
        ]
      }
    },
    {
      "type": "Feature",
      "id": "osm-23228103",
      "properties": {
        "osmid": 23228103,
        "name": "Local Corridor",
        "highway": "tertiary",
        "highwayCategory": "Municipal Thoroughfare",
        "isGalli": false
      },
      "geometry": {
        "type": "LineString",
        "coordinates": [
          [
            80.185461,
            12.9939188
          ],
          [
            80.1853914,
            12.9940514
          ]
        ]
      }
    },
    {
      "type": "Feature",
      "id": "osm-23292392",
      "properties": {
        "osmid": 23292392,
        "name": "Maharani Chinamma Road",
        "highway": "unclassified",
        "highwayCategory": "Galli / Local Lane",
        "isGalli": true
      },
      "geometry": {
        "type": "LineString",
        "coordinates": [
          [
            80.2525162,
            13.0396216
          ],
          [
            80.252421,
            13.0389858
          ],
          [
            80.25237,
            13.0386451
          ]
        ]
      }
    },
    {
      "type": "Feature",
      "id": "osm-23306321",
      "properties": {
        "osmid": 23306321,
        "name": "N.S.K. Nagar Main Road",
        "highway": "residential",
        "highwayCategory": "Galli / Local Lane",
        "isGalli": true
      },
      "geometry": {
        "type": "LineString",
        "coordinates": [
          [
            80.2162504,
            13.0751187
          ],
          [
            80.2162516,
            13.0752169
          ],
          [
            80.2162767,
            13.0754462
          ],
          [
            80.2163294,
            13.0757169
          ],
          [
            80.2163646,
            13.075999
          ],
          [
            80.2164055,
            13.07624
          ],
          [
            80.2164435,
            13.0765302
          ],
          [
            80.2164785,
            13.0768196
          ],
          [
            80.2164901,
            13.0769572
          ],
          [
            80.2164979,
            13.0770986
          ],
          [
            80.2165229,
            13.0773599
          ],
          [
            80.2165601,
            13.0775968
          ],
          [
            80.2165784,
            13.0778308
          ],
          [
            80.216617,
            13.0780682
          ],
          [
            80.2166595,
            13.0783235
          ],
          [
            80.2166757,
            13.0784432
          ],
          [
            80.2167045,
            13.0786043
          ],
          [
            80.2167226,
            13.0786725
          ],
          [
            80.2167408,
            13.078796
          ],
          [
            80.2167588,
            13.0788866
          ],
          [
            80.2167738,
            13.0791675
          ],
          [
            80.2167739,
            13.0791991
          ],
          [
            80.216767,
            13.0793455
          ],
          [
            80.2167695,
            13.0793999
          ],
          [
            80.2167756,
            13.0795683
          ],
          [
            80.2167793,
            13.0796175
          ],
          [
            80.2167777,
            13.0796745
          ],
          [
            80.2167741,
            13.0797984
          ],
          [
            80.2167711,
            13.0798866
          ]
        ]
      }
    },
    {
      "type": "Feature",
      "id": "osm-23306322",
      "properties": {
        "osmid": 23306322,
        "name": "Local Corridor",
        "highway": "residential",
        "highwayCategory": "Galli / Local Lane",
        "isGalli": true
      },
      "geometry": {
        "type": "LineString",
        "coordinates": [
          [
            80.2163294,
            13.0757169
          ],
          [
            80.2158561,
            13.0758302
          ],
          [
            80.215381,
            13.0759938
          ],
          [
            80.2150599,
            13.0760987
          ]
        ]
      }
    },
    {
      "type": "Feature",
      "id": "osm-23306323",
      "properties": {
        "osmid": 23306323,
        "name": "Local Corridor",
        "highway": "residential",
        "highwayCategory": "Galli / Local Lane",
        "isGalli": true
      },
      "geometry": {
        "type": "LineString",
        "coordinates": [
          [
            80.2164055,
            13.07624
          ],
          [
            80.2161382,
            13.0762883
          ],
          [
            80.2158011,
            13.0763642
          ],
          [
            80.2153621,
            13.0764946
          ]
        ]
      }
    },
    {
      "type": "Feature",
      "id": "osm-23306324",
      "properties": {
        "osmid": 23306324,
        "name": "Local Corridor",
        "highway": "residential",
        "highwayCategory": "Galli / Local Lane",
        "isGalli": true
      },
      "geometry": {
        "type": "LineString",
        "coordinates": [
          [
            80.2163646,
            13.075999
          ],
          [
            80.2161438,
            13.0760401
          ],
          [
            80.2158993,
            13.0760701
          ],
          [
            80.2156418,
            13.0761345
          ],
          [
            80.2154857,
            13.076186
          ],
          [
            80.2151508,
            13.076376
          ]
        ]
      }
    },
    {
      "type": "Feature",
      "id": "osm-23306325",
      "properties": {
        "osmid": 23306325,
        "name": "Local Corridor",
        "highway": "residential",
        "highwayCategory": "Galli / Local Lane",
        "isGalli": true
      },
      "geometry": {
        "type": "LineString",
        "coordinates": [
          [
            80.2164435,
            13.0765302
          ],
          [
            80.2162193,
            13.0765729
          ],
          [
            80.2159875,
            13.0766106
          ],
          [
            80.2157761,
            13.0766606
          ],
          [
            80.2155909,
            13.07671
          ]
        ]
      }
    },
    {
      "type": "Feature",
      "id": "osm-23306329",
      "properties": {
        "osmid": 23306329,
        "name": "Local Corridor",
        "highway": "residential",
        "highwayCategory": "Galli / Local Lane",
        "isGalli": true
      },
      "geometry": {
        "type": "LineString",
        "coordinates": [
          [
            80.2164785,
            13.0768196
          ],
          [
            80.2162981,
            13.076837
          ],
          [
            80.2161247,
            13.0768567
          ],
          [
            80.2159243,
            13.0768828
          ],
          [
            80.2157742,
            13.0768983
          ]
        ]
      }
    },
    {
      "type": "Feature",
      "id": "osm-23306330",
      "properties": {
        "osmid": 23306330,
        "name": "Local Corridor",
        "highway": "residential",
        "highwayCategory": "Galli / Local Lane",
        "isGalli": true
      },
      "geometry": {
        "type": "LineString",
        "coordinates": [
          [
            80.2166595,
            13.0783235
          ],
          [
            80.2163898,
            13.0783695
          ],
          [
            80.2160819,
            13.078406
          ],
          [
            80.2159156,
            13.0784387
          ]
        ]
      }
    },
    {
      "type": "Feature",
      "id": "osm-23306331",
      "properties": {
        "osmid": 23306331,
        "name": "Local Corridor",
        "highway": "residential",
        "highwayCategory": "Galli / Local Lane",
        "isGalli": true
      },
      "geometry": {
        "type": "LineString",
        "coordinates": [
          [
            80.216617,
            13.0780682
          ],
          [
            80.2163999,
            13.0780967
          ],
          [
            80.2161622,
            13.0781338
          ],
          [
            80.2159521,
            13.0781564
          ]
        ]
      }
    },
    {
      "type": "Feature",
      "id": "osm-23306332",
      "properties": {
        "osmid": 23306332,
        "name": "Local Corridor",
        "highway": "residential",
        "highwayCategory": "Galli / Local Lane",
        "isGalli": true
      },
      "geometry": {
        "type": "LineString",
        "coordinates": [
          [
            80.2165784,
            13.0778308
          ],
          [
            80.2163628,
            13.0778753
          ],
          [
            80.2161537,
            13.0779197
          ],
          [
            80.2159423,
            13.0779599
          ]
        ]
      }
    },
    {
      "type": "Feature",
      "id": "osm-23306333",
      "properties": {
        "osmid": 23306333,
        "name": "Local Corridor",
        "highway": "residential",
        "highwayCategory": "Galli / Local Lane",
        "isGalli": true
      },
      "geometry": {
        "type": "LineString",
        "coordinates": [
          [
            80.2165601,
            13.0775968
          ],
          [
            80.2163565,
            13.0776271
          ],
          [
            80.2158548,
            13.0776965
          ]
        ]
      }
    },
    {
      "type": "Feature",
      "id": "osm-23306334",
      "properties": {
        "osmid": 23306334,
        "name": "Local Corridor",
        "highway": "residential",
        "highwayCategory": "Galli / Local Lane",
        "isGalli": true
      },
      "geometry": {
        "type": "LineString",
        "coordinates": [
          [
            80.2165229,
            13.0773599
          ],
          [
            80.2160663,
            13.0774283
          ],
          [
            80.2159296,
            13.077454
          ]
        ]
      }
    },
    {
      "type": "Feature",
      "id": "osm-23306335",
      "properties": {
        "osmid": 23306335,
        "name": "Local Corridor",
        "highway": "residential",
        "highwayCategory": "Galli / Local Lane",
        "isGalli": true
      },
      "geometry": {
        "type": "LineString",
        "coordinates": [
          [
            80.2166757,
            13.0784432
          ],
          [
            80.2175986,
            13.0783132
          ],
          [
            80.2177207,
            13.078302
          ]
        ]
      }
    },
    {
      "type": "Feature",
      "id": "osm-23306336",
      "properties": {
        "osmid": 23306336,
        "name": "Local Corridor",
        "highway": "residential",
        "highwayCategory": "Galli / Local Lane",
        "isGalli": true
      },
      "geometry": {
        "type": "LineString",
        "coordinates": [
          [
            80.2167588,
            13.0788866
          ],
          [
            80.2171231,
            13.0788557
          ],
          [
            80.2177151,
            13.0787939
          ]
        ]
      }
    },
    {
      "type": "Feature",
      "id": "osm-23306337",
      "properties": {
        "osmid": 23306337,
        "name": "Local Corridor",
        "highway": "residential",
        "highwayCategory": "Galli / Local Lane",
        "isGalli": true
      },
      "geometry": {
        "type": "LineString",
        "coordinates": [
          [
            80.2167739,
            13.0791991
          ],
          [
            80.2177156,
            13.079157
          ]
        ]
      }
    },
    {
      "type": "Feature",
      "id": "osm-23306338",
      "properties": {
        "osmid": 23306338,
        "name": "Local Corridor",
        "highway": "residential",
        "highwayCategory": "Galli / Local Lane",
        "isGalli": true
      },
      "geometry": {
        "type": "LineString",
        "coordinates": [
          [
            80.2167738,
            13.0791675
          ],
          [
            80.2164713,
            13.0791301
          ],
          [
            80.2162996,
            13.0791199
          ],
          [
            80.2161075,
            13.0791324
          ]
        ]
      }
    },
    {
      "type": "Feature",
      "id": "osm-23306339",
      "properties": {
        "osmid": 23306339,
        "name": "Local Corridor",
        "highway": "residential",
        "highwayCategory": "Galli / Local Lane",
        "isGalli": true
      },
      "geometry": {
        "type": "LineString",
        "coordinates": [
          [
            80.2167695,
            13.0793999
          ],
          [
            80.2176009,
            13.079374
          ],
          [
            80.2177226,
            13.0793731
          ]
        ]
      }
    },
    {
      "type": "Feature",
      "id": "osm-23306340",
      "properties": {
        "osmid": 23306340,
        "name": "Local Corridor",
        "highway": "living_street",
        "highwayCategory": "Galli / Local Lane",
        "isGalli": true
      },
      "geometry": {
        "type": "LineString",
        "coordinates": [
          [
            80.2167793,
            13.0796175
          ],
          [
            80.21773,
            13.0795996
          ]
        ]
      }
    },
    {
      "type": "Feature",
      "id": "osm-23312575",
      "properties": {
        "osmid": 23312575,
        "name": "Murugappa Road",
        "highway": "residential",
        "highwayCategory": "Galli / Local Lane",
        "isGalli": true
      },
      "geometry": {
        "type": "LineString",
        "coordinates": [
          [
            80.2394905,
            13.0202554
          ],
          [
            80.2403067,
            13.0199751
          ],
          [
            80.241534,
            13.0195987
          ]
        ]
      }
    },
    {
      "type": "Feature",
      "id": "osm-23499279",
      "properties": {
        "osmid": 23499279,
        "name": "Flowers Road",
        "highway": "tertiary",
        "highwayCategory": "Municipal Thoroughfare",
        "isGalli": false
      },
      "geometry": {
        "type": "LineString",
        "coordinates": [
          [
            80.2500603,
            13.0809584
          ],
          [
            80.2500655,
            13.0806914
          ],
          [
            80.2500687,
            13.0805282
          ],
          [
            80.2500695,
            13.0804892
          ],
          [
            80.2500732,
            13.0803005
          ],
          [
            80.2500771,
            13.0801015
          ],
          [
            80.2500816,
            13.0798685
          ],
          [
            80.2500881,
            13.079538
          ],
          [
            80.2500921,
            13.0793319
          ],
          [
            80.250097,
            13.0790835
          ],
          [
            80.2501014,
            13.0788576
          ]
        ]
      }
    },
    {
      "type": "Feature",
      "id": "osm-23499285",
      "properties": {
        "osmid": 23499285,
        "name": "Waddles Road",
        "highway": "residential",
        "highwayCategory": "Galli / Local Lane",
        "isGalli": true
      },
      "geometry": {
        "type": "LineString",
        "coordinates": [
          [
            80.2458697,
            13.0817084
          ],
          [
            80.2458258,
            13.0811097
          ],
          [
            80.2457933,
            13.0802605
          ],
          [
            80.2457838,
            13.0800122
          ],
          [
            80.245762,
            13.0794832
          ]
        ]
      }
    },
    {
      "type": "Feature",
      "id": "osm-23499286",
      "properties": {
        "osmid": 23499286,
        "name": "Manickeswari Street",
        "highway": "residential",
        "highwayCategory": "Galli / Local Lane",
        "isGalli": true
      },
      "geometry": {
        "type": "LineString",
        "coordinates": [
          [
            80.2439566,
            13.0793632
          ],
          [
            80.2440349,
            13.0799268
          ],
          [
            80.244082,
            13.0802655
          ],
          [
            80.2441481,
            13.0808618
          ],
          [
            80.2442863,
            13.0820155
          ]
        ]
      }
    },
    {
      "type": "Feature",
      "id": "osm-23499288",
      "properties": {
        "osmid": 23499288,
        "name": "Varadharajalu Road",
        "highway": "residential",
        "highwayCategory": "Galli / Local Lane",
        "isGalli": true
      },
      "geometry": {
        "type": "LineString",
        "coordinates": [
          [
            80.2558875,
            13.0773525
          ],
          [
            80.2558184,
            13.0777332
          ],
          [
            80.2557093,
            13.0778721
          ],
          [
            80.2552261,
            13.0783857
          ],
          [
            80.2549629,
            13.0786323
          ],
          [
            80.2547003,
            13.0788783
          ]
        ]
      }
    },
    {
      "type": "Feature",
      "id": "osm-23499296",
      "properties": {
        "osmid": 23499296,
        "name": "Ritherdon Road",
        "highway": "secondary",
        "highwayCategory": "Municipal Thoroughfare",
        "isGalli": false
      },
      "geometry": {
        "type": "LineString",
        "coordinates": [
          [
            80.2587891,
            13.0793192
          ],
          [
            80.2587734,
            13.0794309
          ],
          [
            80.2587418,
            13.0799098
          ],
          [
            80.2587326,
            13.0800522
          ],
          [
            80.2587238,
            13.0801875
          ],
          [
            80.2587188,
            13.080221
          ],
          [
            80.2587102,
            13.0802786
          ],
          [
            80.2586728,
            13.0805277
          ],
          [
            80.2586302,
            13.0808294
          ],
          [
            80.2586175,
            13.0809511
          ],
          [
            80.2586038,
            13.0810824
          ],
          [
            80.2585884,
            13.0812018
          ],
          [
            80.2585671,
            13.0813668
          ],
          [
            80.2585522,
            13.0817558
          ],
          [
            80.2585407,
            13.0823673
          ],
          [
            80.2585407,
            13.0824601
          ],
          [
            80.2585407,
            13.0829033
          ],
          [
            80.2585796,
            13.0830731
          ],
          [
            80.2586048,
            13.0831828
          ],
          [
            80.2586275,
            13.0832817
          ],
          [
            80.2586214,
            13.0836782
          ],
          [
            80.2586117,
            13.0843076
          ],
          [
            80.2585738,
            13.0851537
          ],
          [
            80.2585569,
            13.0855316
          ],
          [
            80.2585254,
            13.0862342
          ],
          [
            80.2584838,
            13.0867199
          ],
          [
            80.2584869,
            13.0869406
          ]
        ]
      }
    },
    {
      "type": "Feature",
      "id": "osm-23610928",
      "properties": {
        "osmid": 23610928,
        "name": "Mahalingapuram Main Road",
        "highway": "secondary",
        "highwayCategory": "Municipal Thoroughfare",
        "isGalli": false
      },
      "geometry": {
        "type": "LineString",
        "coordinates": [
          [
            80.2347628,
            13.0557772
          ],
          [
            80.2347862,
            13.0560804
          ],
          [
            80.234784,
            13.0561275
          ]
        ]
      }
    },
    {
      "type": "Feature",
      "id": "osm-23634183",
      "properties": {
        "osmid": 23634183,
        "name": "Local Corridor",
        "highway": "residential",
        "highwayCategory": "Galli / Local Lane",
        "isGalli": true
      },
      "geometry": {
        "type": "LineString",
        "coordinates": [
          [
            80.2080607,
            13.0101186
          ],
          [
            80.207971,
            13.0101121
          ],
          [
            80.2076514,
            13.0100889
          ],
          [
            80.2072562,
            13.0100517
          ],
          [
            80.2068579,
            13.0100189
          ],
          [
            80.2066681,
            13.0099908
          ],
          [
            80.2059291,
            13.0098957
          ]
        ]
      }
    },
    {
      "type": "Feature",
      "id": "osm-23634185",
      "properties": {
        "osmid": 23634185,
        "name": "Local Corridor",
        "highway": "residential",
        "highwayCategory": "Galli / Local Lane",
        "isGalli": true
      },
      "geometry": {
        "type": "LineString",
        "coordinates": [
          [
            80.2086446,
            13.0128439
          ],
          [
            80.208761,
            13.0116145
          ],
          [
            80.2087706,
            13.0113368
          ],
          [
            80.2088048,
            13.0108674
          ],
          [
            80.2088131,
            13.0106947
          ],
          [
            80.2088394,
            13.0101501
          ]
        ]
      }
    },
    {
      "type": "Feature",
      "id": "osm-23634186",
      "properties": {
        "osmid": 23634186,
        "name": "Local Corridor",
        "highway": "residential",
        "highwayCategory": "Galli / Local Lane",
        "isGalli": true
      },
      "geometry": {
        "type": "LineString",
        "coordinates": [
          [
            80.2117406,
            13.0107335
          ],
          [
            80.2113048,
            13.0110754
          ],
          [
            80.2108834,
            13.0113837
          ],
          [
            80.2104888,
            13.0116358
          ],
          [
            80.2098498,
            13.011694
          ],
          [
            80.209224,
            13.0116544
          ],
          [
            80.208761,
            13.0116145
          ],
          [
            80.2083868,
            13.0115869
          ],
          [
            80.2079888,
            13.0115576
          ],
          [
            80.2075338,
            13.0115407
          ],
          [
            80.2072441,
            13.0115146
          ],
          [
            80.207204,
            13.0114911
          ],
          [
            80.2071865,
            13.0114597
          ],
          [
            80.2071825,
            13.0114218
          ],
          [
            80.2072562,
            13.0100517
          ]
        ]
      }
    },
    {
      "type": "Feature",
      "id": "osm-23634187",
      "properties": {
        "osmid": 23634187,
        "name": "Local Corridor",
        "highway": "residential",
        "highwayCategory": "Galli / Local Lane",
        "isGalli": true
      },
      "geometry": {
        "type": "LineString",
        "coordinates": [
          [
            80.2078952,
            13.0128505
          ],
          [
            80.2079888,
            13.0115576
          ],
          [
            80.2080081,
            13.0112971
          ],
          [
            80.2080349,
            13.010918
          ],
          [
            80.208043,
            13.0108257
          ],
          [
            80.2080607,
            13.0101186
          ]
        ]
      }
    },
    {
      "type": "Feature",
      "id": "osm-23634188",
      "properties": {
        "osmid": 23634188,
        "name": "Local Corridor",
        "highway": "service",
        "highwayCategory": "Galli / Local Lane",
        "isGalli": true
      },
      "geometry": {
        "type": "LineString",
        "coordinates": [
          [
            80.2062936,
            13.0080738
          ],
          [
            80.206995,
            13.0081898
          ],
          [
            80.2075063,
            13.0082526
          ]
        ]
      }
    },
    {
      "type": "Feature",
      "id": "osm-23634189",
      "properties": {
        "osmid": 23634189,
        "name": "Local Corridor",
        "highway": "service",
        "highwayCategory": "Galli / Local Lane",
        "isGalli": true
      },
      "geometry": {
        "type": "LineString",
        "coordinates": [
          [
            80.2054363,
            13.0109239
          ],
          [
            80.2054268,
            13.0116794
          ],
          [
            80.205431,
            13.0119846
          ],
          [
            80.2056901,
            13.0130821
          ]
        ]
      }
    },
    {
      "type": "Feature",
      "id": "osm-23634190",
      "properties": {
        "osmid": 23634190,
        "name": "Local Corridor",
        "highway": "residential",
        "highwayCategory": "Galli / Local Lane",
        "isGalli": true
      },
      "geometry": {
        "type": "LineString",
        "coordinates": [
          [
            80.2113371,
            13.0146379
          ],
          [
            80.2112925,
            13.0144914
          ],
          [
            80.2108518,
            13.0130435
          ],
          [
            80.2106235,
            13.0121582
          ],
          [
            80.2104888,
            13.0116358
          ]
        ]
      }
    },
    {
      "type": "Feature",
      "id": "osm-23634191",
      "properties": {
        "osmid": 23634191,
        "name": "Local Corridor",
        "highway": "residential",
        "highwayCategory": "Galli / Local Lane",
        "isGalli": true
      },
      "geometry": {
        "type": "LineString",
        "coordinates": [
          [
            80.2104015,
            13.0099347
          ],
          [
            80.2113048,
            13.0110754
          ]
        ]
      }
    },
    {
      "type": "Feature",
      "id": "osm-23634193",
      "properties": {
        "osmid": 23634193,
        "name": "Local Corridor",
        "highway": "residential",
        "highwayCategory": "Galli / Local Lane",
        "isGalli": true
      },
      "geometry": {
        "type": "LineString",
        "coordinates": [
          [
            80.2100196,
            13.0103255
          ],
          [
            80.210102,
            13.0104184
          ],
          [
            80.2108834,
            13.0113837
          ],
          [
            80.2113043,
            13.0119388
          ],
          [
            80.2113404,
            13.0119864
          ],
          [
            80.2117795,
            13.0125655
          ]
        ]
      }
    },
    {
      "type": "Feature",
      "id": "osm-23634200",
      "properties": {
        "osmid": 23634200,
        "name": "Old Mambalam Road",
        "highway": "residential",
        "highwayCategory": "Galli / Local Lane",
        "isGalli": true
      },
      "geometry": {
        "type": "LineString",
        "coordinates": [
          [
            80.2214631,
            13.0320134
          ],
          [
            80.2214572,
            13.0318769
          ],
          [
            80.2214606,
            13.0318055
          ],
          [
            80.221488,
            13.0316221
          ],
          [
            80.2215074,
            13.031546
          ],
          [
            80.2215765,
            13.0312079
          ],
          [
            80.2216145,
            13.0308623
          ],
          [
            80.2216273,
            13.0306636
          ],
          [
            80.2216382,
            13.0301958
          ],
          [
            80.2216449,
            13.0300764
          ],
          [
            80.2216932,
            13.0299589
          ],
          [
            80.2217759,
            13.0298455
          ],
          [
            80.2218035,
            13.0291842
          ],
          [
            80.2217859,
            13.0290161
          ],
          [
            80.2217506,
            13.028836
          ],
          [
            80.2216806,
            13.0284662
          ],
          [
            80.2216417,
            13.0280253
          ],
          [
            80.2216434,
            13.0274489
          ],
          [
            80.2216494,
            13.0268423
          ],
          [
            80.2216563,
            13.0266456
          ],
          [
            80.2216691,
            13.0264439
          ],
          [
            80.2216894,
            13.026314
          ],
          [
            80.2217437,
            13.0261111
          ],
          [
            80.2217721,
            13.0259079
          ],
          [
            80.2218046,
            13.02547
          ],
          [
            80.2218597,
            13.0250361
          ]
        ]
      }
    },
    {
      "type": "Feature",
      "id": "osm-23634201",
      "properties": {
        "osmid": 23634201,
        "name": "East Jones Road",
        "highway": "tertiary",
        "highwayCategory": "Municipal Thoroughfare",
        "isGalli": false
      },
      "geometry": {
        "type": "LineString",
        "coordinates": [
          [
            80.2289552,
            13.0247164
          ],
          [
            80.2288346,
            13.0248815
          ],
          [
            80.2287507,
            13.024928
          ],
          [
            80.228643,
            13.0249473
          ],
          [
            80.2282092,
            13.0249988
          ],
          [
            80.2279601,
            13.0250401
          ],
          [
            80.2278931,
            13.0250522
          ],
          [
            80.2277633,
            13.0250742
          ],
          [
            80.2273981,
            13.0251145
          ],
          [
            80.2272371,
            13.0251306
          ],
          [
            80.226012,
            13.0252754
          ],
          [
            80.2258956,
            13.0252838
          ],
          [
            80.2251297,
            13.0253064
          ],
          [
            80.224611,
            13.0252998
          ]
        ]
      }
    },
    {
      "type": "Feature",
      "id": "osm-23634202",
      "properties": {
        "osmid": 23634202,
        "name": "Thiruvalluvar Street",
        "highway": "residential",
        "highwayCategory": "Galli / Local Lane",
        "isGalli": true
      },
      "geometry": {
        "type": "LineString",
        "coordinates": [
          [
            80.216591,
            13.0274338
          ],
          [
            80.217452,
            13.0274305
          ],
          [
            80.2176154,
            13.0274433
          ],
          [
            80.2185523,
            13.0274767
          ],
          [
            80.2197684,
            13.027474
          ],
          [
            80.2216434,
            13.0274489
          ]
        ]
      }
    },
    {
      "type": "Feature",
      "id": "osm-23634203",
      "properties": {
        "osmid": 23634203,
        "name": "Visaka garden",
        "highway": "residential",
        "highwayCategory": "Galli / Local Lane",
        "isGalli": true
      },
      "geometry": {
        "type": "LineString",
        "coordinates": [
          [
            80.2197395,
            13.0268822
          ],
          [
            80.2216494,
            13.0268423
          ]
        ]
      }
    },
    {
      "type": "Feature",
      "id": "osm-23634204",
      "properties": {
        "osmid": 23634204,
        "name": "Subramaniya Salai",
        "highway": "residential",
        "highwayCategory": "Galli / Local Lane",
        "isGalli": true
      },
      "geometry": {
        "type": "LineString",
        "coordinates": [
          [
            80.2176154,
            13.0274433
          ],
          [
            80.2176226,
            13.0271098
          ],
          [
            80.2176405,
            13.0267998
          ],
          [
            80.2176402,
            13.0267791
          ],
          [
            80.217639,
            13.026578
          ],
          [
            80.2176429,
            13.026311
          ],
          [
            80.2176488,
            13.0260304
          ],
          [
            80.2176492,
            13.0257625
          ],
          [
            80.2176297,
            13.0254386
          ],
          [
            80.2176392,
            13.0251711
          ],
          [
            80.2176702,
            13.0247327
          ]
        ]
      }
    },
    {
      "type": "Feature",
      "id": "osm-23634210",
      "properties": {
        "osmid": 23634210,
        "name": "Kothaval Chavadi Street",
        "highway": "tertiary",
        "highwayCategory": "Municipal Thoroughfare",
        "isGalli": false
      },
      "geometry": {
        "type": "LineString",
        "coordinates": [
          [
            80.21365,
            13.021969
          ],
          [
            80.2141646,
            13.0219425
          ],
          [
            80.2143788,
            13.0219235
          ],
          [
            80.2148821,
            13.0218789
          ],
          [
            80.2152214,
            13.0218439
          ],
          [
            80.2155608,
            13.0218089
          ],
          [
            80.2158855,
            13.0217754
          ],
          [
            80.2162394,
            13.0217389
          ],
          [
            80.2167992,
            13.0216601
          ],
          [
            80.217359,
            13.0215813
          ],
          [
            80.2178027,
            13.0215066
          ],
          [
            80.2188618,
            13.0214736
          ],
          [
            80.2194963,
            13.0214599
          ]
        ]
      }
    },
    {
      "type": "Feature",
      "id": "osm-23634211",
      "properties": {
        "osmid": 23634211,
        "name": "Local Corridor",
        "highway": "living_street",
        "highwayCategory": "Galli / Local Lane",
        "isGalli": true
      },
      "geometry": {
        "type": "LineString",
        "coordinates": [
          [
            80.2211172,
            13.0178496
          ],
          [
            80.2211187,
            13.0179869
          ],
          [
            80.2211151,
            13.0181629
          ],
          [
            80.221114,
            13.0182942
          ],
          [
            80.2211099,
            13.0183692
          ],
          [
            80.2211059,
            13.018506
          ],
          [
            80.2211177,
            13.0186777
          ],
          [
            80.2211342,
            13.01885
          ],
          [
            80.2211448,
            13.0190668
          ],
          [
            80.2211397,
            13.019273
          ],
          [
            80.2211285,
            13.0194935
          ],
          [
            80.2210981,
            13.0201566
          ]
        ]
      }
    },
    {
      "type": "Feature",
      "id": "osm-23634214",
      "properties": {
        "osmid": 23634214,
        "name": "New Colony 2nd Street",
        "highway": "residential",
        "highwayCategory": "Galli / Local Lane",
        "isGalli": true
      },
      "geometry": {
        "type": "LineString",
        "coordinates": [
          [
            80.2164733,
            13.023678
          ],
          [
            80.2154168,
            13.0236737
          ]
        ]
      }
    },
    {
      "type": "Feature",
      "id": "osm-23634215",
      "properties": {
        "osmid": 23634215,
        "name": "New Colony 3rd Street",
        "highway": "residential",
        "highwayCategory": "Galli / Local Lane",
        "isGalli": true
      },
      "geometry": {
        "type": "LineString",
        "coordinates": [
          [
            80.2164119,
            13.0233314
          ],
          [
            80.2153886,
            13.0233763
          ]
        ]
      }
    },
    {
      "type": "Feature",
      "id": "osm-23634217",
      "properties": {
        "osmid": 23634217,
        "name": "Otthai Vaadai Street",
        "highway": "residential",
        "highwayCategory": "Galli / Local Lane",
        "isGalli": true
      },
      "geometry": {
        "type": "LineString",
        "coordinates": [
          [
            80.2197551,
            13.0244238
          ],
          [
            80.2199158,
            13.0244228
          ],
          [
            80.2202764,
            13.0244427
          ],
          [
            80.2207076,
            13.0244723
          ],
          [
            80.2211669,
            13.0245112
          ]
        ]
      }
    },
    {
      "type": "Feature",
      "id": "osm-23634218",
      "properties": {
        "osmid": 23634218,
        "name": "Local Corridor",
        "highway": "living_street",
        "highwayCategory": "Galli / Local Lane",
        "isGalli": true
      },
      "geometry": {
        "type": "LineString",
        "coordinates": [
          [
            80.2211576,
            13.0246461
          ],
          [
            80.2221535,
            13.0247123
          ]
        ]
      }
    },
    {
      "type": "Feature",
      "id": "osm-23634220",
      "properties": {
        "osmid": 23634220,
        "name": "Brahmin street",
        "highway": "living_street",
        "highwayCategory": "Galli / Local Lane",
        "isGalli": true
      },
      "geometry": {
        "type": "LineString",
        "coordinates": [
          [
            80.221646,
            13.0212571
          ],
          [
            80.221707,
            13.0212525
          ],
          [
            80.2228823,
            13.0212725
          ]
        ]
      }
    },
    {
      "type": "Feature",
      "id": "osm-23634222",
      "properties": {
        "osmid": 23634222,
        "name": "Chetty Street",
        "highway": "residential",
        "highwayCategory": "Galli / Local Lane",
        "isGalli": true
      },
      "geometry": {
        "type": "LineString",
        "coordinates": [
          [
            80.2203518,
            13.0197917
          ],
          [
            80.2203198,
            13.0199904
          ],
          [
            80.2203103,
            13.02085
          ],
          [
            80.2203152,
            13.0210945
          ],
          [
            80.2203221,
            13.0214356
          ]
        ]
      }
    },
    {
      "type": "Feature",
      "id": "osm-23634224",
      "properties": {
        "osmid": 23634224,
        "name": "Sembada Street",
        "highway": "residential",
        "highwayCategory": "Galli / Local Lane",
        "isGalli": true
      },
      "geometry": {
        "type": "LineString",
        "coordinates": [
          [
            80.2199158,
            13.0244228
          ],
          [
            80.2198991,
            13.0231959
          ],
          [
            80.2198731,
            13.022266
          ]
        ]
      }
    },
    {
      "type": "Feature",
      "id": "osm-23634227",
      "properties": {
        "osmid": 23634227,
        "name": "Abith Colony Main Road",
        "highway": "residential",
        "highwayCategory": "Galli / Local Lane",
        "isGalli": true
      },
      "geometry": {
        "type": "LineString",
        "coordinates": [
          [
            80.219691,
            13.0170969
          ],
          [
            80.2197348,
            13.0173961
          ],
          [
            80.2197617,
            13.0175358
          ],
          [
            80.219801,
            13.0178574
          ],
          [
            80.2198134,
            13.0179589
          ],
          [
            80.2198421,
            13.0182319
          ],
          [
            80.2198431,
            13.0182612
          ],
          [
            80.2198916,
            13.0186021
          ],
          [
            80.2199281,
            13.0189552
          ],
          [
            80.2199203,
            13.0190722
          ],
          [
            80.2198939,
            13.0191698
          ],
          [
            80.2197779,
            13.0194754
          ]
        ]
      }
    },
    {
      "type": "Feature",
      "id": "osm-23634229",
      "properties": {
        "osmid": 23634229,
        "name": "Elumalai Street",
        "highway": "residential",
        "highwayCategory": "Galli / Local Lane",
        "isGalli": true
      },
      "geometry": {
        "type": "LineString",
        "coordinates": [
          [
            80.2197336,
            13.0267571
          ],
          [
            80.2183397,
            13.0267389
          ],
          [
            80.2183096,
            13.0267617
          ],
          [
            80.2182853,
            13.0267796
          ],
          [
            80.2182607,
            13.0268052
          ],
          [
            80.2182377,
            13.0268167
          ],
          [
            80.2176405,
            13.0267998
          ]
        ]
      }
    },
    {
      "type": "Feature",
      "id": "osm-23634234",
      "properties": {
        "osmid": 23634234,
        "name": "Kumarasamy Street",
        "highway": "residential",
        "highwayCategory": "Galli / Local Lane",
        "isGalli": true
      },
      "geometry": {
        "type": "LineString",
        "coordinates": [
          [
            80.2181409,
            13.0260418
          ],
          [
            80.2180472,
            13.0260396
          ],
          [
            80.2179116,
            13.0260365
          ],
          [
            80.2177422,
            13.0260326
          ],
          [
            80.2176488,
            13.0260304
          ]
        ]
      }
    },
    {
      "type": "Feature",
      "id": "osm-23634236",
      "properties": {
        "osmid": 23634236,
        "name": "Munusamy Street",
        "highway": "residential",
        "highwayCategory": "Galli / Local Lane",
        "isGalli": true
      },
      "geometry": {
        "type": "LineString",
        "coordinates": [
          [
            80.2180828,
            13.0257708
          ],
          [
            80.2176492,
            13.0257625
          ],
          [
            80.217298,
            13.0257637
          ]
        ]
      }
    },
    {
      "type": "Feature",
      "id": "osm-23634237",
      "properties": {
        "osmid": 23634237,
        "name": "Ramasamy Street",
        "highway": "residential",
        "highwayCategory": "Galli / Local Lane",
        "isGalli": true
      },
      "geometry": {
        "type": "LineString",
        "coordinates": [
          [
            80.2181334,
            13.0254579
          ],
          [
            80.2176297,
            13.0254386
          ],
          [
            80.2173041,
            13.0254227
          ]
        ]
      }
    },
    {
      "type": "Feature",
      "id": "osm-23634393",
      "properties": {
        "osmid": 23634393,
        "name": "Brahmin Lane",
        "highway": "residential",
        "highwayCategory": "Galli / Local Lane",
        "isGalli": true
      },
      "geometry": {
        "type": "LineString",
        "coordinates": [
          [
            80.221707,
            13.0212525
          ],
          [
            80.2216864,
            13.020539
          ]
        ]
      }
    },
    {
      "type": "Feature",
      "id": "osm-23634396",
      "properties": {
        "osmid": 23634396,
        "name": "Local Corridor",
        "highway": "residential",
        "highwayCategory": "Galli / Local Lane",
        "isGalli": true
      },
      "geometry": {
        "type": "LineString",
        "coordinates": [
          [
            80.2160368,
            13.020772
          ],
          [
            80.2175157,
            13.020348
          ]
        ]
      }
    },
    {
      "type": "Feature",
      "id": "osm-23634398",
      "properties": {
        "osmid": 23634398,
        "name": "Ramapuram Ramasamy Street",
        "highway": "residential",
        "highwayCategory": "Galli / Local Lane",
        "isGalli": true
      },
      "geometry": {
        "type": "LineString",
        "coordinates": [
          [
            80.2176674,
            13.0208458
          ],
          [
            80.2161389,
            13.0212819
          ]
        ]
      }
    },
    {
      "type": "Feature",
      "id": "osm-23634400",
      "properties": {
        "osmid": 23634400,
        "name": "Mosque lane",
        "highway": "residential",
        "highwayCategory": "Galli / Local Lane",
        "isGalli": true
      },
      "geometry": {
        "type": "LineString",
        "coordinates": [
          [
            80.2177232,
            13.0210354
          ],
          [
            80.218028,
            13.0209606
          ],
          [
            80.2182278,
            13.0209339
          ],
          [
            80.2186193,
            13.0209078
          ],
          [
            80.2188921,
            13.0209016
          ],
          [
            80.2191006,
            13.020919
          ]
        ]
      }
    },
    {
      "type": "Feature",
      "id": "osm-23634401",
      "properties": {
        "osmid": 23634401,
        "name": "Local Corridor",
        "highway": "residential",
        "highwayCategory": "Galli / Local Lane",
        "isGalli": true
      },
      "geometry": {
        "type": "LineString",
        "coordinates": [
          [
            80.2176591,
            13.0196016
          ],
          [
            80.2177357,
            13.0198658
          ],
          [
            80.2178123,
            13.02013
          ],
          [
            80.2178889,
            13.0203941
          ],
          [
            80.2179655,
            13.0206583
          ],
          [
            80.218028,
            13.0209606
          ]
        ]
      }
    },
    {
      "type": "Feature",
      "id": "osm-23634403",
      "properties": {
        "osmid": 23634403,
        "name": "Local Corridor",
        "highway": "residential",
        "highwayCategory": "Galli / Local Lane",
        "isGalli": true
      },
      "geometry": {
        "type": "LineString",
        "coordinates": [
          [
            80.2178702,
            13.0220669
          ],
          [
            80.2187184,
            13.0219872
          ]
        ]
      }
    },
    {
      "type": "Feature",
      "id": "osm-23634404",
      "properties": {
        "osmid": 23634404,
        "name": "Soundareswarar koil street",
        "highway": "living_street",
        "highwayCategory": "Galli / Local Lane",
        "isGalli": true
      },
      "geometry": {
        "type": "LineString",
        "coordinates": [
          [
            80.2211702,
            13.021599
          ],
          [
            80.2216406,
            13.0215955
          ],
          [
            80.2216428,
            13.0214844
          ],
          [
            80.221646,
            13.0212571
          ],
          [
            80.2211288,
            13.0212534
          ]
        ]
      }
    },
    {
      "type": "Feature",
      "id": "osm-23634405",
      "properties": {
        "osmid": 23634405,
        "name": "Local Corridor",
        "highway": "residential",
        "highwayCategory": "Galli / Local Lane",
        "isGalli": true
      },
      "geometry": {
        "type": "LineString",
        "coordinates": [
          [
            80.218041,
            13.0229969
          ],
          [
            80.2185911,
            13.0229488
          ],
          [
            80.2191272,
            13.0228652
          ]
        ]
      }
    },
    {
      "type": "Feature",
      "id": "osm-23634407",
      "properties": {
        "osmid": 23634407,
        "name": "Sadaiyappan lane",
        "highway": "living_street",
        "highwayCategory": "Galli / Local Lane",
        "isGalli": true
      },
      "geometry": {
        "type": "LineString",
        "coordinates": [
          [
            80.2216691,
            13.0264439
          ],
          [
            80.2222977,
            13.02647
          ],
          [
            80.2231579,
            13.0266112
          ],
          [
            80.2236488,
            13.0266295
          ],
          [
            80.2241362,
            13.0266306
          ]
        ]
      }
    },
    {
      "type": "Feature",
      "id": "osm-23634408",
      "properties": {
        "osmid": 23634408,
        "name": "Local Corridor",
        "highway": "service",
        "highwayCategory": "Galli / Local Lane",
        "isGalli": true
      },
      "geometry": {
        "type": "LineString",
        "coordinates": [
          [
            80.2231972,
            13.0237467
          ],
          [
            80.2234877,
            13.0236977
          ],
          [
            80.2236072,
            13.0237962
          ],
          [
            80.2237477,
            13.0242037
          ],
          [
            80.2237719,
            13.0245496
          ]
        ]
      }
    },
    {
      "type": "Feature",
      "id": "osm-23634409",
      "properties": {
        "osmid": 23634409,
        "name": "Jones lane",
        "highway": "living_street",
        "highwayCategory": "Galli / Local Lane",
        "isGalli": true
      },
      "geometry": {
        "type": "LineString",
        "coordinates": [
          [
            80.2218046,
            13.02547
          ],
          [
            80.2220925,
            13.0254773
          ],
          [
            80.2223231,
            13.0255287
          ],
          [
            80.2228507,
            13.0256443
          ],
          [
            80.2230406,
            13.0256922
          ],
          [
            80.2242625,
            13.0257855
          ]
        ]
      }
    },
    {
      "type": "Feature",
      "id": "osm-23634410",
      "properties": {
        "osmid": 23634410,
        "name": "Sadayappan Street",
        "highway": "residential",
        "highwayCategory": "Galli / Local Lane",
        "isGalli": true
      },
      "geometry": {
        "type": "LineString",
        "coordinates": [
          [
            80.224207,
            13.0261938
          ],
          [
            80.2229033,
            13.0260825
          ],
          [
            80.2217721,
            13.0259079
          ]
        ]
      }
    },
    {
      "type": "Feature",
      "id": "osm-23634416",
      "properties": {
        "osmid": 23634416,
        "name": "Ragavan Colony 4th Street",
        "highway": "residential",
        "highwayCategory": "Galli / Local Lane",
        "isGalli": true
      },
      "geometry": {
        "type": "LineString",
        "coordinates": [
          [
            80.2131419,
            13.0275702
          ],
          [
            80.2136379,
            13.0274902
          ],
          [
            80.2141764,
            13.0274131
          ],
          [
            80.2148271,
            13.027319
          ],
          [
            80.2150175,
            13.0272926
          ],
          [
            80.2153815,
            13.0272499
          ],
          [
            80.2157105,
            13.027202
          ],
          [
            80.2159902,
            13.0271909
          ],
          [
            80.21625,
            13.0271921
          ],
          [
            80.2165112,
            13.0272072
          ],
          [
            80.2165474,
            13.0272199
          ],
          [
            80.2165702,
            13.0272464
          ],
          [
            80.216591,
            13.0274338
          ],
          [
            80.2166175,
            13.027766
          ],
          [
            80.2166509,
            13.0280788
          ],
          [
            80.2166978,
            13.0284006
          ]
        ]
      }
    },
    {
      "type": "Feature",
      "id": "osm-23634420",
      "properties": {
        "osmid": 23634420,
        "name": "Thiru vi ka street",
        "highway": "residential",
        "highwayCategory": "Galli / Local Lane",
        "isGalli": true
      },
      "geometry": {
        "type": "LineString",
        "coordinates": [
          [
            80.2166175,
            13.027766
          ],
          [
            80.2174717,
            13.027737
          ]
        ]
      }
    },
    {
      "type": "Feature",
      "id": "osm-23634423",
      "properties": {
        "osmid": 23634423,
        "name": "VOC Street Jayaram Pillai Street",
        "highway": "residential",
        "highwayCategory": "Galli / Local Lane",
        "isGalli": true
      },
      "geometry": {
        "type": "LineString",
        "coordinates": [
          [
            80.2197898,
            13.0277173
          ],
          [
            80.2185656,
            13.0277992
          ],
          [
            80.2174838,
            13.0278199
          ]
        ]
      }
    },
    {
      "type": "Feature",
      "id": "osm-23634425",
      "properties": {
        "osmid": 23634425,
        "name": "Natarajan Street",
        "highway": "residential",
        "highwayCategory": "Galli / Local Lane",
        "isGalli": true
      },
      "geometry": {
        "type": "LineString",
        "coordinates": [
          [
            80.2176226,
            13.0271098
          ],
          [
            80.2197526,
            13.0271777
          ]
        ]
      }
    },
    {
      "type": "Feature",
      "id": "osm-23634426",
      "properties": {
        "osmid": 23634426,
        "name": "Karani Garden 3rd Street",
        "highway": "residential",
        "highwayCategory": "Galli / Local Lane",
        "isGalli": true
      },
      "geometry": {
        "type": "LineString",
        "coordinates": [
          [
            80.2210535,
            13.0264571
          ],
          [
            80.2197429,
            13.0264091
          ]
        ]
      }
    },
    {
      "type": "Feature",
      "id": "osm-23634427",
      "properties": {
        "osmid": 23634427,
        "name": "Karani Garden 2nd Street",
        "highway": "residential",
        "highwayCategory": "Galli / Local Lane",
        "isGalli": true
      },
      "geometry": {
        "type": "LineString",
        "coordinates": [
          [
            80.2197802,
            13.0258422
          ],
          [
            80.2210923,
            13.0259171
          ]
        ]
      }
    },
    {
      "type": "Feature",
      "id": "osm-23634428",
      "properties": {
        "osmid": 23634428,
        "name": "Karani Garden 1st Street",
        "highway": "residential",
        "highwayCategory": "Galli / Local Lane",
        "isGalli": true
      },
      "geometry": {
        "type": "LineString",
        "coordinates": [
          [
            80.2210996,
            13.0254453
          ],
          [
            80.2197902,
            13.0253749
          ]
        ]
      }
    },
    {
      "type": "Feature",
      "id": "osm-23634656",
      "properties": {
        "osmid": 23634656,
        "name": "Local Corridor",
        "highway": "residential",
        "highwayCategory": "Galli / Local Lane",
        "isGalli": true
      },
      "geometry": {
        "type": "LineString",
        "coordinates": [
          [
            80.2225555,
            13.019156
          ],
          [
            80.2224778,
            13.0197438
          ],
          [
            80.2224774,
            13.0197825
          ],
          [
            80.2224845,
            13.0198092
          ],
          [
            80.2228524,
            13.0205255
          ]
        ]
      }
    },
    {
      "type": "Feature",
      "id": "osm-23634657",
      "properties": {
        "osmid": 23634657,
        "name": "Local Corridor",
        "highway": "residential",
        "highwayCategory": "Galli / Local Lane",
        "isGalli": true
      },
      "geometry": {
        "type": "LineString",
        "coordinates": [
          [
            80.2236379,
            13.0193633
          ],
          [
            80.2234131,
            13.0199036
          ],
          [
            80.2232247,
            13.0205728
          ],
          [
            80.2231349,
            13.0208102
          ],
          [
            80.223088,
            13.0209381
          ],
          [
            80.223087,
            13.0209674
          ],
          [
            80.223088,
            13.021006
          ],
          [
            80.2230974,
            13.0210374
          ],
          [
            80.2231336,
            13.0211154
          ],
          [
            80.2231848,
            13.0211939
          ],
          [
            80.2232415,
            13.0212706
          ],
          [
            80.2233442,
            13.0214441
          ]
        ]
      }
    },
    {
      "type": "Feature",
      "id": "osm-23634658",
      "properties": {
        "osmid": 23634658,
        "name": "Local Corridor",
        "highway": "service",
        "highwayCategory": "Galli / Local Lane",
        "isGalli": true
      },
      "geometry": {
        "type": "LineString",
        "coordinates": [
          [
            80.2238613,
            13.0194154
          ],
          [
            80.2238506,
            13.019493
          ],
          [
            80.2237761,
            13.0200303
          ],
          [
            80.2236577,
            13.0205758
          ]
        ]
      }
    },
    {
      "type": "Feature",
      "id": "osm-23634661",
      "properties": {
        "osmid": 23634661,
        "name": "Jeenis Road",
        "highway": "tertiary",
        "highwayCategory": "Municipal Thoroughfare",
        "isGalli": false
      },
      "geometry": {
        "type": "LineString",
        "coordinates": [
          [
            80.2245859,
            13.0198085
          ],
          [
            80.2245714,
            13.0199937
          ],
          [
            80.2245609,
            13.0201284
          ],
          [
            80.2244639,
            13.0206513
          ],
          [
            80.2243791,
            13.0211322
          ],
          [
            80.2243178,
            13.0215281
          ],
          [
            80.2242731,
            13.0218158
          ],
          [
            80.2242678,
            13.0218969
          ]
        ]
      }
    },
    {
      "type": "Feature",
      "id": "osm-23634662",
      "properties": {
        "osmid": 23634662,
        "name": "Dhrmraja Koil Street",
        "highway": "residential",
        "highwayCategory": "Galli / Local Lane",
        "isGalli": true
      },
      "geometry": {
        "type": "LineString",
        "coordinates": [
          [
            80.2249268,
            13.0226971
          ],
          [
            80.2249047,
            13.0231725
          ],
          [
            80.2249058,
            13.023465
          ],
          [
            80.2248703,
            13.0234899
          ],
          [
            80.2248493,
            13.0235273
          ],
          [
            80.2248432,
            13.0235562
          ],
          [
            80.2248418,
            13.0238693
          ]
        ]
      }
    },
    {
      "type": "Feature",
      "id": "osm-23634663",
      "properties": {
        "osmid": 23634663,
        "name": "Local Corridor",
        "highway": "residential",
        "highwayCategory": "Galli / Local Lane",
        "isGalli": true
      },
      "geometry": {
        "type": "LineString",
        "coordinates": [
          [
            80.2244296,
            13.0238734
          ],
          [
            80.2248418,
            13.0238693
          ],
          [
            80.2250126,
            13.0238615
          ],
          [
            80.2251293,
            13.0238546
          ]
        ]
      }
    },
    {
      "type": "Feature",
      "id": "osm-23634664",
      "properties": {
        "osmid": 23634664,
        "name": "Potter Street",
        "highway": "residential",
        "highwayCategory": "Galli / Local Lane",
        "isGalli": true
      },
      "geometry": {
        "type": "LineString",
        "coordinates": [
          [
            80.2272126,
            13.0237904
          ],
          [
            80.2272398,
            13.0240403
          ],
          [
            80.2272693,
            13.0243406
          ],
          [
            80.2273529,
            13.0247906
          ],
          [
            80.2273981,
            13.0251145
          ]
        ]
      }
    },
    {
      "type": "Feature",
      "id": "osm-23634665",
      "properties": {
        "osmid": 23634665,
        "name": "Balaji Singh Street",
        "highway": "residential",
        "highwayCategory": "Galli / Local Lane",
        "isGalli": true
      },
      "geometry": {
        "type": "LineString",
        "coordinates": [
          [
            80.2273529,
            13.0247906
          ],
          [
            80.226952,
            13.0248324
          ],
          [
            80.226107,
            13.0249464
          ],
          [
            80.22516,
            13.0249743
          ]
        ]
      }
    },
    {
      "type": "Feature",
      "id": "osm-23634666",
      "properties": {
        "osmid": 23634666,
        "name": "Pillaiyar Koil Street",
        "highway": "residential",
        "highwayCategory": "Galli / Local Lane",
        "isGalli": true
      },
      "geometry": {
        "type": "LineString",
        "coordinates": [
          [
            80.2251293,
            13.0238546
          ],
          [
            80.2251361,
            13.0242152
          ],
          [
            80.22516,
            13.0249743
          ],
          [
            80.2251803,
            13.0252717
          ]
        ]
      }
    },
    {
      "type": "Feature",
      "id": "osm-23634668",
      "properties": {
        "osmid": 23634668,
        "name": "Local Corridor",
        "highway": "residential",
        "highwayCategory": "Galli / Local Lane",
        "isGalli": true
      },
      "geometry": {
        "type": "LineString",
        "coordinates": [
          [
            80.2247167,
            13.0258714
          ],
          [
            80.2251976,
            13.0258654
          ]
        ]
      }
    },
    {
      "type": "Feature",
      "id": "osm-23634669",
      "properties": {
        "osmid": 23634669,
        "name": "Local Corridor",
        "highway": "residential",
        "highwayCategory": "Galli / Local Lane",
        "isGalli": true
      },
      "geometry": {
        "type": "LineString",
        "coordinates": [
          [
            80.2267784,
            13.0255045
          ],
          [
            80.2270461,
            13.0255065
          ],
          [
            80.2270778,
            13.0255021
          ],
          [
            80.2272869,
            13.0254672
          ]
        ]
      }
    },
    {
      "type": "Feature",
      "id": "osm-23634670",
      "properties": {
        "osmid": 23634670,
        "name": "Local Corridor",
        "highway": "residential",
        "highwayCategory": "Galli / Local Lane",
        "isGalli": true
      },
      "geometry": {
        "type": "LineString",
        "coordinates": [
          [
            80.2272371,
            13.0251306
          ],
          [
            80.2272869,
            13.0254672
          ],
          [
            80.2273119,
            13.0254686
          ],
          [
            80.2273339,
            13.0254793
          ],
          [
            80.2273478,
            13.0255045
          ],
          [
            80.2273575,
            13.0255826
          ],
          [
            80.2273866,
            13.0258761
          ],
          [
            80.2275204,
            13.0258616
          ],
          [
            80.2277763,
            13.0258321
          ]
        ]
      }
    },
    {
      "type": "Feature",
      "id": "osm-23634671",
      "properties": {
        "osmid": 23634671,
        "name": "Local Corridor",
        "highway": "residential",
        "highwayCategory": "Galli / Local Lane",
        "isGalli": true
      },
      "geometry": {
        "type": "LineString",
        "coordinates": [
          [
            80.2273575,
            13.0255826
          ],
          [
            80.2279949,
            13.0254928
          ]
        ]
      }
    },
    {
      "type": "Feature",
      "id": "osm-23634672",
      "properties": {
        "osmid": 23634672,
        "name": "Local Corridor",
        "highway": "residential",
        "highwayCategory": "Galli / Local Lane",
        "isGalli": true
      },
      "geometry": {
        "type": "LineString",
        "coordinates": [
          [
            80.2284519,
            13.0255698
          ],
          [
            80.2282092,
            13.0249988
          ],
          [
            80.2281706,
            13.0248531
          ],
          [
            80.2281941,
            13.0244733
          ],
          [
            80.2281923,
            13.0243787
          ]
        ]
      }
    },
    {
      "type": "Feature",
      "id": "osm-23634678",
      "properties": {
        "osmid": 23634678,
        "name": "Local Corridor",
        "highway": "residential",
        "highwayCategory": "Galli / Local Lane",
        "isGalli": true
      },
      "geometry": {
        "type": "LineString",
        "coordinates": [
          [
            80.2282483,
            13.019993
          ],
          [
            80.2282673,
            13.0199983
          ],
          [
            80.2282888,
            13.0199947
          ],
          [
            80.2284148,
            13.0199464
          ],
          [
            80.228572,
            13.0198913
          ],
          [
            80.2287344,
            13.0198365
          ],
          [
            80.2288908,
            13.0197782
          ],
          [
            80.2290501,
            13.0197196
          ],
          [
            80.2292201,
            13.0196572
          ],
          [
            80.2295688,
            13.0195257
          ],
          [
            80.2300694,
            13.0193447
          ],
          [
            80.2302589,
            13.0192682
          ],
          [
            80.2302987,
            13.0192447
          ],
          [
            80.2302233,
            13.019066
          ],
          [
            80.2301485,
            13.018887
          ]
        ]
      }
    },
    {
      "type": "Feature",
      "id": "osm-23634681",
      "properties": {
        "osmid": 23634681,
        "name": "Towards Adayar",
        "highway": "primary",
        "highwayCategory": "Municipal Thoroughfare",
        "isGalli": false
      },
      "geometry": {
        "type": "LineString",
        "coordinates": [
          [
            80.2248824,
            13.0151863
          ],
          [
            80.225105,
            13.0153575
          ],
          [
            80.2252418,
            13.0154672
          ],
          [
            80.2253737,
            13.0154974
          ],
          [
            80.2255707,
            13.0154204
          ],
          [
            80.2257614,
            13.0153162
          ],
          [
            80.2260049,
            13.0150158
          ]
        ]
      }
    },
    {
      "type": "Feature",
      "id": "osm-23635144",
      "properties": {
        "osmid": 23635144,
        "name": "Local Corridor",
        "highway": "primary_link",
        "highwayCategory": "Galli / Local Lane",
        "isGalli": true
      },
      "geometry": {
        "type": "LineString",
        "coordinates": [
          [
            80.2149099,
            13.0101861
          ],
          [
            80.214897,
            13.0102605
          ],
          [
            80.2149209,
            13.0103532
          ],
          [
            80.2149936,
            13.0104217
          ]
        ]
      }
    },
    {
      "type": "Feature",
      "id": "osm-23635145",
      "properties": {
        "osmid": 23635145,
        "name": "Inner Ring Road",
        "highway": "primary",
        "highwayCategory": "Municipal Thoroughfare",
        "isGalli": false
      },
      "geometry": {
        "type": "LineString",
        "coordinates": [
          [
            80.2071224,
            13.0255753
          ],
          [
            80.2070857,
            13.0253901
          ],
          [
            80.2069309,
            13.0243279
          ],
          [
            80.2068638,
            13.0240325
          ],
          [
            80.2067391,
            13.0234936
          ],
          [
            80.2066798,
            13.0232371
          ],
          [
            80.2066118,
            13.0229431
          ],
          [
            80.206506,
            13.0221893
          ],
          [
            80.2064911,
            13.0217923
          ]
        ]
      }
    },
    {
      "type": "Feature",
      "id": "osm-23641226",
      "properties": {
        "osmid": 23641226,
        "name": "Local Corridor",
        "highway": "residential",
        "highwayCategory": "Galli / Local Lane",
        "isGalli": true
      },
      "geometry": {
        "type": "LineString",
        "coordinates": [
          [
            80.2049979,
            13.0070432
          ],
          [
            80.2050423,
            13.0068885
          ],
          [
            80.2050887,
            13.0066706
          ],
          [
            80.2051331,
            13.0063629
          ],
          [
            80.205247,
            13.0057538
          ],
          [
            80.2052883,
            13.0054845
          ],
          [
            80.2053407,
            13.005069
          ]
        ]
      }
    },
    {
      "type": "Feature",
      "id": "osm-23641229",
      "properties": {
        "osmid": 23641229,
        "name": "Eswaran Koil Street",
        "highway": "residential",
        "highwayCategory": "Galli / Local Lane",
        "isGalli": true
      },
      "geometry": {
        "type": "LineString",
        "coordinates": [
          [
            80.2037509,
            13.006569
          ],
          [
            80.2038214,
            13.0063902
          ],
          [
            80.2038556,
            13.0061222
          ],
          [
            80.2039288,
            13.0057617
          ],
          [
            80.2039797,
            13.0055666
          ],
          [
            80.2040041,
            13.005515
          ],
          [
            80.2040176,
            13.0054684
          ],
          [
            80.2040168,
            13.0053271
          ],
          [
            80.2040147,
            13.0052556
          ],
          [
            80.204012,
            13.0050824
          ],
          [
            80.2040024,
            13.0049059
          ],
          [
            80.2040233,
            13.004747
          ],
          [
            80.2040789,
            13.004603
          ]
        ]
      }
    },
    {
      "type": "Feature",
      "id": "osm-23641237",
      "properties": {
        "osmid": 23641237,
        "name": "Thadikara Samy Koil Street",
        "highway": "residential",
        "highwayCategory": "Galli / Local Lane",
        "isGalli": true
      },
      "geometry": {
        "type": "LineString",
        "coordinates": [
          [
            80.2054822,
            13.004096
          ],
          [
            80.2046113,
            13.0040908
          ],
          [
            80.2043546,
            13.0041035
          ],
          [
            80.204024,
            13.0041248
          ],
          [
            80.2039973,
            13.0041135
          ],
          [
            80.2039226,
            13.0041006
          ],
          [
            80.2038056,
            13.0041122
          ],
          [
            80.2037888,
            13.0041122
          ],
          [
            80.2037797,
            13.0041055
          ],
          [
            80.2037767,
            13.0040932
          ],
          [
            80.2037761,
            13.0040736
          ],
          [
            80.2037756,
            13.0037933
          ],
          [
            80.2037631,
            13.003465
          ],
          [
            80.2037607,
            13.0030952
          ],
          [
            80.2037817,
            13.0025149
          ],
          [
            80.2038954,
            13.0025056
          ],
          [
            80.2039806,
            13.0024611
          ],
          [
            80.2040141,
            13.002416
          ],
          [
            80.2040242,
            13.0023827
          ],
          [
            80.2041003,
            13.0020975
          ],
          [
            80.204115,
            13.0019781
          ],
          [
            80.2041037,
            13.0018534
          ],
          [
            80.2042529,
            13.0014078
          ],
          [
            80.2044565,
            13.0010229
          ]
        ]
      }
    },
    {
      "type": "Feature",
      "id": "osm-23641245",
      "properties": {
        "osmid": 23641245,
        "name": "Local Corridor",
        "highway": "residential",
        "highwayCategory": "Galli / Local Lane",
        "isGalli": true
      },
      "geometry": {
        "type": "LineString",
        "coordinates": [
          [
            80.2060331,
            13.004993
          ],
          [
            80.2060913,
            13.0049977
          ],
          [
            80.2061454,
            13.005002
          ],
          [
            80.2062325,
            13.005009
          ],
          [
            80.2062943,
            13.005014
          ],
          [
            80.2063634,
            13.0050195
          ],
          [
            80.2064455,
            13.0050261
          ],
          [
            80.2065414,
            13.0050338
          ],
          [
            80.2066235,
            13.0050404
          ],
          [
            80.2067,
            13.0050466
          ],
          [
            80.2067765,
            13.0050527
          ]
        ]
      }
    },
    {
      "type": "Feature",
      "id": "osm-23641246",
      "properties": {
        "osmid": 23641246,
        "name": "Local Corridor",
        "highway": "residential",
        "highwayCategory": "Galli / Local Lane",
        "isGalli": true
      },
      "geometry": {
        "type": "LineString",
        "coordinates": [
          [
            80.2067734,
            13.0056661
          ],
          [
            80.2067722,
            13.0054873
          ],
          [
            80.2067736,
            13.0053424
          ],
          [
            80.2067751,
            13.0051976
          ],
          [
            80.2067765,
            13.0050527
          ],
          [
            80.2067743,
            13.0048998
          ],
          [
            80.206772,
            13.0047469
          ],
          [
            80.2067705,
            13.0046439
          ],
          [
            80.2067689,
            13.0045314
          ],
          [
            80.2067678,
            13.0044791
          ],
          [
            80.2067665,
            13.0044145
          ],
          [
            80.2067649,
            13.0043404
          ],
          [
            80.2067636,
            13.0042757
          ],
          [
            80.2067625,
            13.0042236
          ],
          [
            80.2067611,
            13.0041563
          ],
          [
            80.2067595,
            13.0040804
          ],
          [
            80.2067579,
            13.0040046
          ],
          [
            80.2067547,
            13.0039337
          ],
          [
            80.2067483,
            13.0037899
          ]
        ]
      }
    },
    {
      "type": "Feature",
      "id": "osm-23641248",
      "properties": {
        "osmid": 23641248,
        "name": "Madhavapuram S St",
        "highway": "residential",
        "highwayCategory": "Galli / Local Lane",
        "isGalli": true
      },
      "geometry": {
        "type": "LineString",
        "coordinates": [
          [
            80.2060129,
            13.003991
          ],
          [
            80.2061237,
            13.003993
          ],
          [
            80.2061954,
            13.0039943
          ],
          [
            80.2062952,
            13.0039962
          ],
          [
            80.2064146,
            13.0039983
          ],
          [
            80.2065184,
            13.0040002
          ],
          [
            80.2066381,
            13.0040024
          ],
          [
            80.2067579,
            13.0040046
          ]
        ]
      }
    },
    {
      "type": "Feature",
      "id": "osm-23641250",
      "properties": {
        "osmid": 23641250,
        "name": "Local Corridor",
        "highway": "living_street",
        "highwayCategory": "Galli / Local Lane",
        "isGalli": true
      },
      "geometry": {
        "type": "LineString",
        "coordinates": [
          [
            80.2031405,
            13.0061493
          ],
          [
            80.2032305,
            13.005894
          ],
          [
            80.2032651,
            13.0054693
          ],
          [
            80.2034642,
            13.004336
          ],
          [
            80.2035085,
            13.0038963
          ],
          [
            80.2035125,
            13.0034916
          ]
        ]
      }
    },
    {
      "type": "Feature",
      "id": "osm-23641254",
      "properties": {
        "osmid": 23641254,
        "name": "Kambar Street",
        "highway": "residential",
        "highwayCategory": "Galli / Local Lane",
        "isGalli": true
      },
      "geometry": {
        "type": "LineString",
        "coordinates": [
          [
            80.2038556,
            13.0061222
          ],
          [
            80.2046782,
            13.0062944
          ],
          [
            80.2051331,
            13.0063629
          ]
        ]
      }
    },
    {
      "type": "Feature",
      "id": "osm-23641255",
      "properties": {
        "osmid": 23641255,
        "name": "வக்கீல் ஜெகன்நாதன் தெரு",
        "highway": "residential",
        "highwayCategory": "Galli / Local Lane",
        "isGalli": true
      },
      "geometry": {
        "type": "LineString",
        "coordinates": [
          [
            80.206411,
            13.0056268
          ],
          [
            80.2063452,
            13.007614
          ]
        ]
      }
    },
    {
      "type": "Feature",
      "id": "osm-23641256",
      "properties": {
        "osmid": 23641256,
        "name": "Venu Reddy Street",
        "highway": "residential",
        "highwayCategory": "Galli / Local Lane",
        "isGalli": true
      },
      "geometry": {
        "type": "LineString",
        "coordinates": [
          [
            80.2071837,
            13.005739
          ],
          [
            80.2070545,
            13.0077142
          ]
        ]
      }
    },
    {
      "type": "Feature",
      "id": "osm-23641748",
      "properties": {
        "osmid": 23641748,
        "name": "Kathipara Interchange Ramp",
        "highway": "primary_link",
        "highwayCategory": "Galli / Local Lane",
        "isGalli": true
      },
      "geometry": {
        "type": "LineString",
        "coordinates": [
          [
            80.204415,
            13.0077567
          ],
          [
            80.2045528,
            13.0078423
          ],
          [
            80.2046464,
            13.0079512
          ],
          [
            80.2046883,
            13.0080407
          ],
          [
            80.204707,
            13.0081823
          ],
          [
            80.2046922,
            13.008262
          ],
          [
            80.204649,
            13.0083952
          ],
          [
            80.2045836,
            13.0084762
          ],
          [
            80.2044878,
            13.0085487
          ],
          [
            80.204398,
            13.0085931
          ],
          [
            80.2043018,
            13.0086119
          ],
          [
            80.2041946,
            13.0086111
          ],
          [
            80.2041032,
            13.0085932
          ],
          [
            80.2040302,
            13.0085579
          ],
          [
            80.2039568,
            13.0085045
          ],
          [
            80.2038804,
            13.0084213
          ],
          [
            80.2038377,
            13.008284
          ]
        ]
      }
    },
    {
      "type": "Feature",
      "id": "osm-23641752",
      "properties": {
        "osmid": 23641752,
        "name": "Local Corridor",
        "highway": "primary_link",
        "highwayCategory": "Galli / Local Lane",
        "isGalli": true
      },
      "geometry": {
        "type": "LineString",
        "coordinates": [
          [
            80.2040544,
            13.0127185
          ],
          [
            80.2041018,
            13.012612
          ],
          [
            80.2040394,
            13.0121361
          ],
          [
            80.2039005,
            13.0114609
          ],
          [
            80.2038465,
            13.0109954
          ],
          [
            80.2038252,
            13.0102474
          ],
          [
            80.2038275,
            13.0095986
          ],
          [
            80.2038422,
            13.0094243
          ],
          [
            80.2038552,
            13.0091369
          ],
          [
            80.2038848,
            13.0089642
          ],
          [
            80.20392,
            13.0088152
          ],
          [
            80.2039512,
            13.0087057
          ],
          [
            80.2039882,
            13.0086162
          ],
          [
            80.2040391,
            13.0085286
          ],
          [
            80.2040799,
            13.008483
          ],
          [
            80.2041208,
            13.0084448
          ],
          [
            80.2041754,
            13.0084044
          ],
          [
            80.2042798,
            13.0083416
          ],
          [
            80.2044047,
            13.0082742
          ],
          [
            80.2045652,
            13.0081974
          ],
          [
            80.2047571,
            13.0081051
          ],
          [
            80.2049078,
            13.0080412
          ],
          [
            80.2050906,
            13.0079673
          ],
          [
            80.2052068,
            13.0079287
          ],
          [
            80.2053643,
            13.0078862
          ],
          [
            80.2055142,
            13.0078569
          ],
          [
            80.2057468,
            13.00782
          ],
          [
            80.2060181,
            13.0078053
          ],
          [
            80.2061372,
            13.0077549
          ]
        ]
      }
    },
    {
      "type": "Feature",
      "id": "osm-23641764",
      "properties": {
        "osmid": 23641764,
        "name": "Guindy Bridge",
        "highway": "primary",
        "highwayCategory": "Municipal Thoroughfare",
        "isGalli": false
      },
      "geometry": {
        "type": "LineString",
        "coordinates": [
          [
            80.2157351,
            13.0102073
          ],
          [
            80.2155795,
            13.0101533
          ],
          [
            80.2147928,
            13.0100639
          ],
          [
            80.2147351,
            13.010055
          ]
        ]
      }
    },
    {
      "type": "Feature",
      "id": "osm-23642038",
      "properties": {
        "osmid": 23642038,
        "name": "Local Corridor",
        "highway": "residential",
        "highwayCategory": "Galli / Local Lane",
        "isGalli": true
      },
      "geometry": {
        "type": "LineString",
        "coordinates": [
          [
            80.1980553,
            13.0085995
          ],
          [
            80.1980814,
            13.0089463
          ],
          [
            80.1981756,
            13.0098689
          ],
          [
            80.1982978,
            13.0110659
          ]
        ]
      }
    },
    {
      "type": "Feature",
      "id": "osm-23642039",
      "properties": {
        "osmid": 23642039,
        "name": "Local Corridor",
        "highway": "residential",
        "highwayCategory": "Galli / Local Lane",
        "isGalli": true
      },
      "geometry": {
        "type": "LineString",
        "coordinates": [
          [
            80.197551,
            13.008564
          ],
          [
            80.1975389,
            13.0089228
          ],
          [
            80.1976356,
            13.0097684
          ],
          [
            80.1976536,
            13.0099223
          ],
          [
            80.1977848,
            13.0110444
          ]
        ]
      }
    },
    {
      "type": "Feature",
      "id": "osm-23642040",
      "properties": {
        "osmid": 23642040,
        "name": "Silver Street",
        "highway": "residential",
        "highwayCategory": "Galli / Local Lane",
        "isGalli": true
      },
      "geometry": {
        "type": "LineString",
        "coordinates": [
          [
            80.1969796,
            13.0085527
          ],
          [
            80.1969958,
            13.0089473
          ],
          [
            80.1970746,
            13.009835
          ],
          [
            80.1971514,
            13.0107081
          ],
          [
            80.197137,
            13.0109935
          ]
        ]
      }
    },
    {
      "type": "Feature",
      "id": "osm-23642041",
      "properties": {
        "osmid": 23642041,
        "name": "Market Street",
        "highway": "residential",
        "highwayCategory": "Galli / Local Lane",
        "isGalli": true
      },
      "geometry": {
        "type": "LineString",
        "coordinates": [
          [
            80.19599,
            13.0094752
          ],
          [
            80.1961593,
            13.009494
          ],
          [
            80.196722,
            13.0094769
          ]
        ]
      }
    },
    {
      "type": "Feature",
      "id": "osm-23642042",
      "properties": {
        "osmid": 23642042,
        "name": "Fisher Man Street",
        "highway": "residential",
        "highwayCategory": "Galli / Local Lane",
        "isGalli": true
      },
      "geometry": {
        "type": "LineString",
        "coordinates": [
          [
            80.1961593,
            13.009494
          ],
          [
            80.1962653,
            13.0100663
          ],
          [
            80.1963757,
            13.0106623
          ]
        ]
      }
    },
    {
      "type": "Feature",
      "id": "osm-23642043",
      "properties": {
        "osmid": 23642043,
        "name": "Local Corridor",
        "highway": "residential",
        "highwayCategory": "Galli / Local Lane",
        "isGalli": true
      },
      "geometry": {
        "type": "LineString",
        "coordinates": [
          [
            80.1984608,
            13.0110348
          ],
          [
            80.1982978,
            13.0110659
          ],
          [
            80.1979098,
            13.0110656
          ],
          [
            80.1977848,
            13.0110444
          ],
          [
            80.1972746,
            13.0110067
          ],
          [
            80.197137,
            13.0109935
          ],
          [
            80.1969892,
            13.0109794
          ],
          [
            80.1968599,
            13.0109159
          ],
          [
            80.1963757,
            13.0106623
          ],
          [
            80.1961946,
            13.0106436
          ],
          [
            80.1959435,
            13.0106444
          ]
        ]
      }
    },
    {
      "type": "Feature",
      "id": "osm-23642045",
      "properties": {
        "osmid": 23642045,
        "name": "Local Corridor",
        "highway": "residential",
        "highwayCategory": "Galli / Local Lane",
        "isGalli": true
      },
      "geometry": {
        "type": "LineString",
        "coordinates": [
          [
            80.196722,
            13.0094769
          ],
          [
            80.1967532,
            13.0093987
          ],
          [
            80.1966877,
            13.0089807
          ],
          [
            80.1966447,
            13.008577
          ]
        ]
      }
    },
    {
      "type": "Feature",
      "id": "osm-23642046",
      "properties": {
        "osmid": 23642046,
        "name": "St Patricks Church Road",
        "highway": "tertiary",
        "highwayCategory": "Municipal Thoroughfare",
        "isGalli": false
      },
      "geometry": {
        "type": "LineString",
        "coordinates": [
          [
            80.1962405,
            13.0072853
          ],
          [
            80.1962239,
            13.0072668
          ],
          [
            80.1962033,
            13.0072482
          ],
          [
            80.1961765,
            13.0072315
          ],
          [
            80.1961183,
            13.0072082
          ],
          [
            80.1960245,
            13.0071897
          ],
          [
            80.1958803,
            13.0071744
          ],
          [
            80.1958,
            13.0071686
          ],
          [
            80.1957526,
            13.0071688
          ],
          [
            80.1957208,
            13.0071727
          ],
          [
            80.1956727,
            13.0071848
          ],
          [
            80.1956499,
            13.0071989
          ],
          [
            80.1956333,
            13.0072149
          ],
          [
            80.1956096,
            13.0072519
          ],
          [
            80.1955901,
            13.0072889
          ],
          [
            80.1955613,
            13.0073504
          ],
          [
            80.1955325,
            13.0074178
          ],
          [
            80.1954909,
            13.0074918
          ],
          [
            80.1954462,
            13.0075594
          ],
          [
            80.1954348,
            13.0075751
          ],
          [
            80.1953996,
            13.0076237
          ],
          [
            80.1953572,
            13.0076663
          ],
          [
            80.1953212,
            13.007693
          ],
          [
            80.1952843,
            13.0077158
          ],
          [
            80.1952303,
            13.0077452
          ],
          [
            80.1951609,
            13.0077803
          ],
          [
            80.1951361,
            13.0077938
          ],
          [
            80.1941781,
            13.0083168
          ],
          [
            80.1940795,
            13.0083703
          ],
          [
            80.1938185,
            13.0085117
          ],
          [
            80.193624,
            13.0086125
          ],
          [
            80.1935889,
            13.0086307
          ],
          [
            80.193389,
            13.0087528
          ]
        ]
      }
    },
    {
      "type": "Feature",
      "id": "osm-23642048",
      "properties": {
        "osmid": 23642048,
        "name": "1st Street",
        "highway": "residential",
        "highwayCategory": "Galli / Local Lane",
        "isGalli": true
      },
      "geometry": {
        "type": "LineString",
        "coordinates": [
          [
            80.2015958,
            13.0074217
          ],
          [
            80.2016519,
            13.0079749
          ],
          [
            80.2017064,
            13.0085987
          ]
        ]
      }
    },
    {
      "type": "Feature",
      "id": "osm-23642049",
      "properties": {
        "osmid": 23642049,
        "name": "1st Cross Street",
        "highway": "residential",
        "highwayCategory": "Galli / Local Lane",
        "isGalli": true
      },
      "geometry": {
        "type": "LineString",
        "coordinates": [
          [
            80.2016519,
            13.0079749
          ],
          [
            80.2027032,
            13.0079232
          ]
        ]
      }
    },
    {
      "type": "Feature",
      "id": "osm-23642050",
      "properties": {
        "osmid": 23642050,
        "name": "Local Corridor",
        "highway": "residential",
        "highwayCategory": "Galli / Local Lane",
        "isGalli": true
      },
      "geometry": {
        "type": "LineString",
        "coordinates": [
          [
            80.201292,
            13.0097018
          ],
          [
            80.2011926,
            13.0086247
          ]
        ]
      }
    },
    {
      "type": "Feature",
      "id": "osm-23642051",
      "properties": {
        "osmid": 23642051,
        "name": "Local Corridor",
        "highway": "residential",
        "highwayCategory": "Galli / Local Lane",
        "isGalli": true
      },
      "geometry": {
        "type": "LineString",
        "coordinates": [
          [
            80.2016018,
            13.0086025
          ],
          [
            80.2016738,
            13.009666
          ],
          [
            80.201703,
            13.0098374
          ]
        ]
      }
    },
    {
      "type": "Feature",
      "id": "osm-23642053",
      "properties": {
        "osmid": 23642053,
        "name": "Local Corridor",
        "highway": "residential",
        "highwayCategory": "Galli / Local Lane",
        "isGalli": true
      },
      "geometry": {
        "type": "LineString",
        "coordinates": [
          [
            80.2008431,
            13.0097032
          ],
          [
            80.2008148,
            13.0091883
          ],
          [
            80.2008135,
            13.0086507
          ]
        ]
      }
    },
    {
      "type": "Feature",
      "id": "osm-23642056",
      "properties": {
        "osmid": 23642056,
        "name": "Kathipara Interchange Flyover",
        "highway": "primary",
        "highwayCategory": "Municipal Thoroughfare",
        "isGalli": false
      },
      "geometry": {
        "type": "LineString",
        "coordinates": [
          [
            80.2059253,
            13.0075844
          ],
          [
            80.2057304,
            13.0075831
          ]
        ]
      }
    },
    {
      "type": "Feature",
      "id": "osm-23642057",
      "properties": {
        "osmid": 23642057,
        "name": "Anna Salai (Mount Road)",
        "highway": "primary",
        "highwayCategory": "Municipal Thoroughfare",
        "isGalli": false
      },
      "geometry": {
        "type": "LineString",
        "coordinates": [
          [
            80.2061372,
            13.0077549
          ],
          [
            80.2061468,
            13.007757
          ],
          [
            80.2065299,
            13.0078414
          ]
        ]
      }
    },
    {
      "type": "Feature",
      "id": "osm-23642059",
      "properties": {
        "osmid": 23642059,
        "name": "Local Corridor",
        "highway": "residential",
        "highwayCategory": "Galli / Local Lane",
        "isGalli": true
      },
      "geometry": {
        "type": "LineString",
        "coordinates": [
          [
            80.1995973,
            13.0098068
          ],
          [
            80.1995036,
            13.0097689
          ],
          [
            80.1993639,
            13.0097365
          ],
          [
            80.199271,
            13.0097356
          ],
          [
            80.199163,
            13.0097432
          ],
          [
            80.1990744,
            13.0097655
          ],
          [
            80.1990008,
            13.0098004
          ],
          [
            80.1989565,
            13.0098354
          ]
        ]
      }
    },
    {
      "type": "Feature",
      "id": "osm-23647177",
      "properties": {
        "osmid": 23647177,
        "name": "Maraimalai Adigal Bridge",
        "highway": "primary",
        "highwayCategory": "Municipal Thoroughfare",
        "isGalli": false
      },
      "geometry": {
        "type": "LineString",
        "coordinates": [
          [
            80.2252306,
            13.0167311
          ],
          [
            80.2246851,
            13.0181113
          ],
          [
            80.2244405,
            13.0187266
          ]
        ]
      }
    },
    {
      "type": "Feature",
      "id": "osm-23698624",
      "properties": {
        "osmid": 23698624,
        "name": "Local Corridor",
        "highway": "secondary",
        "highwayCategory": "Municipal Thoroughfare",
        "isGalli": false
      },
      "geometry": {
        "type": "LineString",
        "coordinates": [
          [
            80.2098764,
            13.0351943
          ],
          [
            80.2106047,
            13.0350901
          ],
          [
            80.2107742,
            13.0350316
          ]
        ]
      }
    }
  ]
}