{
  "type": "FeatureCollection",
  "features": [
    {
      "type": "Feature",
      "id": "osm-5873630",
      "properties": {
        "osmid": 5873630,
        "name": "Mahatma Gandhi Marg",
        "highway": "trunk",
        "highwayCategory": "Municipal Thoroughfare",
        "isGalli": false
      },
      "geometry": {
        "type": "LineString",
        "coordinates": [
          [
            77.2309078,
            28.6723292
          ],
          [
            77.2306578,
            28.6733179
          ],
          [
            77.2301953,
            28.6749273
          ],
          [
            77.2300551,
            28.6758351
          ],
          [
            77.2299594,
            28.6762317
          ],
          [
            77.229647,
            28.6780872
          ],
          [
            77.2293683,
            28.6791795
          ],
          [
            77.2293426,
            28.6792801
          ]
        ]
      }
    },
    {
      "type": "Feature",
      "id": "osm-7892104",
      "properties": {
        "osmid": 7892104,
        "name": "Local Corridor",
        "highway": "service",
        "highwayCategory": "Galli / Local Lane",
        "isGalli": true
      },
      "geometry": {
        "type": "LineString",
        "coordinates": [
          [
            77.1679776,
            28.5425862
          ],
          [
            77.1679315,
            28.542708
          ],
          [
            77.1679059,
            28.5427692
          ],
          [
            77.1678181,
            28.5429334
          ],
          [
            77.1677848,
            28.5429799
          ],
          [
            77.1676677,
            28.5430993
          ]
        ]
      }
    },
    {
      "type": "Feature",
      "id": "osm-7892285",
      "properties": {
        "osmid": 7892285,
        "name": "JNU Ring Road",
        "highway": "service",
        "highwayCategory": "Galli / Local Lane",
        "isGalli": true
      },
      "geometry": {
        "type": "LineString",
        "coordinates": [
          [
            77.164386,
            28.5384174
          ],
          [
            77.1644918,
            28.5386615
          ],
          [
            77.1646039,
            28.5389844
          ],
          [
            77.1646819,
            28.5392922
          ],
          [
            77.1646928,
            28.539359
          ],
          [
            77.1646909,
            28.5394557
          ],
          [
            77.1646853,
            28.5395602
          ],
          [
            77.1646672,
            28.5397035
          ],
          [
            77.1645376,
            28.5404557
          ],
          [
            77.1644479,
            28.5408135
          ],
          [
            77.1644467,
            28.5409147
          ],
          [
            77.1644573,
            28.5410081
          ],
          [
            77.1646022,
            28.5415191
          ],
          [
            77.1646863,
            28.541802
          ],
          [
            77.1648518,
            28.5421704
          ],
          [
            77.1648775,
            28.5422232
          ],
          [
            77.1649157,
            28.5422781
          ],
          [
            77.1650194,
            28.5424155
          ],
          [
            77.1651708,
            28.5425679
          ],
          [
            77.165293,
            28.5426809
          ],
          [
            77.1654933,
            28.5428238
          ],
          [
            77.1657624,
            28.5430343
          ],
          [
            77.1658292,
            28.5430641
          ],
          [
            77.1659768,
            28.5430898
          ],
          [
            77.1663515,
            28.5431837
          ],
          [
            77.1664049,
            28.5431926
          ],
          [
            77.1664769,
            28.5432001
          ],
          [
            77.1665483,
            28.5432106
          ],
          [
            77.1666971,
            28.5432281
          ],
          [
            77.1672055,
            28.5432648
          ],
          [
            77.1674938,
            28.543273
          ],
          [
            77.1677587,
            28.5432848
          ],
          [
            77.168091,
            28.5432817
          ],
          [
            77.1682498,
            28.5432801
          ],
          [
            77.1683895,
            28.543264
          ],
          [
            77.1687788,
            28.5432031
          ],
          [
            77.1689158,
            28.5431757
          ],
          [
            77.1690559,
            28.5431314
          ],
          [
            77.1692319,
            28.5430775
          ],
          [
            77.1693114,
            28.5430532
          ],
          [
            77.1694989,
            28.5429916
          ],
          [
            77.1696272,
            28.5429314
          ],
          [
            77.1697454,
            28.5428737
          ],
          [
            77.1698833,
            28.5427877
          ],
          [
            77.1700311,
            28.5426838
          ],
          [
            77.1701653,
            28.5425811
          ]
        ]
      }
    },
    {
      "type": "Feature",
      "id": "osm-7892369",
      "properties": {
        "osmid": 7892369,
        "name": "Local Corridor",
        "highway": "service",
        "highwayCategory": "Galli / Local Lane",
        "isGalli": true
      },
      "geometry": {
        "type": "LineString",
        "coordinates": [
          [
            77.1664247,
            28.5429526
          ],
          [
            77.1670742,
            28.5426702
          ],
          [
            77.1671526,
            28.5426584
          ],
          [
            77.1672499,
            28.5426706
          ],
          [
            77.1673431,
            28.5427169
          ],
          [
            77.167405,
            28.5427765
          ],
          [
            77.1676677,
            28.5430993
          ],
          [
            77.1677331,
            28.5431841
          ],
          [
            77.1677522,
            28.5432257
          ],
          [
            77.1677587,
            28.5432848
          ]
        ]
      }
    },
    {
      "type": "Feature",
      "id": "osm-7892539",
      "properties": {
        "osmid": 7892539,
        "name": "Local Corridor",
        "highway": "service",
        "highwayCategory": "Galli / Local Lane",
        "isGalli": true
      },
      "geometry": {
        "type": "LineString",
        "coordinates": [
          [
            77.1620979,
            28.5465912
          ],
          [
            77.1624712,
            28.5462829
          ],
          [
            77.1625757,
            28.5462001
          ],
          [
            77.1633697,
            28.5454862
          ],
          [
            77.1635739,
            28.5453026
          ],
          [
            77.1636178,
            28.5452631
          ],
          [
            77.1637189,
            28.54516
          ],
          [
            77.1641533,
            28.5446966
          ],
          [
            77.1644644,
            28.5442589
          ],
          [
            77.1645247,
            28.5441916
          ],
          [
            77.1646114,
            28.5440938
          ],
          [
            77.1648469,
            28.5438723
          ],
          [
            77.1651249,
            28.5436402
          ],
          [
            77.1654125,
            28.5434132
          ],
          [
            77.1658292,
            28.5430641
          ]
        ]
      }
    },
    {
      "type": "Feature",
      "id": "osm-23089145",
      "properties": {
        "osmid": 23089145,
        "name": "Rajpur Road",
        "highway": "tertiary",
        "highwayCategory": "Municipal Thoroughfare",
        "isGalli": false
      },
      "geometry": {
        "type": "LineString",
        "coordinates": [
          [
            77.216855,
            28.6744011
          ],
          [
            77.2171136,
            28.6750996
          ],
          [
            77.2173749,
            28.6758813
          ],
          [
            77.2174038,
            28.6759679
          ],
          [
            77.2176674,
            28.6768265
          ],
          [
            77.2178218,
            28.6777424
          ],
          [
            77.2179809,
            28.6791426
          ],
          [
            77.2181495,
            28.6800077
          ],
          [
            77.2182435,
            28.6802572
          ],
          [
            77.2185665,
            28.6811143
          ],
          [
            77.2185971,
            28.6811956
          ],
          [
            77.2187456,
            28.6815851
          ],
          [
            77.2189263,
            28.6821319
          ],
          [
            77.21906,
            28.6825675
          ],
          [
            77.2192902,
            28.6836769
          ],
          [
            77.2194824,
            28.6845496
          ],
          [
            77.2197515,
            28.6857253
          ],
          [
            77.2198333,
            28.6858664
          ],
          [
            77.2199592,
            28.6862058
          ],
          [
            77.2201324,
            28.6866724
          ],
          [
            77.2209805,
            28.6891677
          ]
        ]
      }
    },
    {
      "type": "Feature",
      "id": "osm-23089146",
      "properties": {
        "osmid": 23089146,
        "name": "Lala Bansidhar Gupta Road",
        "highway": "tertiary",
        "highwayCategory": "Municipal Thoroughfare",
        "isGalli": false
      },
      "geometry": {
        "type": "LineString",
        "coordinates": [
          [
            77.2179809,
            28.6791426
          ],
          [
            77.2187354,
            28.6789342
          ],
          [
            77.2194163,
            28.6787462
          ],
          [
            77.2198347,
            28.6786414
          ],
          [
            77.2199706,
            28.6786184
          ],
          [
            77.2201297,
            28.6785915
          ],
          [
            77.2206869,
            28.6784537
          ],
          [
            77.2214639,
            28.6783159
          ],
          [
            77.2220091,
            28.6782123
          ],
          [
            77.2222194,
            28.6781189
          ],
          [
            77.2226668,
            28.6779275
          ],
          [
            77.222972,
            28.6777969
          ],
          [
            77.2239905,
            28.6773611
          ],
          [
            77.2244769,
            28.6771289
          ],
          [
            77.2246101,
            28.6770653
          ],
          [
            77.2247308,
            28.6770077
          ],
          [
            77.2248518,
            28.6770128
          ]
        ]
      }
    },
    {
      "type": "Feature",
      "id": "osm-23133486",
      "properties": {
        "osmid": 23133486,
        "name": "Inner Circle",
        "highway": "tertiary",
        "highwayCategory": "Municipal Thoroughfare",
        "isGalli": false
      },
      "geometry": {
        "type": "LineString",
        "coordinates": [
          [
            77.2206283,
            28.6335703
          ],
          [
            77.220695,
            28.6335031
          ],
          [
            77.2207554,
            28.6334314
          ],
          [
            77.2208092,
            28.6333557
          ],
          [
            77.2208941,
            28.6331974
          ],
          [
            77.22095,
            28.6330295
          ],
          [
            77.2209582,
            28.6329679
          ],
          [
            77.2209768,
            28.6328285
          ],
          [
            77.2209621,
            28.6326265
          ],
          [
            77.2209516,
            28.6325893
          ],
          [
            77.2208801,
            28.6323608
          ],
          [
            77.2207567,
            28.6321678
          ],
          [
            77.2206473,
            28.6320329
          ],
          [
            77.2205163,
            28.6319161
          ],
          [
            77.2203727,
            28.6318222
          ],
          [
            77.2202627,
            28.6317719
          ],
          [
            77.2201604,
            28.6317257
          ],
          [
            77.2199834,
            28.6316743
          ],
          [
            77.2198229,
            28.6316541
          ],
          [
            77.2197049,
            28.6316372
          ],
          [
            77.2195809,
            28.6316347
          ],
          [
            77.2193911,
            28.6316773
          ],
          [
            77.2191965,
            28.6317464
          ],
          [
            77.2189724,
            28.6318698
          ],
          [
            77.2188463,
            28.6319587
          ],
          [
            77.2186847,
            28.632107
          ],
          [
            77.2185744,
            28.6322574
          ],
          [
            77.2185397,
            28.6323119
          ],
          [
            77.2185101,
            28.6323706
          ],
          [
            77.2184612,
            28.6324954
          ],
          [
            77.2184292,
            28.6326243
          ],
          [
            77.2184138,
            28.6327868
          ],
          [
            77.2184244,
            28.6329374
          ],
          [
            77.2184253,
            28.6329495
          ],
          [
            77.2184634,
            28.6331091
          ],
          [
            77.2185004,
            28.6331973
          ],
          [
            77.2185275,
            28.6332621
          ],
          [
            77.2186161,
            28.6334054
          ],
          [
            77.2187978,
            28.6336009
          ],
          [
            77.2190004,
            28.633744
          ],
          [
            77.2190729,
            28.6337821
          ],
          [
            77.2190881,
            28.6337889
          ],
          [
            77.219146,
            28.6338151
          ],
          [
            77.2193018,
            28.6338694
          ],
          [
            77.2194307,
            28.6338979
          ],
          [
            77.2194644,
            28.6339053
          ],
          [
            77.2195654,
            28.633918
          ],
          [
            77.2195791,
            28.6339187
          ],
          [
            77.2196672,
            28.6339235
          ],
          [
            77.2197696,
            28.6339283
          ],
          [
            77.2199011,
            28.6339092
          ],
          [
            77.2200307,
            28.6338846
          ],
          [
            77.2201568,
            28.6338484
          ],
          [
            77.2202779,
            28.6338009
          ],
          [
            77.2203928,
            28.6337427
          ],
          [
            77.2205164,
            28.6336627
          ],
          [
            77.2205701,
            28.6336184
          ],
          [
            77.2206283,
            28.6335703
          ]
        ]
      }
    },
    {
      "type": "Feature",
      "id": "osm-23133600",
      "properties": {
        "osmid": 23133600,
        "name": "Middle Circle",
        "highway": "residential",
        "highwayCategory": "Galli / Local Lane",
        "isGalli": true
      },
      "geometry": {
        "type": "LineString",
        "coordinates": [
          [
            77.2195322,
            28.6306928
          ],
          [
            77.2197362,
            28.6306881
          ],
          [
            77.2197441,
            28.6306879
          ],
          [
            77.2199556,
            28.6306994
          ],
          [
            77.2200739,
            28.6307132
          ],
          [
            77.2201652,
            28.6307271
          ],
          [
            77.2203711,
            28.630771
          ],
          [
            77.2205719,
            28.6308305
          ],
          [
            77.2207434,
            28.6308967
          ],
          [
            77.2207659,
            28.6309054
          ],
          [
            77.2209517,
            28.6309949
          ],
          [
            77.2211278,
            28.6310984
          ],
          [
            77.2212929,
            28.631205
          ],
          [
            77.2214484,
            28.6313298
          ],
          [
            77.221582,
            28.6314584
          ],
          [
            77.2217092,
            28.631635
          ],
          [
            77.2218192,
            28.6317961
          ],
          [
            77.2218375,
            28.6318251
          ],
          [
            77.2219124,
            28.6319651
          ],
          [
            77.2219756,
            28.6321115
          ],
          [
            77.2219882,
            28.6321408
          ],
          [
            77.2220459,
            28.6323216
          ],
          [
            77.2220743,
            28.6324555
          ],
          [
            77.222085,
            28.6325062
          ],
          [
            77.2221005,
            28.6326494
          ],
          [
            77.2221053,
            28.6326932
          ],
          [
            77.2221065,
            28.6328501
          ],
          [
            77.2221067,
            28.632881
          ],
          [
            77.222089,
            28.6330682
          ],
          [
            77.2220524,
            28.6332532
          ],
          [
            77.2219973,
            28.6334347
          ],
          [
            77.2219474,
            28.6335548
          ],
          [
            77.221924,
            28.6336111
          ],
          [
            77.2218332,
            28.6337812
          ],
          [
            77.2217344,
            28.6339312
          ],
          [
            77.2217209,
            28.6339483
          ],
          [
            77.221622,
            28.6340736
          ],
          [
            77.2215063,
            28.6341971
          ],
          [
            77.2214967,
            28.6342074
          ],
          [
            77.2213593,
            28.6343318
          ],
          [
            77.2212215,
            28.6344376
          ],
          [
            77.2212107,
            28.6344459
          ],
          [
            77.2210037,
            28.6345795
          ],
          [
            77.2209104,
            28.6346269
          ],
          [
            77.2207766,
            28.6346899
          ],
          [
            77.2207631,
            28.6346962
          ],
          [
            77.2206106,
            28.6347563
          ],
          [
            77.2204537,
            28.6348069
          ],
          [
            77.2202932,
            28.6348479
          ],
          [
            77.2201298,
            28.634879
          ],
          [
            77.2199644,
            28.6349001
          ],
          [
            77.2198366,
            28.6349075
          ],
          [
            77.2196441,
            28.6349121
          ],
          [
            77.2195578,
            28.6349079
          ],
          [
            77.2194908,
            28.6349046
          ],
          [
            77.2193384,
            28.6348886
          ],
          [
            77.2191875,
            28.634864
          ],
          [
            77.2190386,
            28.634831
          ],
          [
            77.2188924,
            28.6347898
          ],
          [
            77.2187906,
            28.6347546
          ],
          [
            77.2187496,
            28.6347405
          ],
          [
            77.2186106,
            28.6346833
          ],
          [
            77.2184742,
            28.6346175
          ],
          [
            77.218343,
            28.6345441
          ],
          [
            77.2182175,
            28.6344634
          ],
          [
            77.2180982,
            28.6343758
          ],
          [
            77.2179855,
            28.6342816
          ],
          [
            77.2178801,
            28.6341812
          ],
          [
            77.2178323,
            28.6341288
          ],
          [
            77.2177822,
            28.634075
          ],
          [
            77.2176776,
            28.63394
          ],
          [
            77.2176204,
            28.6338616
          ],
          [
            77.2175675,
            28.6337761
          ],
          [
            77.2175552,
            28.6337563
          ],
          [
            77.2174968,
            28.6336479
          ],
          [
            77.2174456,
            28.6335367
          ],
          [
            77.2174016,
            28.6334232
          ],
          [
            77.217365,
            28.6333077
          ],
          [
            77.217336,
            28.6331905
          ],
          [
            77.2173146,
            28.6330721
          ],
          [
            77.2173009,
            28.6329528
          ],
          [
            77.2172949,
            28.632833
          ],
          [
            77.2172966,
            28.6327131
          ],
          [
            77.2173061,
            28.6325935
          ],
          [
            77.2173233,
            28.6324745
          ],
          [
            77.2173482,
            28.6323566
          ],
          [
            77.2173807,
            28.6322402
          ],
          [
            77.2174206,
            28.6321255
          ],
          [
            77.217476,
            28.6319913
          ],
          [
            77.2175224,
            28.6319031
          ],
          [
            77.2175751,
            28.6318278
          ]
        ]
      }
    },
    {
      "type": "Feature",
      "id": "osm-23133709",
      "properties": {
        "osmid": 23133709,
        "name": "Outer Circle",
        "highway": "secondary",
        "highwayCategory": "Municipal Thoroughfare",
        "isGalli": false
      },
      "geometry": {
        "type": "LineString",
        "coordinates": [
          [
            77.2209174,
            28.6300832
          ],
          [
            77.2208552,
            28.6300608
          ],
          [
            77.220815,
            28.6300478
          ],
          [
            77.2206518,
            28.6299952
          ],
          [
            77.2205331,
            28.6299741
          ],
          [
            77.2202029,
            28.6299163
          ],
          [
            77.2200819,
            28.6299063
          ],
          [
            77.2198676,
            28.6298886
          ],
          [
            77.2197987,
            28.6298842
          ],
          [
            77.2197655,
            28.629882
          ],
          [
            77.2194853,
            28.6298938
          ]
        ]
      }
    },
    {
      "type": "Feature",
      "id": "osm-23134098",
      "properties": {
        "osmid": 23134098,
        "name": "Local Corridor",
        "highway": "secondary",
        "highwayCategory": "Municipal Thoroughfare",
        "isGalli": false
      },
      "geometry": {
        "type": "LineString",
        "coordinates": [
          [
            77.2276011,
            28.6116806
          ],
          [
            77.2276573,
            28.6128167
          ],
          [
            77.2276662,
            28.6130207
          ],
          [
            77.2276812,
            28.6132235
          ],
          [
            77.2277545,
            28.6140639
          ],
          [
            77.2279122,
            28.6145682
          ],
          [
            77.2280679,
            28.6147853
          ],
          [
            77.228379,
            28.6149753
          ],
          [
            77.2290965,
            28.6153044
          ],
          [
            77.2295382,
            28.6155069
          ],
          [
            77.229595,
            28.6155332
          ],
          [
            77.2296583,
            28.6155595
          ],
          [
            77.2299055,
            28.6156701
          ],
          [
            77.2307818,
            28.6160632
          ]
        ]
      }
    },
    {
      "type": "Feature",
      "id": "osm-23134630",
      "properties": {
        "osmid": 23134630,
        "name": "Local Corridor",
        "highway": "secondary",
        "highwayCategory": "Municipal Thoroughfare",
        "isGalli": false
      },
      "geometry": {
        "type": "LineString",
        "coordinates": [
          [
            77.2402762,
            28.6198807
          ],
          [
            77.2402798,
            28.6199388
          ],
          [
            77.2403389,
            28.6208987
          ],
          [
            77.2403458,
            28.6210303
          ],
          [
            77.2403759,
            28.621603
          ],
          [
            77.2403942,
            28.6219519
          ],
          [
            77.2404155,
            28.6222135
          ],
          [
            77.2404534,
            28.6224905
          ],
          [
            77.2405049,
            28.6228793
          ],
          [
            77.2406548,
            28.6235951
          ],
          [
            77.2407869,
            28.6240829
          ],
          [
            77.2407907,
            28.6242148
          ],
          [
            77.2407545,
            28.6243855
          ],
          [
            77.2407491,
            28.6243984
          ],
          [
            77.2406392,
            28.6246622
          ],
          [
            77.2405586,
            28.6248091
          ],
          [
            77.2404744,
            28.6249041
          ]
        ]
      }
    },
    {
      "type": "Feature",
      "id": "osm-23134680",
      "properties": {
        "osmid": 23134680,
        "name": "Pandara Road",
        "highway": "secondary",
        "highwayCategory": "Municipal Thoroughfare",
        "isGalli": false
      },
      "geometry": {
        "type": "LineString",
        "coordinates": [
          [
            77.2313754,
            28.6095354
          ],
          [
            77.2310992,
            28.6093014
          ],
          [
            77.2309666,
            28.6091099
          ],
          [
            77.2309367,
            28.6090639
          ],
          [
            77.2309165,
            28.6087461
          ],
          [
            77.2309057,
            28.6083552
          ],
          [
            77.2308889,
            28.6080654
          ],
          [
            77.2308729,
            28.607781
          ],
          [
            77.2308521,
            28.607418
          ],
          [
            77.2308265,
            28.6068885
          ],
          [
            77.2307984,
            28.6063066
          ],
          [
            77.2307656,
            28.6059524
          ],
          [
            77.2307421,
            28.6057108
          ],
          [
            77.2307041,
            28.6052495
          ],
          [
            77.2306844,
            28.6050046
          ],
          [
            77.2306161,
            28.6040412
          ],
          [
            77.2305733,
            28.6036241
          ],
          [
            77.2305531,
            28.6033673
          ],
          [
            77.2305494,
            28.6032601
          ],
          [
            77.2305527,
            28.6031715
          ],
          [
            77.2305794,
            28.6030842
          ],
          [
            77.230581,
            28.6030632
          ],
          [
            77.2305854,
            28.6030505
          ],
          [
            77.2305883,
            28.6030341
          ]
        ]
      }
    },
    {
      "type": "Feature",
      "id": "osm-23134734",
      "properties": {
        "osmid": 23134734,
        "name": "Windsor Place",
        "highway": "secondary",
        "highwayCategory": "Municipal Thoroughfare",
        "isGalli": false
      },
      "geometry": {
        "type": "LineString",
        "coordinates": [
          [
            77.2194479,
            28.6200065
          ],
          [
            77.2194606,
            28.6199417
          ],
          [
            77.2194644,
            28.6198761
          ],
          [
            77.219459,
            28.6198106
          ],
          [
            77.2194432,
            28.619741
          ],
          [
            77.2194172,
            28.6196738
          ],
          [
            77.2193813,
            28.6196101
          ],
          [
            77.2193363,
            28.6195511
          ],
          [
            77.219283,
            28.6194977
          ],
          [
            77.2192432,
            28.6194658
          ],
          [
            77.2192005,
            28.619437
          ],
          [
            77.2191551,
            28.6194116
          ],
          [
            77.2191006,
            28.6193871
          ],
          [
            77.2190435,
            28.6193674
          ],
          [
            77.2189846,
            28.6193528
          ]
        ]
      }
    },
    {
      "type": "Feature",
      "id": "osm-23134746",
      "properties": {
        "osmid": 23134746,
        "name": "Sansad Marg",
        "highway": "tertiary",
        "highwayCategory": "Municipal Thoroughfare",
        "isGalli": false
      },
      "geometry": {
        "type": "LineString",
        "coordinates": [
          [
            77.2094715,
            28.6190168
          ],
          [
            77.2096351,
            28.6192383
          ],
          [
            77.2098801,
            28.61957
          ],
          [
            77.2102472,
            28.6200822
          ]
        ]
      }
    },
    {
      "type": "Feature",
      "id": "osm-23134751",
      "properties": {
        "osmid": 23134751,
        "name": "Mother Teresa Crescent",
        "highway": "secondary",
        "highwayCategory": "Municipal Thoroughfare",
        "isGalli": false
      },
      "geometry": {
        "type": "LineString",
        "coordinates": [
          [
            77.1915117,
            28.6098856
          ],
          [
            77.1916478,
            28.6097177
          ],
          [
            77.1920869,
            28.6091762
          ],
          [
            77.1925002,
            28.6087487
          ],
          [
            77.1931514,
            28.6081744
          ],
          [
            77.1934645,
            28.6079365
          ],
          [
            77.1935441,
            28.6078836
          ],
          [
            77.1937764,
            28.6077291
          ],
          [
            77.1943153,
            28.6074057
          ],
          [
            77.195056,
            28.6069736
          ],
          [
            77.1956511,
            28.6066263
          ],
          [
            77.197857,
            28.6053537
          ],
          [
            77.1980837,
            28.6052233
          ],
          [
            77.198393,
            28.6050421
          ],
          [
            77.1985016,
            28.6050071
          ],
          [
            77.1986207,
            28.6050253
          ]
        ]
      }
    },
    {
      "type": "Feature",
      "id": "osm-23138288",
      "properties": {
        "osmid": 23138288,
        "name": "Lala Lajpat Rai Path",
        "highway": "secondary",
        "highwayCategory": "Municipal Thoroughfare",
        "isGalli": false
      },
      "geometry": {
        "type": "LineString",
        "coordinates": [
          [
            77.2405059,
            28.5954457
          ],
          [
            77.2404086,
            28.5950513
          ]
        ]
      }
    },
    {
      "type": "Feature",
      "id": "osm-23151088",
      "properties": {
        "osmid": 23151088,
        "name": "Ratan Lal Sahdev Marg",
        "highway": "residential",
        "highwayCategory": "Galli / Local Lane",
        "isGalli": true
      },
      "geometry": {
        "type": "LineString",
        "coordinates": [
          [
            77.2289916,
            28.5778118
          ],
          [
            77.2295308,
            28.5778324
          ],
          [
            77.229568,
            28.5778341
          ],
          [
            77.2298599,
            28.5778432
          ],
          [
            77.2298969,
            28.5778444
          ],
          [
            77.2301121,
            28.5778511
          ],
          [
            77.2313741,
            28.5778834
          ],
          [
            77.2316897,
            28.5778856
          ],
          [
            77.2319446,
            28.5778903
          ],
          [
            77.2328298,
            28.5779084
          ],
          [
            77.2330554,
            28.5779177
          ],
          [
            77.2331101,
            28.5779184
          ],
          [
            77.2334069,
            28.577922
          ],
          [
            77.2346636,
            28.5779669
          ],
          [
            77.2357152,
            28.5779716
          ],
          [
            77.2358367,
            28.5779716
          ],
          [
            77.2358922,
            28.5779716
          ]
        ]
      }
    },
    {
      "type": "Feature",
      "id": "osm-23151089",
      "properties": {
        "osmid": 23151089,
        "name": "Local Corridor",
        "highway": "residential",
        "highwayCategory": "Galli / Local Lane",
        "isGalli": true
      },
      "geometry": {
        "type": "LineString",
        "coordinates": [
          [
            77.2348681,
            28.5740237
          ],
          [
            77.234903,
            28.5740937
          ],
          [
            77.2354392,
            28.5751672
          ],
          [
            77.2356377,
            28.5757046
          ],
          [
            77.2356597,
            28.5758139
          ],
          [
            77.2356962,
            28.5768175
          ],
          [
            77.2357048,
            28.5770526
          ],
          [
            77.2357697,
            28.5775246
          ],
          [
            77.2358305,
            28.5779422
          ],
          [
            77.2358326,
            28.577952
          ]
        ]
      }
    },
    {
      "type": "Feature",
      "id": "osm-23151090",
      "properties": {
        "osmid": 23151090,
        "name": "Dron Marg",
        "highway": "residential",
        "highwayCategory": "Galli / Local Lane",
        "isGalli": true
      },
      "geometry": {
        "type": "LineString",
        "coordinates": [
          [
            77.2378058,
            28.577942
          ],
          [
            77.2378087,
            28.5777171
          ],
          [
            77.237815,
            28.5772178
          ],
          [
            77.2378184,
            28.5769494
          ],
          [
            77.2378189,
            28.5766654
          ],
          [
            77.2378214,
            28.5764298
          ],
          [
            77.2378231,
            28.5762643
          ],
          [
            77.2378246,
            28.5761613
          ],
          [
            77.237828,
            28.5759247
          ],
          [
            77.2378109,
            28.5756324
          ],
          [
            77.2377967,
            28.5753883
          ],
          [
            77.2376756,
            28.5748305
          ],
          [
            77.2375082,
            28.5745185
          ],
          [
            77.2372178,
            28.5739776
          ],
          [
            77.2371201,
            28.5737956
          ],
          [
            77.2369769,
            28.5735287
          ],
          [
            77.2368525,
            28.5733115
          ],
          [
            77.2367595,
            28.5731492
          ],
          [
            77.2367372,
            28.5731102
          ],
          [
            77.2363572,
            28.5724395
          ],
          [
            77.2360883,
            28.5719758
          ],
          [
            77.2360335,
            28.5718849
          ],
          [
            77.2360016,
            28.5718301
          ],
          [
            77.2358965,
            28.5716493
          ],
          [
            77.2357602,
            28.5714185
          ],
          [
            77.235619,
            28.5711794
          ],
          [
            77.2354658,
            28.5709306
          ],
          [
            77.2353507,
            28.5707254
          ],
          [
            77.2352892,
            28.5706213
          ],
          [
            77.2352611,
            28.5705737
          ],
          [
            77.235175,
            28.5704279
          ],
          [
            77.2350574,
            28.5702433
          ],
          [
            77.234907,
            28.5699741
          ],
          [
            77.2347724,
            28.5697609
          ],
          [
            77.2346409,
            28.5695291
          ],
          [
            77.234527,
            28.5693308
          ],
          [
            77.2343622,
            28.5690517
          ],
          [
            77.2342481,
            28.5688587
          ],
          [
            77.2341137,
            28.5686322
          ],
          [
            77.2339711,
            28.5683575
          ],
          [
            77.23386,
            28.5681277
          ],
          [
            77.2337747,
            28.5679518
          ],
          [
            77.2337507,
            28.567907
          ],
          [
            77.2336299,
            28.5676901
          ],
          [
            77.233619,
            28.5676706
          ],
          [
            77.2335062,
            28.567515
          ],
          [
            77.2332126,
            28.5672204
          ],
          [
            77.2329952,
            28.5670526
          ],
          [
            77.2327691,
            28.5669051
          ],
          [
            77.2324578,
            28.5668054
          ],
          [
            77.2323643,
            28.5667755
          ]
        ]
      }
    },
    {
      "type": "Feature",
      "id": "osm-23151091",
      "properties": {
        "osmid": 23151091,
        "name": "Local Corridor",
        "highway": "residential",
        "highwayCategory": "Galli / Local Lane",
        "isGalli": true
      },
      "geometry": {
        "type": "LineString",
        "coordinates": [
          [
            77.238282,
            28.5780319
          ],
          [
            77.238286,
            28.5766863
          ],
          [
            77.2383022,
            28.5752848
          ],
          [
            77.2381793,
            28.5746681
          ]
        ]
      }
    },
    {
      "type": "Feature",
      "id": "osm-23151094",
      "properties": {
        "osmid": 23151094,
        "name": "Dr Ramlal Verma Marg",
        "highway": "service",
        "highwayCategory": "Galli / Local Lane",
        "isGalli": true
      },
      "geometry": {
        "type": "LineString",
        "coordinates": [
          [
            77.2413954,
            28.5786133
          ],
          [
            77.2413969,
            28.5783837
          ],
          [
            77.2414063,
            28.5781223
          ],
          [
            77.2414175,
            28.5776155
          ],
          [
            77.241417,
            28.5773481
          ],
          [
            77.2414152,
            28.5770861
          ],
          [
            77.2414313,
            28.576339
          ],
          [
            77.2414313,
            28.5758702
          ],
          [
            77.2414427,
            28.5756349
          ],
          [
            77.2414672,
            28.5751293
          ],
          [
            77.2414744,
            28.5748847
          ]
        ]
      }
    },
    {
      "type": "Feature",
      "id": "osm-23151095",
      "properties": {
        "osmid": 23151095,
        "name": "Local Corridor",
        "highway": "residential",
        "highwayCategory": "Galli / Local Lane",
        "isGalli": true
      },
      "geometry": {
        "type": "LineString",
        "coordinates": [
          [
            77.2414313,
            28.5758702
          ],
          [
            77.241349,
            28.5758697
          ],
          [
            77.2411448,
            28.5758684
          ],
          [
            77.2408489,
            28.5758666
          ],
          [
            77.2399754,
            28.5758561
          ],
          [
            77.2390711,
            28.5758452
          ],
          [
            77.2389753,
            28.5758441
          ]
        ]
      }
    },
    {
      "type": "Feature",
      "id": "osm-23151096",
      "properties": {
        "osmid": 23151096,
        "name": "Shri Vijay Monga Marg",
        "highway": "residential",
        "highwayCategory": "Galli / Local Lane",
        "isGalli": true
      },
      "geometry": {
        "type": "LineString",
        "coordinates": [
          [
            77.238938,
            28.5770904
          ],
          [
            77.2390263,
            28.5770883
          ],
          [
            77.2392276,
            28.5770835
          ],
          [
            77.2395141,
            28.5770767
          ],
          [
            77.2404152,
            28.5770881
          ],
          [
            77.2412934,
            28.5770863
          ],
          [
            77.2414152,
            28.5770861
          ]
        ]
      }
    },
    {
      "type": "Feature",
      "id": "osm-23151097",
      "properties": {
        "osmid": 23151097,
        "name": "Late Shri Tilak Raj Malhotra Marg",
        "highway": "residential",
        "highwayCategory": "Galli / Local Lane",
        "isGalli": true
      },
      "geometry": {
        "type": "LineString",
        "coordinates": [
          [
            77.2414664,
            28.5743432
          ],
          [
            77.2411903,
            28.5743299
          ],
          [
            77.2408925,
            28.574324
          ],
          [
            77.2404742,
            28.5743092
          ],
          [
            77.2399903,
            28.5743057
          ],
          [
            77.2396028,
            28.5743029
          ],
          [
            77.2393505,
            28.5743139
          ],
          [
            77.2390513,
            28.5742946
          ]
        ]
      }
    },
    {
      "type": "Feature",
      "id": "osm-23151098",
      "properties": {
        "osmid": 23151098,
        "name": "Local Corridor",
        "highway": "service",
        "highwayCategory": "Galli / Local Lane",
        "isGalli": true
      },
      "geometry": {
        "type": "LineString",
        "coordinates": [
          [
            77.2414672,
            28.5751293
          ],
          [
            77.2417514,
            28.5751281
          ],
          [
            77.2423187,
            28.5751352
          ],
          [
            77.2426405,
            28.5751293
          ]
        ]
      }
    },
    {
      "type": "Feature",
      "id": "osm-23151099",
      "properties": {
        "osmid": 23151099,
        "name": "Local Corridor",
        "highway": "service",
        "highwayCategory": "Galli / Local Lane",
        "isGalli": true
      },
      "geometry": {
        "type": "LineString",
        "coordinates": [
          [
            77.2431697,
            28.5763492
          ],
          [
            77.2419978,
            28.5763322
          ],
          [
            77.2417268,
            28.5763368
          ],
          [
            77.2414313,
            28.576339
          ]
        ]
      }
    },
    {
      "type": "Feature",
      "id": "osm-23151102",
      "properties": {
        "osmid": 23151102,
        "name": "Veer Savarkar Marg",
        "highway": "tertiary",
        "highwayCategory": "Municipal Thoroughfare",
        "isGalli": false
      },
      "geometry": {
        "type": "LineString",
        "coordinates": [
          [
            77.2469285,
            28.5676917
          ],
          [
            77.2467803,
            28.5677561
          ],
          [
            77.2466952,
            28.5677912
          ],
          [
            77.2465525,
            28.56785
          ],
          [
            77.2463765,
            28.5679252
          ],
          [
            77.2462261,
            28.5679845
          ],
          [
            77.2460063,
            28.5680725
          ],
          [
            77.2455319,
            28.5682679
          ],
          [
            77.245343,
            28.5683482
          ],
          [
            77.2448432,
            28.5685542
          ],
          [
            77.2445056,
            28.5686933
          ],
          [
            77.2441971,
            28.5688204
          ],
          [
            77.2439719,
            28.5689141
          ],
          [
            77.2439084,
            28.5689393
          ],
          [
            77.2436791,
            28.5690338
          ],
          [
            77.2434374,
            28.5691352
          ],
          [
            77.2432236,
            28.5692202
          ],
          [
            77.2427126,
            28.569432
          ],
          [
            77.2425231,
            28.5695101
          ],
          [
            77.2420342,
            28.5697115
          ],
          [
            77.2418004,
            28.5698079
          ],
          [
            77.2415499,
            28.5699111
          ],
          [
            77.2414695,
            28.5699442
          ],
          [
            77.2413329,
            28.5700005
          ],
          [
            77.2411949,
            28.5700573
          ],
          [
            77.2409903,
            28.5701416
          ],
          [
            77.2408264,
            28.5702092
          ],
          [
            77.2406747,
            28.5702716
          ],
          [
            77.2406178,
            28.5702951
          ],
          [
            77.2405388,
            28.5703276
          ],
          [
            77.2404328,
            28.5703713
          ],
          [
            77.2403682,
            28.5703978
          ],
          [
            77.2402114,
            28.5704616
          ],
          [
            77.240145,
            28.5704887
          ],
          [
            77.2400447,
            28.570531
          ],
          [
            77.2399811,
            28.5705574
          ],
          [
            77.2399729,
            28.5705608
          ],
          [
            77.2397112,
            28.57067
          ],
          [
            77.239451,
            28.5707758
          ],
          [
            77.239289,
            28.5708426
          ],
          [
            77.2392375,
            28.5708638
          ],
          [
            77.2387793,
            28.571051
          ],
          [
            77.2386381,
            28.5711107
          ],
          [
            77.2385282,
            28.5711538
          ],
          [
            77.2380176,
            28.5713645
          ],
          [
            77.2379648,
            28.5713882
          ],
          [
            77.2377444,
            28.5714805
          ],
          [
            77.2372802,
            28.5716702
          ],
          [
            77.2372436,
            28.5717226
          ]
        ]
      }
    },
    {
      "type": "Feature",
      "id": "osm-23151254",
      "properties": {
        "osmid": 23151254,
        "name": "Subramaniyam Bharti Marg",
        "highway": "secondary",
        "highwayCategory": "Municipal Thoroughfare",
        "isGalli": false
      },
      "geometry": {
        "type": "LineString",
        "coordinates": [
          [
            77.2400526,
            28.6070982
          ],
          [
            77.239874,
            28.607055
          ],
          [
            77.2397989,
            28.6070209
          ],
          [
            77.2395065,
            28.6068613
          ]
        ]
      }
    },
    {
      "type": "Feature",
      "id": "osm-24496907",
      "properties": {
        "osmid": 24496907,
        "name": "Bhagwan Mahavir Marg",
        "highway": "tertiary",
        "highwayCategory": "Municipal Thoroughfare",
        "isGalli": false
      },
      "geometry": {
        "type": "LineString",
        "coordinates": [
          [
            77.1641482,
            28.5254309
          ],
          [
            77.1642383,
            28.5253747
          ],
          [
            77.1650003,
            28.5249249
          ],
          [
            77.1652177,
            28.5248004
          ],
          [
            77.1660912,
            28.5242894
          ],
          [
            77.166231,
            28.5242085
          ],
          [
            77.1666145,
            28.5239865
          ],
          [
            77.1676417,
            28.523392
          ],
          [
            77.1677203,
            28.5233502
          ],
          [
            77.1677936,
            28.5233104
          ],
          [
            77.167852,
            28.5232852
          ]
        ]
      }
    },
    {
      "type": "Feature",
      "id": "osm-24496946",
      "properties": {
        "osmid": 24496946,
        "name": "Local Corridor",
        "highway": "residential",
        "highwayCategory": "Galli / Local Lane",
        "isGalli": true
      },
      "geometry": {
        "type": "LineString",
        "coordinates": [
          [
            77.1731715,
            28.5198181
          ],
          [
            77.172638,
            28.5197997
          ],
          [
            77.1724151,
            28.5197939
          ],
          [
            77.1722415,
            28.5197863
          ],
          [
            77.1721177,
            28.5197748
          ],
          [
            77.171879,
            28.5197479
          ],
          [
            77.1714684,
            28.5197017
          ],
          [
            77.171362,
            28.5196883
          ],
          [
            77.1711166,
            28.5196643
          ],
          [
            77.1701678,
            28.5195761
          ],
          [
            77.169947,
            28.5195763
          ],
          [
            77.1697996,
            28.5195854
          ],
          [
            77.1696403,
            28.5196313
          ],
          [
            77.1695369,
            28.5196655
          ],
          [
            77.1687947,
            28.5199079
          ],
          [
            77.1686774,
            28.5199393
          ],
          [
            77.1685423,
            28.519964
          ],
          [
            77.1683988,
            28.51998
          ],
          [
            77.1683415,
            28.5199945
          ],
          [
            77.1682769,
            28.5200212
          ],
          [
            77.167947,
            28.5201485
          ],
          [
            77.1677313,
            28.5202277
          ],
          [
            77.1676607,
            28.5202536
          ],
          [
            77.1676202,
            28.5202685
          ],
          [
            77.1672907,
            28.5203896
          ],
          [
            77.1671691,
            28.5204259
          ],
          [
            77.1670232,
            28.5204568
          ],
          [
            77.1668479,
            28.5204718
          ],
          [
            77.1667645,
            28.5204853
          ],
          [
            77.1666128,
            28.5205199
          ],
          [
            77.1664809,
            28.520563
          ],
          [
            77.1663642,
            28.5206043
          ],
          [
            77.16624,
            28.5206554
          ],
          [
            77.1661162,
            28.5207153
          ],
          [
            77.1660035,
            28.5207772
          ],
          [
            77.1659258,
            28.5208284
          ],
          [
            77.1658629,
            28.5208767
          ],
          [
            77.1658061,
            28.5209395
          ],
          [
            77.1657619,
            28.5210116
          ]
        ]
      }
    },
    {
      "type": "Feature",
      "id": "osm-24537371",
      "properties": {
        "osmid": 24537371,
        "name": "Local Corridor",
        "highway": "service",
        "highwayCategory": "Galli / Local Lane",
        "isGalli": true
      },
      "geometry": {
        "type": "LineString",
        "coordinates": [
          [
            77.1646022,
            28.5415191
          ],
          [
            77.1653527,
            28.5412422
          ],
          [
            77.1653871,
            28.5412214
          ],
          [
            77.1654164,
            28.5411836
          ],
          [
            77.1656696,
            28.5406865
          ],
          [
            77.1656952,
            28.5406495
          ],
          [
            77.1657406,
            28.5406173
          ],
          [
            77.166383,
            28.5403646
          ],
          [
            77.1664353,
            28.5403435
          ],
          [
            77.1665288,
            28.5402499
          ],
          [
            77.1666606,
            28.539908
          ]
        ]
      }
    },
    {
      "type": "Feature",
      "id": "osm-24537377",
      "properties": {
        "osmid": 24537377,
        "name": "Local Corridor",
        "highway": "service",
        "highwayCategory": "Galli / Local Lane",
        "isGalli": true
      },
      "geometry": {
        "type": "LineString",
        "coordinates": [
          [
            77.1699335,
            28.5392313
          ],
          [
            77.1702767,
            28.5391172
          ],
          [
            77.1706023,
            28.5390393
          ],
          [
            77.1707071,
            28.539027
          ],
          [
            77.1710844,
            28.5390057
          ],
          [
            77.1711688,
            28.5390129
          ],
          [
            77.1713117,
            28.539036
          ],
          [
            77.1713978,
            28.5390695
          ],
          [
            77.1715097,
            28.5391307
          ],
          [
            77.1715727,
            28.5391829
          ],
          [
            77.171613,
            28.5392372
          ],
          [
            77.1718492,
            28.5397308
          ],
          [
            77.172497,
            28.5410845
          ],
          [
            77.1726659,
            28.5413212
          ],
          [
            77.1728575,
            28.5415897
          ],
          [
            77.1733434,
            28.5421097
          ],
          [
            77.1737644,
            28.542509
          ],
          [
            77.1740454,
            28.5427522
          ],
          [
            77.17466,
            28.5432937
          ]
        ]
      }
    },
    {
      "type": "Feature",
      "id": "osm-24537423",
      "properties": {
        "osmid": 24537423,
        "name": "Sardar Patel Marg",
        "highway": "secondary",
        "highwayCategory": "Municipal Thoroughfare",
        "isGalli": false
      },
      "geometry": {
        "type": "LineString",
        "coordinates": [
          [
            77.1874331,
            28.6060281
          ],
          [
            77.1873626,
            28.6059672
          ],
          [
            77.1868539,
            28.6055279
          ],
          [
            77.1863088,
            28.6050571
          ],
          [
            77.1861107,
            28.604886
          ],
          [
            77.184942,
            28.6041312
          ],
          [
            77.184592,
            28.6039446
          ],
          [
            77.1836422,
            28.6034408
          ],
          [
            77.1835655,
            28.6034019
          ],
          [
            77.1810366,
            28.60212
          ],
          [
            77.1808546,
            28.6020279
          ]
        ]
      }
    },
    {
      "type": "Feature",
      "id": "osm-24563333",
      "properties": {
        "osmid": 24563333,
        "name": "Sabz Burj Circle",
        "highway": "primary",
        "highwayCategory": "Municipal Thoroughfare",
        "isGalli": false
      },
      "geometry": {
        "type": "LineString",
        "coordinates": [
          [
            77.2436978,
            28.5934998
          ],
          [
            77.2438124,
            28.5934706
          ],
          [
            77.243939,
            28.5933871
          ],
          [
            77.2440001,
            28.5933038
          ],
          [
            77.2440308,
            28.5932109
          ],
          [
            77.2440332,
            28.5931593
          ],
          [
            77.2440344,
            28.5931338
          ],
          [
            77.2440057,
            28.593036
          ],
          [
            77.2439853,
            28.5929987
          ]
        ]
      }
    },
    {
      "type": "Feature",
      "id": "osm-24563335",
      "properties": {
        "osmid": 24563335,
        "name": "Oberoi Flyover",
        "highway": "secondary",
        "highwayCategory": "Municipal Thoroughfare",
        "isGalli": false
      },
      "geometry": {
        "type": "LineString",
        "coordinates": [
          [
            77.2426065,
            28.5945002
          ],
          [
            77.2422188,
            28.5950352
          ],
          [
            77.2411179,
            28.5965874
          ]
        ]
      }
    },
    {
      "type": "Feature",
      "id": "osm-24563336",
      "properties": {
        "osmid": 24563336,
        "name": "Lodhi Road",
        "highway": "secondary",
        "highwayCategory": "Municipal Thoroughfare",
        "isGalli": false
      },
      "geometry": {
        "type": "LineString",
        "coordinates": [
          [
            77.2288648,
            28.5911081
          ],
          [
            77.2287345,
            28.591091
          ],
          [
            77.2284363,
            28.5910425
          ],
          [
            77.2279242,
            28.5909602
          ],
          [
            77.2263857,
            28.5907904
          ],
          [
            77.2259494,
            28.5907448
          ],
          [
            77.2245784,
            28.5905859
          ],
          [
            77.2238299,
            28.5904984
          ],
          [
            77.2237659,
            28.5904974
          ]
        ]
      }
    },
    {
      "type": "Feature",
      "id": "osm-24563338",
      "properties": {
        "osmid": 24563338,
        "name": "Lala Lajpat Rai Path",
        "highway": "secondary",
        "highwayCategory": "Municipal Thoroughfare",
        "isGalli": false
      },
      "geometry": {
        "type": "LineString",
        "coordinates": [
          [
            77.2348106,
            28.5683887
          ],
          [
            77.2358071,
            28.5701283
          ],
          [
            77.2360679,
            28.5706232
          ],
          [
            77.2365143,
            28.5714638
          ],
          [
            77.2366203,
            28.5716496
          ],
          [
            77.2371813,
            28.5725504
          ],
          [
            77.2373812,
            28.572859
          ],
          [
            77.2382054,
            28.5742955
          ],
          [
            77.2383625,
            28.5746035
          ]
        ]
      }
    },
    {
      "type": "Feature",
      "id": "osm-24563340",
      "properties": {
        "osmid": 24563340,
        "name": "Local Corridor",
        "highway": "secondary_link",
        "highwayCategory": "Galli / Local Lane",
        "isGalli": true
      },
      "geometry": {
        "type": "LineString",
        "coordinates": [
          [
            77.2398676,
            28.5895315
          ],
          [
            77.2397642,
            28.5897512
          ],
          [
            77.2397226,
            28.5899709
          ],
          [
            77.2397162,
            28.5900703
          ],
          [
            77.2397088,
            28.590186
          ]
        ]
      }
    },
    {
      "type": "Feature",
      "id": "osm-24563343",
      "properties": {
        "osmid": 24563343,
        "name": "Ward number 142",
        "highway": "residential",
        "highwayCategory": "Galli / Local Lane",
        "isGalli": true
      },
      "geometry": {
        "type": "LineString",
        "coordinates": [
          [
            77.247452,
            28.5889711
          ],
          [
            77.2474364,
            28.5890199
          ],
          [
            77.2474371,
            28.589041
          ],
          [
            77.2474382,
            28.5890705
          ],
          [
            77.2474574,
            28.5891183
          ],
          [
            77.2474922,
            28.5891587
          ],
          [
            77.2475392,
            28.589188
          ],
          [
            77.2475942,
            28.5892034
          ],
          [
            77.2476519,
            28.5892035
          ],
          [
            77.2477069,
            28.5891883
          ],
          [
            77.2477581,
            28.5891556
          ],
          [
            77.2477941,
            28.58911
          ],
          [
            77.2478109,
            28.5890565
          ],
          [
            77.2478065,
            28.5890011
          ],
          [
            77.2477843,
            28.5889539
          ],
          [
            77.2477727,
            28.5889419
          ],
          [
            77.2477469,
            28.588915
          ],
          [
            77.2476977,
            28.5888879
          ],
          [
            77.2476414,
            28.5888753
          ],
          [
            77.2475835,
            28.5888783
          ],
          [
            77.2475293,
            28.5888966
          ],
          [
            77.247484,
            28.5889286
          ],
          [
            77.247452,
            28.5889711
          ]
        ]
      }
    },
    {
      "type": "Feature",
      "id": "osm-24563348",
      "properties": {
        "osmid": 24563348,
        "name": "Lodhi Road",
        "highway": "secondary",
        "highwayCategory": "Municipal Thoroughfare",
        "isGalli": false
      },
      "geometry": {
        "type": "LineString",
        "coordinates": [
          [
            77.2292251,
            28.5912533
          ],
          [
            77.2304523,
            28.5915553
          ],
          [
            77.230995,
            28.5916813
          ],
          [
            77.2312437,
            28.591739
          ],
          [
            77.2322119,
            28.5919217
          ],
          [
            77.2328011,
            28.5920117
          ],
          [
            77.2330745,
            28.592048
          ],
          [
            77.2332063,
            28.5920637
          ],
          [
            77.2338744,
            28.5921382
          ],
          [
            77.2343043,
            28.5921888
          ],
          [
            77.2343863,
            28.5921985
          ],
          [
            77.2345067,
            28.5922127
          ],
          [
            77.2346127,
            28.5922252
          ],
          [
            77.2351034,
            28.5922889
          ],
          [
            77.2367363,
            28.5925012
          ],
          [
            77.2376373,
            28.5926184
          ],
          [
            77.2380998,
            28.5926538
          ],
          [
            77.2388779,
            28.5926828
          ],
          [
            77.2394789,
            28.5927687
          ],
          [
            77.2397965,
            28.5927757
          ]
        ]
      }
    },
    {
      "type": "Feature",
      "id": "osm-24563431",
      "properties": {
        "osmid": 24563431,
        "name": "Local Corridor",
        "highway": "secondary",
        "highwayCategory": "Municipal Thoroughfare",
        "isGalli": false
      },
      "geometry": {
        "type": "LineString",
        "coordinates": [
          [
            77.2277545,
            28.6140639
          ],
          [
            77.2277215,
            28.6143166
          ],
          [
            77.2277089,
            28.6144759
          ],
          [
            77.2276638,
            28.6146131
          ],
          [
            77.2275938,
            28.6147479
          ],
          [
            77.2273744,
            28.6149455
          ]
        ]
      }
    },
    {
      "type": "Feature",
      "id": "osm-24563432",
      "properties": {
        "osmid": 24563432,
        "name": "Ashoka Road",
        "highway": "secondary",
        "highwayCategory": "Municipal Thoroughfare",
        "isGalli": false
      },
      "geometry": {
        "type": "LineString",
        "coordinates": [
          [
            77.2273744,
            28.6149455
          ],
          [
            77.2273569,
            28.6149555
          ],
          [
            77.2256464,
            28.6159267
          ],
          [
            77.225389,
            28.6161065
          ],
          [
            77.2252987,
            28.6161335
          ],
          [
            77.2252004,
            28.6161442
          ]
        ]
      }
    },
    {
      "type": "Feature",
      "id": "osm-24563433",
      "properties": {
        "osmid": 24563433,
        "name": "Copernicus Marg",
        "highway": "tertiary",
        "highwayCategory": "Municipal Thoroughfare",
        "isGalli": false
      },
      "geometry": {
        "type": "LineString",
        "coordinates": [
          [
            77.2314044,
            28.6166748
          ],
          [
            77.2314285,
            28.6165675
          ],
          [
            77.2314593,
            28.6164733
          ],
          [
            77.2314936,
            28.6164028
          ],
          [
            77.2315586,
            28.6163014
          ],
          [
            77.2317714,
            28.6160961
          ]
        ]
      }
    },
    {
      "type": "Feature",
      "id": "osm-24563435",
      "properties": {
        "osmid": 24563435,
        "name": "Akbar Road",
        "highway": "secondary",
        "highwayCategory": "Municipal Thoroughfare",
        "isGalli": false
      },
      "geometry": {
        "type": "LineString",
        "coordinates": [
          [
            77.2281653,
            28.6109165
          ],
          [
            77.2278314,
            28.6109943
          ],
          [
            77.2275907,
            28.6110134
          ],
          [
            77.227527,
            28.6110066
          ],
          [
            77.227277,
            28.6109799
          ],
          [
            77.2270722,
            28.6109488
          ],
          [
            77.2269325,
            28.6109275
          ],
          [
            77.2251145,
            28.6101122
          ],
          [
            77.2249129,
            28.6099506
          ]
        ]
      }
    },
    {
      "type": "Feature",
      "id": "osm-24563436",
      "properties": {
        "osmid": 24563436,
        "name": "Copernicus Marg",
        "highway": "tertiary",
        "highwayCategory": "Municipal Thoroughfare",
        "isGalli": false
      },
      "geometry": {
        "type": "LineString",
        "coordinates": [
          [
            77.2312989,
            28.6166789
          ],
          [
            77.2313035,
            28.6167299
          ],
          [
            77.2313647,
            28.6176403
          ],
          [
            77.2314147,
            28.6183704
          ],
          [
            77.2314566,
            28.6189831
          ],
          [
            77.2314967,
            28.6195692
          ],
          [
            77.2315854,
            28.6208641
          ],
          [
            77.2316058,
            28.6211612
          ],
          [
            77.2316377,
            28.6216283
          ],
          [
            77.2316395,
            28.6216543
          ],
          [
            77.2316429,
            28.621701
          ]
        ]
      }
    },
    {
      "type": "Feature",
      "id": "osm-24563437",
      "properties": {
        "osmid": 24563437,
        "name": "Copernicus Marg",
        "highway": "tertiary",
        "highwayCategory": "Municipal Thoroughfare",
        "isGalli": false
      },
      "geometry": {
        "type": "LineString",
        "coordinates": [
          [
            77.2307818,
            28.6160632
          ],
          [
            77.2308631,
            28.6161066
          ],
          [
            77.2309126,
            28.6161551
          ],
          [
            77.2310745,
            28.6163137
          ],
          [
            77.2310887,
            28.6163268
          ],
          [
            77.2311348,
            28.6163697
          ],
          [
            77.2311965,
            28.6164451
          ],
          [
            77.2312501,
            28.616538
          ],
          [
            77.2312989,
            28.6166789
          ]
        ]
      }
    },
    {
      "type": "Feature",
      "id": "osm-24563446",
      "properties": {
        "osmid": 24563446,
        "name": "Sher Shah Road",
        "highway": "secondary",
        "highwayCategory": "Municipal Thoroughfare",
        "isGalli": false
      },
      "geometry": {
        "type": "LineString",
        "coordinates": [
          [
            77.2344893,
            28.6113669
          ],
          [
            77.2345222,
            28.6112277
          ],
          [
            77.2346759,
            28.610991
          ],
          [
            77.2347039,
            28.6109478
          ],
          [
            77.2349343,
            28.6107363
          ]
        ]
      }
    },
    {
      "type": "Feature",
      "id": "osm-24563447",
      "properties": {
        "osmid": 24563447,
        "name": "Sher Shah Road",
        "highway": "secondary",
        "highwayCategory": "Municipal Thoroughfare",
        "isGalli": false
      },
      "geometry": {
        "type": "LineString",
        "coordinates": [
          [
            77.2348948,
            28.6106532
          ],
          [
            77.2346772,
            28.6107286
          ],
          [
            77.2345491,
            28.6107605
          ],
          [
            77.2344324,
            28.6107681
          ],
          [
            77.2340546,
            28.6107005
          ]
        ]
      }
    },
    {
      "type": "Feature",
      "id": "osm-24563448",
      "properties": {
        "osmid": 24563448,
        "name": "Man Singh Road",
        "highway": "tertiary",
        "highwayCategory": "Municipal Thoroughfare",
        "isGalli": false
      },
      "geometry": {
        "type": "LineString",
        "coordinates": [
          [
            77.2245237,
            28.6101804
          ],
          [
            77.2245697,
            28.6102444
          ],
          [
            77.2245924,
            28.6103209
          ],
          [
            77.2246478,
            28.6112672
          ],
          [
            77.2246689,
            28.6117089
          ],
          [
            77.2246717,
            28.6117657
          ],
          [
            77.2247231,
            28.6125064
          ],
          [
            77.2247597,
            28.6130628
          ],
          [
            77.2247654,
            28.6131567
          ],
          [
            77.2247634,
            28.6132298
          ],
          [
            77.2248162,
            28.6141462
          ],
          [
            77.22486,
            28.6148731
          ]
        ]
      }
    },
    {
      "type": "Feature",
      "id": "osm-24563449",
      "properties": {
        "osmid": 24563449,
        "name": "rotary no 4",
        "highway": "secondary",
        "highwayCategory": "Municipal Thoroughfare",
        "isGalli": false
      },
      "geometry": {
        "type": "LineString",
        "coordinates": [
          [
            77.2253337,
            28.6163935
          ],
          [
            77.2253171,
            28.6162845
          ],
          [
            77.225271,
            28.6162101
          ],
          [
            77.2252283,
            28.6161616
          ],
          [
            77.2252004,
            28.6161442
          ],
          [
            77.2251607,
            28.6161195
          ],
          [
            77.22503,
            28.6160961
          ],
          [
            77.2249947,
            28.6160939
          ],
          [
            77.2248886,
            28.6161047
          ],
          [
            77.2248443,
            28.6161281
          ],
          [
            77.2247907,
            28.6161563
          ],
          [
            77.2247188,
            28.6162343
          ],
          [
            77.2246817,
            28.6163292
          ],
          [
            77.2246839,
            28.6164295
          ],
          [
            77.2246954,
            28.6164611
          ],
          [
            77.2246984,
            28.6164693
          ],
          [
            77.2247068,
            28.6164923
          ],
          [
            77.2247453,
            28.616549
          ],
          [
            77.2248074,
            28.6166033
          ],
          [
            77.2248836,
            28.6166413
          ],
          [
            77.2249178,
            28.6166489
          ],
          [
            77.2249686,
            28.6166602
          ],
          [
            77.2250435,
            28.6166603
          ],
          [
            77.2251165,
            28.6166453
          ],
          [
            77.2252004,
            28.6166063
          ],
          [
            77.2252448,
            28.6165679
          ],
          [
            77.2252679,
            28.6165478
          ],
          [
            77.2253137,
            28.6164749
          ],
          [
            77.2253337,
            28.6163935
          ]
        ]
      }
    },
    {
      "type": "Feature",
      "id": "osm-24576720",
      "properties": {
        "osmid": 24576720,
        "name": "Teen Murti Marg",
        "highway": "secondary",
        "highwayCategory": "Municipal Thoroughfare",
        "isGalli": false
      },
      "geometry": {
        "type": "LineString",
        "coordinates": [
          [
            77.1985455,
            28.6044645
          ],
          [
            77.198334,
            28.6044196
          ],
          [
            77.1974677,
            28.6040286
          ],
          [
            77.1965495,
            28.6036182
          ]
        ]
      }
    },
    {
      "type": "Feature",
      "id": "osm-24576721",
      "properties": {
        "osmid": 24576721,
        "name": "Kautilya Marg",
        "highway": "tertiary",
        "highwayCategory": "Municipal Thoroughfare",
        "isGalli": false
      },
      "geometry": {
        "type": "LineString",
        "coordinates": [
          [
            77.1981889,
            28.5962617
          ],
          [
            77.1981995,
            28.5963714
          ],
          [
            77.1982074,
            28.5964284
          ],
          [
            77.1982156,
            28.5964679
          ],
          [
            77.1981984,
            28.5965523
          ],
          [
            77.1981499,
            28.5967022
          ],
          [
            77.1980675,
            28.596937
          ],
          [
            77.1980515,
            28.5970557
          ]
        ]
      }
    },
    {
      "type": "Feature",
      "id": "osm-24576723",
      "properties": {
        "osmid": 24576723,
        "name": "Niti Marg",
        "highway": "tertiary",
        "highwayCategory": "Municipal Thoroughfare",
        "isGalli": false
      },
      "geometry": {
        "type": "LineString",
        "coordinates": [
          [
            77.1963314,
            28.6005225
          ],
          [
            77.1962951,
            28.6005161
          ],
          [
            77.1961744,
            28.6004596
          ],
          [
            77.196087,
            28.6003798
          ],
          [
            77.1958972,
            28.6000127
          ],
          [
            77.1957986,
            28.5998229
          ],
          [
            77.1956059,
            28.5994518
          ],
          [
            77.1951342,
            28.5985571
          ]
        ]
      }
    },
    {
      "type": "Feature",
      "id": "osm-24576724",
      "properties": {
        "osmid": 24576724,
        "name": "Panchsheel Marg",
        "highway": "secondary",
        "highwayCategory": "Municipal Thoroughfare",
        "isGalli": false
      },
      "geometry": {
        "type": "LineString",
        "coordinates": [
          [
            77.1935012,
            28.5959847
          ],
          [
            77.1934685,
            28.5960687
          ],
          [
            77.1934111,
            28.596126
          ],
          [
            77.193316,
            28.5961784
          ],
          [
            77.1932528,
            28.5962132
          ],
          [
            77.1930912,
            28.5962725
          ],
          [
            77.1926888,
            28.596435
          ],
          [
            77.1919316,
            28.5967343
          ],
          [
            77.1915859,
            28.596875
          ],
          [
            77.1913284,
            28.5969687
          ],
          [
            77.1912278,
            28.5969875
          ],
          [
            77.1911875,
            28.596995
          ],
          [
            77.1909622,
            28.5970186
          ],
          [
            77.1907986,
            28.5969946
          ]
        ]
      }
    },
    {
      "type": "Feature",
      "id": "osm-24576727",
      "properties": {
        "osmid": 24576727,
        "name": "Nyaya Marg",
        "highway": "tertiary",
        "highwayCategory": "Municipal Thoroughfare",
        "isGalli": false
      },
      "geometry": {
        "type": "LineString",
        "coordinates": [
          [
            77.1874908,
            28.5987674
          ],
          [
            77.1875746,
            28.5988343
          ],
          [
            77.1876711,
            28.5989379
          ],
          [
            77.1876976,
            28.5989782
          ],
          [
            77.1877177,
            28.5990086
          ],
          [
            77.1877749,
            28.5990956
          ],
          [
            77.1881234,
            28.5997632
          ],
          [
            77.1883762,
            28.600282
          ],
          [
            77.188427,
            28.600384
          ],
          [
            77.1884658,
            28.6004618
          ],
          [
            77.1884855,
            28.6005018
          ],
          [
            77.1885455,
            28.6006244
          ],
          [
            77.1885535,
            28.6006385
          ],
          [
            77.1887499,
            28.6009841
          ],
          [
            77.1889472,
            28.6012763
          ],
          [
            77.1890771,
            28.6014261
          ],
          [
            77.1892389,
            28.6015104
          ],
          [
            77.1894461,
            28.6016098
          ],
          [
            77.1898807,
            28.6018453
          ],
          [
            77.1901178,
            28.6019866
          ],
          [
            77.1903208,
            28.6022191
          ],
          [
            77.19098,
            28.6030931
          ]
        ]
      }
    },
    {
      "type": "Feature",
      "id": "osm-24576737",
      "properties": {
        "osmid": 24576737,
        "name": "San Martin Marg",
        "highway": "tertiary",
        "highwayCategory": "Municipal Thoroughfare",
        "isGalli": false
      },
      "geometry": {
        "type": "LineString",
        "coordinates": [
          [
            77.1726251,
            28.5901224
          ],
          [
            77.1723437,
            28.5899224
          ],
          [
            77.1720162,
            28.5896891
          ],
          [
            77.1718048,
            28.5895399
          ],
          [
            77.1715202,
            28.5893
          ],
          [
            77.1711747,
            28.5890232
          ],
          [
            77.1709323,
            28.5888386
          ],
          [
            77.1708237,
            28.5887559
          ],
          [
            77.1703809,
            28.5884787
          ]
        ]
      }
    },
    {
      "type": "Feature",
      "id": "osm-24576740",
      "properties": {
        "osmid": 24576740,
        "name": "Shanti Path",
        "highway": "secondary",
        "highwayCategory": "Municipal Thoroughfare",
        "isGalli": false
      },
      "geometry": {
        "type": "LineString",
        "coordinates": [
          [
            77.184635,
            28.5852215
          ],
          [
            77.184521,
            28.5851364
          ],
          [
            77.1843615,
            28.5849719
          ],
          [
            77.1843252,
            28.5849099
          ],
          [
            77.1842691,
            28.5848141
          ],
          [
            77.1839782,
            28.5843054
          ],
          [
            77.1838866,
            28.5841439
          ]
        ]
      }
    },
    {
      "type": "Feature",
      "id": "osm-24576748",
      "properties": {
        "osmid": 24576748,
        "name": "Vinay Marg",
        "highway": "secondary",
        "highwayCategory": "Municipal Thoroughfare",
        "isGalli": false
      },
      "geometry": {
        "type": "LineString",
        "coordinates": [
          [
            77.1928901,
            28.5853937
          ],
          [
            77.1929697,
            28.5854324
          ],
          [
            77.1930623,
            28.5855012
          ],
          [
            77.1931203,
            28.5855915
          ],
          [
            77.193213,
            28.5857361
          ],
          [
            77.1935993,
            28.586469
          ],
          [
            77.1938271,
            28.5869334
          ],
          [
            77.1942115,
            28.5877067
          ],
          [
            77.1945549,
            28.588345
          ],
          [
            77.1946328,
            28.5884934
          ],
          [
            77.194709,
            28.5886387
          ],
          [
            77.1949284,
            28.589052
          ],
          [
            77.1953358,
            28.5898381
          ],
          [
            77.1953459,
            28.5898586
          ],
          [
            77.1956769,
            28.5905284
          ],
          [
            77.1957435,
            28.5907522
          ],
          [
            77.195781,
            28.590958
          ],
          [
            77.1958603,
            28.5920467
          ],
          [
            77.195885,
            28.5923851
          ],
          [
            77.1959718,
            28.5935136
          ],
          [
            77.1960236,
            28.5942147
          ],
          [
            77.1960332,
            28.5943311
          ],
          [
            77.196063,
            28.594694
          ],
          [
            77.1960587,
            28.5951719
          ]
        ]
      }
    },
    {
      "type": "Feature",
      "id": "osm-24576752",
      "properties": {
        "osmid": 24576752,
        "name": "Vinay Marg",
        "highway": "secondary",
        "highwayCategory": "Municipal Thoroughfare",
        "isGalli": false
      },
      "geometry": {
        "type": "LineString",
        "coordinates": [
          [
            77.1929435,
            28.5848568
          ],
          [
            77.1928624,
            28.5848273
          ],
          [
            77.1928129,
            28.584804
          ],
          [
            77.1927633,
            28.5847615
          ],
          [
            77.1927272,
            28.5847141
          ],
          [
            77.192705,
            28.5846735
          ],
          [
            77.1922483,
            28.5838374
          ],
          [
            77.1919327,
            28.5833155
          ]
        ]
      }
    },
    {
      "type": "Feature",
      "id": "osm-24576754",
      "properties": {
        "osmid": 24576754,
        "name": "Brigadier Hoshiar Singh Marg",
        "highway": "tertiary",
        "highwayCategory": "Municipal Thoroughfare",
        "isGalli": false
      },
      "geometry": {
        "type": "LineString",
        "coordinates": [
          [
            77.1901124,
            28.5794975
          ],
          [
            77.1902778,
            28.579487
          ],
          [
            77.1908224,
            28.5794692
          ],
          [
            77.1908706,
            28.5794676
          ]
        ]
      }
    },
    {
      "type": "Feature",
      "id": "osm-24576757",
      "properties": {
        "osmid": 24576757,
        "name": "Local Corridor",
        "highway": "residential",
        "highwayCategory": "Galli / Local Lane",
        "isGalli": true
      },
      "geometry": {
        "type": "LineString",
        "coordinates": [
          [
            77.1905515,
            28.5864384
          ],
          [
            77.1904958,
            28.5863858
          ],
          [
            77.190296,
            28.5860613
          ],
          [
            77.1902074,
            28.5859359
          ],
          [
            77.1898603,
            28.5855129
          ],
          [
            77.1893399,
            28.5850267
          ],
          [
            77.1890428,
            28.5847934
          ],
          [
            77.188777,
            28.5846185
          ],
          [
            77.1884763,
            28.5844472
          ],
          [
            77.1881975,
            28.5843017
          ],
          [
            77.1877209,
            28.5841246
          ],
          [
            77.1873377,
            28.5840345
          ],
          [
            77.1872386,
            28.5840091
          ],
          [
            77.1869921,
            28.5839459
          ],
          [
            77.1868766,
            28.5839088
          ],
          [
            77.1867878,
            28.5838432
          ],
          [
            77.186734,
            28.5837485
          ],
          [
            77.1865725,
            28.5833188
          ]
        ]
      }
    },
    {
      "type": "Feature",
      "id": "osm-24576760",
      "properties": {
        "osmid": 24576760,
        "name": "Dr S. Radha Krishnan Marg",
        "highway": "residential",
        "highwayCategory": "Galli / Local Lane",
        "isGalli": true
      },
      "geometry": {
        "type": "LineString",
        "coordinates": [
          [
            77.1795032,
            28.591771
          ],
          [
            77.1791325,
            28.5913411
          ],
          [
            77.1789987,
            28.591233
          ],
          [
            77.1788852,
            28.5911544
          ],
          [
            77.1787259,
            28.5910734
          ],
          [
            77.1784748,
            28.590983
          ],
          [
            77.178271,
            28.5908926
          ],
          [
            77.1781088,
            28.5907884
          ],
          [
            77.1779534,
            28.5906665
          ],
          [
            77.1773039,
            28.5899931
          ],
          [
            77.177241,
            28.5899279
          ],
          [
            77.1770496,
            28.5897811
          ],
          [
            77.1768945,
            28.5896781
          ],
          [
            77.1767267,
            28.5895842
          ],
          [
            77.1766648,
            28.5895496
          ],
          [
            77.1765602,
            28.5895164
          ],
          [
            77.1764528,
            28.5894892
          ],
          [
            77.1763572,
            28.5894734
          ],
          [
            77.1762893,
            28.5894624
          ],
          [
            77.1761247,
            28.5894587
          ],
          [
            77.1759566,
            28.5894742
          ],
          [
            77.1758197,
            28.5895167
          ],
          [
            77.17568,
            28.5895672
          ],
          [
            77.17558,
            28.5896216
          ],
          [
            77.1754527,
            28.5897145
          ],
          [
            77.1752252,
            28.5898733
          ],
          [
            77.1745883,
            28.5905322
          ],
          [
            77.1741939,
            28.5909826
          ]
        ]
      }
    },
    {
      "type": "Feature",
      "id": "osm-24577095",
      "properties": {
        "osmid": 24577095,
        "name": "Ashoka Road",
        "highway": "secondary",
        "highwayCategory": "Municipal Thoroughfare",
        "isGalli": false
      },
      "geometry": {
        "type": "LineString",
        "coordinates": [
          [
            77.2246984,
            28.6164693
          ],
          [
            77.2246675,
            28.6165349
          ],
          [
            77.2246148,
            28.6165738
          ],
          [
            77.2245405,
            28.6166103
          ],
          [
            77.224349,
            28.6167113
          ],
          [
            77.2239518,
            28.6169207
          ],
          [
            77.2233027,
            28.6172704
          ],
          [
            77.2231445,
            28.6173557
          ],
          [
            77.2227556,
            28.6175827
          ],
          [
            77.2227187,
            28.6176042
          ],
          [
            77.2222403,
            28.6178894
          ],
          [
            77.2219706,
            28.6180476
          ],
          [
            77.2216794,
            28.6182056
          ],
          [
            77.2212065,
            28.6184816
          ],
          [
            77.2209369,
            28.618639
          ],
          [
            77.2204219,
            28.6189432
          ],
          [
            77.2201926,
            28.6190786
          ],
          [
            77.2198219,
            28.6192996
          ],
          [
            77.2197163,
            28.6193625
          ],
          [
            77.2196175,
            28.6194158
          ],
          [
            77.2195266,
            28.6194581
          ],
          [
            77.2193871,
            28.6194816
          ],
          [
            77.219283,
            28.6194977
          ]
        ]
      }
    },
    {
      "type": "Feature",
      "id": "osm-24577096",
      "properties": {
        "osmid": 24577096,
        "name": "Janpath",
        "highway": "secondary",
        "highwayCategory": "Municipal Thoroughfare",
        "isGalli": false
      },
      "geometry": {
        "type": "LineString",
        "coordinates": [
          [
            77.2188628,
            28.6204246
          ],
          [
            77.2188821,
            28.6207224
          ],
          [
            77.2189177,
            28.621269
          ],
          [
            77.2189266,
            28.6214073
          ],
          [
            77.2189742,
            28.6221388
          ],
          [
            77.2189943,
            28.6224484
          ],
          [
            77.2190388,
            28.6231327
          ],
          [
            77.2190624,
            28.6234956
          ],
          [
            77.219113,
            28.6242755
          ],
          [
            77.2191231,
            28.624431
          ],
          [
            77.2191268,
            28.624488
          ],
          [
            77.2191374,
            28.6246501
          ],
          [
            77.2191539,
            28.6249036
          ],
          [
            77.2191709,
            28.6251657
          ],
          [
            77.2191835,
            28.6253602
          ],
          [
            77.219231,
            28.6260908
          ],
          [
            77.2192393,
            28.6262191
          ],
          [
            77.2192455,
            28.6263138
          ]
        ]
      }
    },
    {
      "type": "Feature",
      "id": "osm-24577097",
      "properties": {
        "osmid": 24577097,
        "name": "Janpath",
        "highway": "secondary",
        "highwayCategory": "Municipal Thoroughfare",
        "isGalli": false
      },
      "geometry": {
        "type": "LineString",
        "coordinates": [
          [
            77.2186123,
            28.616797
          ],
          [
            77.2186373,
            28.6168494
          ],
          [
            77.2186583,
            28.6170319
          ],
          [
            77.2186617,
            28.6170613
          ],
          [
            77.2187232,
            28.6179498
          ],
          [
            77.2187282,
            28.6180225
          ],
          [
            77.2187363,
            28.6182543
          ],
          [
            77.218738,
            28.6183027
          ],
          [
            77.2187438,
            28.6183741
          ],
          [
            77.218769,
            28.6186821
          ],
          [
            77.2187917,
            28.6189609
          ],
          [
            77.2187977,
            28.6190342
          ],
          [
            77.2188073,
            28.6192086
          ],
          [
            77.2187953,
            28.6192875
          ],
          [
            77.2187442,
            28.6193463
          ]
        ]
      }
    },
    {
      "type": "Feature",
      "id": "osm-24577101",
      "properties": {
        "osmid": 24577101,
        "name": "Rotary Number 45",
        "highway": "secondary",
        "highwayCategory": "Municipal Thoroughfare",
        "isGalli": false
      },
      "geometry": {
        "type": "LineString",
        "coordinates": [
          [
            77.2119284,
            28.6170544
          ],
          [
            77.211946,
            28.6171172
          ],
          [
            77.2119771,
            28.6171759
          ],
          [
            77.2120196,
            28.6172288
          ],
          [
            77.2120722,
            28.6172742
          ],
          [
            77.212143,
            28.6173177
          ],
          [
            77.2121926,
            28.6173344
          ]
        ]
      }
    },
    {
      "type": "Feature",
      "id": "osm-24577102",
      "properties": {
        "osmid": 24577102,
        "name": "Red Cross Road",
        "highway": "tertiary",
        "highwayCategory": "Municipal Thoroughfare",
        "isGalli": false
      },
      "geometry": {
        "type": "LineString",
        "coordinates": [
          [
            77.2119284,
            28.6170544
          ],
          [
            77.211795,
            28.6172749
          ],
          [
            77.2117073,
            28.6173291
          ],
          [
            77.2115653,
            28.6174147
          ],
          [
            77.2109052,
            28.6177922
          ],
          [
            77.2107634,
            28.6178575
          ],
          [
            77.210253,
            28.6181529
          ],
          [
            77.2100958,
            28.618232
          ],
          [
            77.2097749,
            28.618413
          ],
          [
            77.2096072,
            28.6184582
          ],
          [
            77.2094805,
            28.6184726
          ]
        ]
      }
    },
    {
      "type": "Feature",
      "id": "osm-24577105",
      "properties": {
        "osmid": 24577105,
        "name": "Local Corridor",
        "highway": "service",
        "highwayCategory": "Galli / Local Lane",
        "isGalli": true
      },
      "geometry": {
        "type": "LineString",
        "coordinates": [
          [
            77.2138369,
            28.6176426
          ],
          [
            77.2138086,
            28.6175344
          ],
          [
            77.2138678,
            28.6174112
          ],
          [
            77.2139674,
            28.6170603
          ],
          [
            77.2139732,
            28.6169516
          ],
          [
            77.2139674,
            28.6168995
          ]
        ]
      }
    },
    {
      "type": "Feature",
      "id": "osm-24577106",
      "properties": {
        "osmid": 24577106,
        "name": "Raisina Road",
        "highway": "secondary",
        "highwayCategory": "Municipal Thoroughfare",
        "isGalli": false
      },
      "geometry": {
        "type": "LineString",
        "coordinates": [
          [
            77.2155939,
            28.6184247
          ],
          [
            77.2167188,
            28.6189263
          ],
          [
            77.2168453,
            28.6189826
          ],
          [
            77.2169125,
            28.6190124
          ],
          [
            77.2172449,
            28.61916
          ],
          [
            77.2177815,
            28.6193983
          ],
          [
            77.218,
            28.6194953
          ]
        ]
      }
    },
    {
      "type": "Feature",
      "id": "osm-24577108",
      "properties": {
        "osmid": 24577108,
        "name": "Doctor Rajendra Prasad Lane",
        "highway": "residential",
        "highwayCategory": "Galli / Local Lane",
        "isGalli": true
      },
      "geometry": {
        "type": "LineString",
        "coordinates": [
          [
            77.218738,
            28.6183027
          ],
          [
            77.2188299,
            28.6183013
          ],
          [
            77.21926,
            28.6182777
          ],
          [
            77.2195216,
            28.6182367
          ],
          [
            77.2197715,
            28.6181513
          ],
          [
            77.2200285,
            28.6180241
          ],
          [
            77.2206413,
            28.6176496
          ],
          [
            77.2206881,
            28.6176038
          ],
          [
            77.2207131,
            28.6175557
          ],
          [
            77.220719,
            28.6174825
          ],
          [
            77.2207113,
            28.6172456
          ],
          [
            77.220724,
            28.6171901
          ],
          [
            77.2207396,
            28.6171536
          ],
          [
            77.2207696,
            28.6171254
          ],
          [
            77.2208211,
            28.6171168
          ],
          [
            77.2210657,
            28.6171072
          ],
          [
            77.2213837,
            28.6170947
          ],
          [
            77.2215573,
            28.6170836
          ],
          [
            77.2226992,
            28.6170322
          ],
          [
            77.2227781,
            28.6170076
          ],
          [
            77.222802,
            28.6169469
          ],
          [
            77.2227633,
            28.6165108
          ]
        ]
      }
    },
    {
      "type": "Feature",
      "id": "osm-24577113",
      "properties": {
        "osmid": 24577113,
        "name": "Jaswant Singh Road",
        "highway": "tertiary",
        "highwayCategory": "Municipal Thoroughfare",
        "isGalli": false
      },
      "geometry": {
        "type": "LineString",
        "coordinates": [
          [
            77.225152,
            28.6187677
          ],
          [
            77.2251446,
            28.6187419
          ],
          [
            77.2251335,
            28.6185937
          ],
          [
            77.2251271,
            28.6184645
          ],
          [
            77.2251096,
            28.6182443
          ],
          [
            77.2250922,
            28.6179441
          ],
          [
            77.2250879,
            28.6178057
          ],
          [
            77.2250851,
            28.6177134
          ],
          [
            77.2250761,
            28.6174732
          ],
          [
            77.225076,
            28.6174573
          ],
          [
            77.2250741,
            28.6172446
          ],
          [
            77.2250661,
            28.6168314
          ],
          [
            77.2250679,
            28.6168035
          ],
          [
            77.2250701,
            28.6167525
          ],
          [
            77.2250859,
            28.6167085
          ],
          [
            77.2251165,
            28.6166453
          ]
        ]
      }
    },
    {
      "type": "Feature",
      "id": "osm-24577114",
      "properties": {
        "osmid": 24577114,
        "name": "Jaswant Singh Road",
        "highway": "tertiary",
        "highwayCategory": "Municipal Thoroughfare",
        "isGalli": false
      },
      "geometry": {
        "type": "LineString",
        "coordinates": [
          [
            77.2249178,
            28.6166489
          ],
          [
            77.2249469,
            28.6166798
          ],
          [
            77.2249858,
            28.6167222
          ],
          [
            77.2250006,
            28.6167669
          ],
          [
            77.2250077,
            28.6168044
          ],
          [
            77.2250122,
            28.6168274
          ],
          [
            77.2250167,
            28.6170399
          ],
          [
            77.2250212,
            28.6172523
          ],
          [
            77.2250302,
            28.6176772
          ],
          [
            77.2250375,
            28.6178076
          ],
          [
            77.2250441,
            28.6179261
          ],
          [
            77.225073,
            28.6184459
          ],
          [
            77.2250921,
            28.6185952
          ],
          [
            77.2251052,
            28.6187458
          ],
          [
            77.2251077,
            28.6187755
          ]
        ]
      }
    },
    {
      "type": "Feature",
      "id": "osm-24577115",
      "properties": {
        "osmid": 24577115,
        "name": "Jaswant Singh Road",
        "highway": "tertiary",
        "highwayCategory": "Municipal Thoroughfare",
        "isGalli": false
      },
      "geometry": {
        "type": "LineString",
        "coordinates": [
          [
            77.2268763,
            28.6195595
          ],
          [
            77.2267829,
            28.6195302
          ],
          [
            77.2266787,
            28.6194894
          ],
          [
            77.226412,
            28.6193419
          ],
          [
            77.22605,
            28.6191706
          ],
          [
            77.2252922,
            28.6188356
          ],
          [
            77.2252353,
            28.618813
          ],
          [
            77.2252111,
            28.6188037
          ]
        ]
      }
    },
    {
      "type": "Feature",
      "id": "osm-24577118",
      "properties": {
        "osmid": 24577118,
        "name": "Local Corridor",
        "highway": "residential",
        "highwayCategory": "Galli / Local Lane",
        "isGalli": true
      },
      "geometry": {
        "type": "LineString",
        "coordinates": [
          [
            77.2218894,
            28.621292
          ],
          [
            77.2215891,
            28.6218801
          ],
          [
            77.2213766,
            28.622213
          ],
          [
            77.2212606,
            28.6223948
          ],
          [
            77.2211558,
            28.6225489
          ],
          [
            77.221086,
            28.6226532
          ],
          [
            77.2210768,
            28.6226987
          ],
          [
            77.2210572,
            28.6227951
          ],
          [
            77.2210612,
            28.6228482
          ],
          [
            77.2210641,
            28.6228862
          ],
          [
            77.2210708,
            28.6229852
          ],
          [
            77.2210828,
            28.6231628
          ],
          [
            77.2210923,
            28.623304
          ],
          [
            77.2211549,
            28.624232
          ],
          [
            77.2211587,
            28.6242882
          ],
          [
            77.2213356,
            28.624364
          ],
          [
            77.2214874,
            28.6244988
          ]
        ]
      }
    },
    {
      "type": "Feature",
      "id": "osm-24577120",
      "properties": {
        "osmid": 24577120,
        "name": "Local Corridor",
        "highway": "residential",
        "highwayCategory": "Galli / Local Lane",
        "isGalli": true
      },
      "geometry": {
        "type": "LineString",
        "coordinates": [
          [
            77.2238626,
            28.6183265
          ],
          [
            77.2209412,
            28.6199884
          ]
        ]
      }
    },
    {
      "type": "Feature",
      "id": "osm-24577121",
      "properties": {
        "osmid": 24577121,
        "name": "Rotary Number 5",
        "highway": "secondary",
        "highwayCategory": "Municipal Thoroughfare",
        "isGalli": false
      },
      "geometry": {
        "type": "LineString",
        "coordinates": [
          [
            77.2270003,
            28.6200146
          ],
          [
            77.2270972,
            28.6200444
          ],
          [
            77.2272177,
            28.6200465
          ],
          [
            77.2272966,
            28.6200275
          ],
          [
            77.2273684,
            28.6199931
          ],
          [
            77.2274383,
            28.6199359
          ],
          [
            77.2274882,
            28.6198643
          ],
          [
            77.2275144,
            28.6197837
          ],
          [
            77.2275169,
            28.6197153
          ],
          [
            77.2275023,
            28.6196481
          ],
          [
            77.2274787,
            28.6195974
          ],
          [
            77.2274453,
            28.6195511
          ],
          [
            77.2273837,
            28.6194961
          ],
          [
            77.2273085,
            28.6194562
          ],
          [
            77.2272244,
            28.6194337
          ],
          [
            77.2271255,
            28.6194311
          ],
          [
            77.2270297,
            28.6194526
          ],
          [
            77.2269444,
            28.6194965
          ],
          [
            77.2268763,
            28.6195595
          ],
          [
            77.2268304,
            28.6196374
          ],
          [
            77.2268112,
            28.6197234
          ],
          [
            77.2268201,
            28.6198107
          ],
          [
            77.2268564,
            28.6198922
          ],
          [
            77.2269172,
            28.6199617
          ],
          [
            77.2270003,
            28.6200146
          ]
        ]
      }
    },
    {
      "type": "Feature",
      "id": "osm-24577129",
      "properties": {
        "osmid": 24577129,
        "name": "Local Corridor",
        "highway": "service",
        "highwayCategory": "Galli / Local Lane",
        "isGalli": true
      },
      "geometry": {
        "type": "LineString",
        "coordinates": [
          [
            77.2091044,
            28.6157152
          ],
          [
            77.2091742,
            28.6168329
          ],
          [
            77.2091767,
            28.6168728
          ]
        ]
      }
    },
    {
      "type": "Feature",
      "id": "osm-24577131",
      "properties": {
        "osmid": 24577131,
        "name": "Rafi Ahmed Kidwai Marg",
        "highway": "secondary",
        "highwayCategory": "Municipal Thoroughfare",
        "isGalli": false
      },
      "geometry": {
        "type": "LineString",
        "coordinates": [
          [
            77.2125041,
            28.6166677
          ],
          [
            77.2124264,
            28.6165751
          ],
          [
            77.2123959,
            28.6165044
          ],
          [
            77.2123808,
            28.616431
          ],
          [
            77.2123587,
            28.6162872
          ]
        ]
      }
    },
    {
      "type": "Feature",
      "id": "osm-24577358",
      "properties": {
        "osmid": 24577358,
        "name": "Shrimant Madhavrao Scindia Marg",
        "highway": "tertiary",
        "highwayCategory": "Municipal Thoroughfare",
        "isGalli": false
      },
      "geometry": {
        "type": "LineString",
        "coordinates": [
          [
            77.2316429,
            28.621701
          ],
          [
            77.2314969,
            28.6216361
          ],
          [
            77.2309772,
            28.6213585
          ],
          [
            77.2302798,
            28.6210665
          ],
          [
            77.229759,
            28.6208361
          ],
          [
            77.2292632,
            28.6206168
          ],
          [
            77.2290618,
            28.6205207
          ],
          [
            77.2284747,
            28.6202731
          ],
          [
            77.2278175,
            28.6199835
          ],
          [
            77.2277424,
            28.6199458
          ],
          [
            77.2275878,
            28.6198356
          ],
          [
            77.2275144,
            28.6197837
          ]
        ]
      }
    },
    {
      "type": "Feature",
      "id": "osm-24577360",
      "properties": {
        "osmid": 24577360,
        "name": "Shrimant Madhavrao Scindia Marg",
        "highway": "tertiary",
        "highwayCategory": "Municipal Thoroughfare",
        "isGalli": false
      },
      "geometry": {
        "type": "LineString",
        "coordinates": [
          [
            77.2273684,
            28.6199931
          ],
          [
            77.227434,
            28.6199905
          ],
          [
            77.2275457,
            28.6199959
          ],
          [
            77.2277098,
            28.6200287
          ],
          [
            77.2277216,
            28.6200327
          ],
          [
            77.2277997,
            28.6200593
          ],
          [
            77.2279062,
            28.6201058
          ],
          [
            77.2282766,
            28.6202676
          ],
          [
            77.228558,
            28.6203904
          ],
          [
            77.2287199,
            28.6204528
          ],
          [
            77.229022,
            28.6205931
          ],
          [
            77.2293914,
            28.6207544
          ],
          [
            77.229676,
            28.6208787
          ],
          [
            77.2300218,
            28.6210297
          ],
          [
            77.2306265,
            28.6212937
          ],
          [
            77.2310077,
            28.6214602
          ],
          [
            77.2314694,
            28.6217021
          ],
          [
            77.231646,
            28.6217774
          ]
        ]
      }
    },
    {
      "type": "Feature",
      "id": "osm-24577361",
      "properties": {
        "osmid": 24577361,
        "name": "Copernicus Lane",
        "highway": "residential",
        "highwayCategory": "Galli / Local Lane",
        "isGalli": true
      },
      "geometry": {
        "type": "LineString",
        "coordinates": [
          [
            77.2317968,
            28.622846
          ],
          [
            77.2317192,
            28.6228176
          ],
          [
            77.2311198,
            28.6225316
          ],
          [
            77.2309887,
            28.6224691
          ],
          [
            77.2307969,
            28.6223812
          ],
          [
            77.2303899,
            28.6221946
          ],
          [
            77.2301762,
            28.6220967
          ],
          [
            77.2296914,
            28.6218745
          ],
          [
            77.2294697,
            28.6217729
          ],
          [
            77.2282746,
            28.6212176
          ],
          [
            77.2268798,
            28.6205858
          ],
          [
            77.2267514,
            28.6205269
          ]
        ]
      }
    },
    {
      "type": "Feature",
      "id": "osm-24577364",
      "properties": {
        "osmid": 24577364,
        "name": "Humayun Road",
        "highway": "secondary_link",
        "highwayCategory": "Galli / Local Lane",
        "isGalli": true
      },
      "geometry": {
        "type": "LineString",
        "coordinates": [
          [
            77.2299215,
            28.601417
          ],
          [
            77.2299747,
            28.6015323
          ],
          [
            77.2300005,
            28.6016026
          ],
          [
            77.2300018,
            28.6016582
          ],
          [
            77.2299854,
            28.6017202
          ],
          [
            77.2299505,
            28.6017983
          ],
          [
            77.2298967,
            28.6018805
          ]
        ]
      }
    },
    {
      "type": "Feature",
      "id": "osm-24577365",
      "properties": {
        "osmid": 24577365,
        "name": "Humayun Road",
        "highway": "secondary_link",
        "highwayCategory": "Galli / Local Lane",
        "isGalli": true
      },
      "geometry": {
        "type": "LineString",
        "coordinates": [
          [
            77.2299629,
            28.6019451
          ],
          [
            77.2301422,
            28.60189
          ],
          [
            77.2301812,
            28.6018777
          ],
          [
            77.2303678,
            28.6018191
          ],
          [
            77.230487,
            28.6017817
          ]
        ]
      }
    },
    {
      "type": "Feature",
      "id": "osm-24577367",
      "properties": {
        "osmid": 24577367,
        "name": "Humayun Road",
        "highway": "tertiary",
        "highwayCategory": "Municipal Thoroughfare",
        "isGalli": false
      },
      "geometry": {
        "type": "LineString",
        "coordinates": [
          [
            77.2253631,
            28.6041654
          ],
          [
            77.2256163,
            28.604052
          ],
          [
            77.2261229,
            28.6038085
          ],
          [
            77.2263019,
            28.6037201
          ],
          [
            77.2265243,
            28.6036133
          ],
          [
            77.2267113,
            28.6035268
          ],
          [
            77.2268182,
            28.6034687
          ],
          [
            77.2270918,
            28.6033306
          ],
          [
            77.2271826,
            28.6032807
          ],
          [
            77.2275244,
            28.6030915
          ],
          [
            77.2276595,
            28.6030172
          ],
          [
            77.2279278,
            28.602884
          ],
          [
            77.2280165,
            28.6028422
          ],
          [
            77.2281963,
            28.6027686
          ],
          [
            77.2283302,
            28.6027051
          ],
          [
            77.228924,
            28.6024301
          ],
          [
            77.2289998,
            28.6023897
          ],
          [
            77.2291719,
            28.6022981
          ]
        ]
      }
    },
    {
      "type": "Feature",
      "id": "osm-24577368",
      "properties": {
        "osmid": 24577368,
        "name": "Local Corridor",
        "highway": "residential",
        "highwayCategory": "Galli / Local Lane",
        "isGalli": true
      },
      "geometry": {
        "type": "LineString",
        "coordinates": [
          [
            77.2304963,
            28.6029324
          ],
          [
            77.2302798,
            28.6028649
          ],
          [
            77.2298768,
            28.602756
          ],
          [
            77.2297787,
            28.6027064
          ],
          [
            77.2297324,
            28.602659
          ],
          [
            77.2293855,
            28.602232
          ]
        ]
      }
    },
    {
      "type": "Feature",
      "id": "osm-24577372",
      "properties": {
        "osmid": 24577372,
        "name": "Pandara Road",
        "highway": "secondary",
        "highwayCategory": "Municipal Thoroughfare",
        "isGalli": false
      },
      "geometry": {
        "type": "LineString",
        "coordinates": [
          [
            77.2305044,
            28.6030093
          ],
          [
            77.2304972,
            28.6030472
          ],
          [
            77.2304799,
            28.6031369
          ],
          [
            77.2304746,
            28.6031864
          ],
          [
            77.2304747,
            28.6032795
          ],
          [
            77.230485,
            28.6033843
          ],
          [
            77.2305067,
            28.603626
          ],
          [
            77.2306063,
            28.6049813
          ],
          [
            77.2306356,
            28.6052508
          ],
          [
            77.2306586,
            28.6054836
          ],
          [
            77.2306902,
            28.6059693
          ],
          [
            77.2307041,
            28.6062103
          ],
          [
            77.2307371,
            28.6068735
          ],
          [
            77.2307494,
            28.6070514
          ],
          [
            77.230774,
            28.6077275
          ],
          [
            77.2307944,
            28.6080682
          ],
          [
            77.2308187,
            28.6085223
          ],
          [
            77.230818,
            28.6088299
          ],
          [
            77.2308304,
            28.6089633
          ],
          [
            77.2307891,
            28.6090966
          ],
          [
            77.230711,
            28.609216
          ],
          [
            77.2303913,
            28.6095756
          ]
        ]
      }
    },
    {
      "type": "Feature",
      "id": "osm-24577379",
      "properties": {
        "osmid": 24577379,
        "name": "Rotary 13",
        "highway": "secondary",
        "highwayCategory": "Municipal Thoroughfare",
        "isGalli": false
      },
      "geometry": {
        "type": "LineString",
        "coordinates": [
          [
            77.2236113,
            28.6032696
          ],
          [
            77.2235968,
            28.603338
          ],
          [
            77.2236056,
            28.6034547
          ],
          [
            77.2236301,
            28.6035906
          ],
          [
            77.2236668,
            28.6036884
          ],
          [
            77.2237037,
            28.6037509
          ],
          [
            77.2237573,
            28.6038068
          ],
          [
            77.2238175,
            28.6038523
          ]
        ]
      }
    },
    {
      "type": "Feature",
      "id": "osm-24577381",
      "properties": {
        "osmid": 24577381,
        "name": "Man Singh Road",
        "highway": "tertiary",
        "highwayCategory": "Municipal Thoroughfare",
        "isGalli": false
      },
      "geometry": {
        "type": "LineString",
        "coordinates": [
          [
            77.2241239,
            28.604007
          ],
          [
            77.2241518,
            28.6040692
          ],
          [
            77.224184,
            28.6041352
          ],
          [
            77.2242033,
            28.6042196
          ],
          [
            77.2242104,
            28.6043118
          ],
          [
            77.2242245,
            28.6046091
          ],
          [
            77.2242305,
            28.6046969
          ],
          [
            77.2242592,
            28.6051129
          ],
          [
            77.2242627,
            28.6051693
          ],
          [
            77.2242751,
            28.6053706
          ],
          [
            77.2242908,
            28.6057294
          ],
          [
            77.2243131,
            28.6060404
          ],
          [
            77.2243467,
            28.6064309
          ],
          [
            77.2243745,
            28.6068253
          ],
          [
            77.2243885,
            28.6070286
          ],
          [
            77.2244183,
            28.6074612
          ],
          [
            77.2244229,
            28.6076647
          ],
          [
            77.2244473,
            28.608058
          ],
          [
            77.2244766,
            28.608266
          ],
          [
            77.2244781,
            28.6082955
          ],
          [
            77.2245271,
            28.6091455
          ],
          [
            77.2245419,
            28.6094026
          ],
          [
            77.2245421,
            28.6095162
          ],
          [
            77.2245225,
            28.6095815
          ],
          [
            77.2244897,
            28.6096378
          ]
        ]
      }
    },
    {
      "type": "Feature",
      "id": "osm-24577383",
      "properties": {
        "osmid": 24577383,
        "name": "Janpath",
        "highway": "secondary",
        "highwayCategory": "Municipal Thoroughfare",
        "isGalli": false
      },
      "geometry": {
        "type": "LineString",
        "coordinates": [
          [
            77.2179013,
            28.6077166
          ],
          [
            77.2180449,
            28.6078465
          ],
          [
            77.2181077,
            28.6079599
          ],
          [
            77.218118,
            28.6080176
          ],
          [
            77.2181273,
            28.6081718
          ],
          [
            77.2181649,
            28.6088598
          ],
          [
            77.218215,
            28.6099533
          ],
          [
            77.2182176,
            28.6100106
          ],
          [
            77.2182143,
            28.6100415
          ],
          [
            77.2181677,
            28.6101225
          ]
        ]
      }
    },
    {
      "type": "Feature",
      "id": "osm-24577384",
      "properties": {
        "osmid": 24577384,
        "name": "Janpath",
        "highway": "secondary",
        "highwayCategory": "Municipal Thoroughfare",
        "isGalli": false
      },
      "geometry": {
        "type": "LineString",
        "coordinates": [
          [
            77.2183131,
            28.6100961
          ],
          [
            77.2182941,
            28.6100696
          ],
          [
            77.2182941,
            28.6100512
          ],
          [
            77.2182947,
            28.6100253
          ],
          [
            77.218292,
            28.6099735
          ],
          [
            77.2182916,
            28.6099486
          ],
          [
            77.2182902,
            28.6098548
          ],
          [
            77.2182714,
            28.6094922
          ],
          [
            77.2182365,
            28.6089718
          ],
          [
            77.2182076,
            28.6085383
          ],
          [
            77.2181901,
            28.6081674
          ],
          [
            77.21816,
            28.6079563
          ],
          [
            77.2182003,
            28.6078035
          ],
          [
            77.2182401,
            28.6077328
          ],
          [
            77.218301,
            28.6076902
          ]
        ]
      }
    },
    {
      "type": "Feature",
      "id": "osm-24577385",
      "properties": {
        "osmid": 24577385,
        "name": "Akbar Road",
        "highway": "secondary",
        "highwayCategory": "Municipal Thoroughfare",
        "isGalli": false
      },
      "geometry": {
        "type": "LineString",
        "coordinates": [
          [
            77.2243975,
            28.6096817
          ],
          [
            77.2243169,
            28.6096792
          ],
          [
            77.2242499,
            28.6096556
          ],
          [
            77.224108,
            28.6095903
          ],
          [
            77.2238552,
            28.6094849
          ],
          [
            77.2224652,
            28.6089245
          ],
          [
            77.221927,
            28.6086859
          ],
          [
            77.2216832,
            28.608576
          ],
          [
            77.2213617,
            28.6084353
          ],
          [
            77.2209162,
            28.6082378
          ],
          [
            77.2204235,
            28.6080194
          ],
          [
            77.2198318,
            28.6077326
          ],
          [
            77.2193631,
            28.6075238
          ],
          [
            77.2191717,
            28.6074386
          ],
          [
            77.2190961,
            28.6074104
          ],
          [
            77.2190222,
            28.6073409
          ],
          [
            77.218974,
            28.6072867
          ],
          [
            77.2189358,
            28.6072353
          ]
        ]
      }
    },
    {
      "type": "Feature",
      "id": "osm-24577389",
      "properties": {
        "osmid": 24577389,
        "name": "Motilal Nehru Marg",
        "highway": "secondary",
        "highwayCategory": "Municipal Thoroughfare",
        "isGalli": false
      },
      "geometry": {
        "type": "LineString",
        "coordinates": [
          [
            77.2188187,
            28.6068003
          ],
          [
            77.2189432,
            28.6065773
          ],
          [
            77.219041,
            28.606482
          ],
          [
            77.2191546,
            28.6064135
          ],
          [
            77.2192811,
            28.6063371
          ],
          [
            77.2198739,
            28.6059933
          ],
          [
            77.2204119,
            28.6056871
          ],
          [
            77.2210649,
            28.6053262
          ],
          [
            77.2211491,
            28.6052752
          ],
          [
            77.2214376,
            28.6051032
          ],
          [
            77.2218732,
            28.6048557
          ],
          [
            77.2226248,
            28.6044287
          ],
          [
            77.2228404,
            28.6043002
          ],
          [
            77.2234037,
            28.6039823
          ],
          [
            77.2235323,
            28.6039177
          ],
          [
            77.2236798,
            28.603867
          ],
          [
            77.2238175,
            28.6038523
          ]
        ]
      }
    },
    {
      "type": "Feature",
      "id": "osm-24577390",
      "properties": {
        "osmid": 24577390,
        "name": "Motilal Nehru Marg",
        "highway": "secondary",
        "highwayCategory": "Municipal Thoroughfare",
        "isGalli": false
      },
      "geometry": {
        "type": "LineString",
        "coordinates": [
          [
            77.2236301,
            28.6035906
          ],
          [
            77.2235929,
            28.6036875
          ],
          [
            77.2235036,
            28.6038129
          ],
          [
            77.2233553,
            28.6039153
          ],
          [
            77.2225713,
            28.6043632
          ],
          [
            77.2218304,
            28.6047958
          ],
          [
            77.2215028,
            28.604987
          ],
          [
            77.2211061,
            28.6052136
          ],
          [
            77.221013,
            28.6052611
          ],
          [
            77.2206322,
            28.6054847
          ],
          [
            77.2204947,
            28.6055692
          ],
          [
            77.2203749,
            28.6056372
          ],
          [
            77.2191085,
            28.6063698
          ],
          [
            77.2190048,
            28.6064357
          ],
          [
            77.2189102,
            28.6064729
          ],
          [
            77.2188119,
            28.6064844
          ],
          [
            77.2186026,
            28.606481
          ]
        ]
      }
    },
    {
      "type": "Feature",
      "id": "osm-24577391",
      "properties": {
        "osmid": 24577391,
        "name": "Rotary Number 34",
        "highway": "secondary",
        "highwayCategory": "Municipal Thoroughfare",
        "isGalli": false
      },
      "geometry": {
        "type": "LineString",
        "coordinates": [
          [
            77.2122189,
            28.6102821
          ],
          [
            77.2121728,
            28.6102458
          ],
          [
            77.2121209,
            28.610216
          ],
          [
            77.2120645,
            28.6101935
          ],
          [
            77.2120049,
            28.6101787
          ],
          [
            77.2119512,
            28.6101724
          ],
          [
            77.2118971,
            28.6101724
          ],
          [
            77.2118434,
            28.6101787
          ],
          [
            77.2117912,
            28.6101911
          ],
          [
            77.2117378,
            28.610211
          ],
          [
            77.2116881,
            28.6102374
          ],
          [
            77.2116432,
            28.6102697
          ],
          [
            77.211604,
            28.6103072
          ],
          [
            77.2115712,
            28.6103493
          ]
        ]
      }
    },
    {
      "type": "Feature",
      "id": "osm-24577393",
      "properties": {
        "osmid": 24577393,
        "name": "Motilal Nehru Marg",
        "highway": "secondary",
        "highwayCategory": "Municipal Thoroughfare",
        "isGalli": false
      },
      "geometry": {
        "type": "LineString",
        "coordinates": [
          [
            77.217024,
            28.6075882
          ],
          [
            77.213805,
            28.6094688
          ],
          [
            77.2133736,
            28.6097034
          ],
          [
            77.212961,
            28.6099278
          ],
          [
            77.2124425,
            28.6101994
          ]
        ]
      }
    },
    {
      "type": "Feature",
      "id": "osm-24577395",
      "properties": {
        "osmid": 24577395,
        "name": "Motilal Nehru Marg",
        "highway": "secondary",
        "highwayCategory": "Municipal Thoroughfare",
        "isGalli": false
      },
      "geometry": {
        "type": "LineString",
        "coordinates": [
          [
            77.2115846,
            28.6107333
          ],
          [
            77.2114241,
            28.6108262
          ],
          [
            77.2094455,
            28.6119703
          ],
          [
            77.2090484,
            28.6121999
          ]
        ]
      }
    },
    {
      "type": "Feature",
      "id": "osm-24577396",
      "properties": {
        "osmid": 24577396,
        "name": "Prime Chowk",
        "highway": "secondary",
        "highwayCategory": "Municipal Thoroughfare",
        "isGalli": false
      },
      "geometry": {
        "type": "LineString",
        "coordinates": [
          [
            77.2087481,
            28.6086818
          ],
          [
            77.2086278,
            28.6086832
          ],
          [
            77.2085124,
            28.608713
          ],
          [
            77.2084105,
            28.6087691
          ]
        ]
      }
    },
    {
      "type": "Feature",
      "id": "osm-24577401",
      "properties": {
        "osmid": 24577401,
        "name": "Kumaraswami Kamaraj Marg",
        "highway": "secondary",
        "highwayCategory": "Municipal Thoroughfare",
        "isGalli": false
      },
      "geometry": {
        "type": "LineString",
        "coordinates": [
          [
            77.2092721,
            28.6093488
          ],
          [
            77.2092345,
            28.6092752
          ],
          [
            77.2092184,
            28.6092434
          ],
          [
            77.2091688,
            28.609161
          ],
          [
            77.2091339,
            28.6090891
          ]
        ]
      }
    },
    {
      "type": "Feature",
      "id": "osm-24577404",
      "properties": {
        "osmid": 24577404,
        "name": "Tu-Tu Marg",
        "highway": "secondary",
        "highwayCategory": "Municipal Thoroughfare",
        "isGalli": false
      },
      "geometry": {
        "type": "LineString",
        "coordinates": [
          [
            77.2082807,
            28.6092028
          ],
          [
            77.2082301,
            28.6092861
          ],
          [
            77.2081502,
            28.609352
          ],
          [
            77.2078347,
            28.6095381
          ],
          [
            77.2061046,
            28.610536
          ],
          [
            77.2060419,
            28.6105634
          ],
          [
            77.2060119,
            28.6105765
          ],
          [
            77.2059421,
            28.610593
          ],
          [
            77.2058349,
            28.6105751
          ]
        ]
      }
    },
    {
      "type": "Feature",
      "id": "osm-24577405",
      "properties": {
        "osmid": 24577405,
        "name": "Kumaraswami Kamaraj Marg",
        "highway": "tertiary",
        "highwayCategory": "Municipal Thoroughfare",
        "isGalli": false
      },
      "geometry": {
        "type": "LineString",
        "coordinates": [
          [
            77.2084105,
            28.6087691
          ],
          [
            77.2082435,
            28.6087958
          ],
          [
            77.208049,
            28.6088316
          ]
        ]
      }
    },
    {
      "type": "Feature",
      "id": "osm-24577406",
      "properties": {
        "osmid": 24577406,
        "name": "Kumaraswami Kamaraj Marg",
        "highway": "tertiary",
        "highwayCategory": "Municipal Thoroughfare",
        "isGalli": false
      },
      "geometry": {
        "type": "LineString",
        "coordinates": [
          [
            77.2057621,
            28.6078832
          ],
          [
            77.2058386,
            28.6078746
          ],
          [
            77.2059093,
            28.6078811
          ],
          [
            77.2059699,
            28.6078742
          ]
        ]
      }
    },
    {
      "type": "Feature",
      "id": "osm-24577409",
      "properties": {
        "osmid": 24577409,
        "name": "Local Corridor",
        "highway": "residential",
        "highwayCategory": "Galli / Local Lane",
        "isGalli": true
      },
      "geometry": {
        "type": "LineString",
        "coordinates": [
          [
            77.2256163,
            28.604052
          ],
          [
            77.2257385,
            28.6042229
          ],
          [
            77.2262063,
            28.6048595
          ],
          [
            77.2266734,
            28.6054981
          ],
          [
            77.2271183,
            28.6061064
          ],
          [
            77.2275852,
            28.6067483
          ],
          [
            77.22827,
            28.6076642
          ]
        ]
      }
    },
    {
      "type": "Feature",
      "id": "osm-24577412",
      "properties": {
        "osmid": 24577412,
        "name": "Local Corridor",
        "highway": "residential",
        "highwayCategory": "Galli / Local Lane",
        "isGalli": true
      },
      "geometry": {
        "type": "LineString",
        "coordinates": [
          [
            77.2276604,
            28.6046978
          ],
          [
            77.2277291,
            28.6046604
          ],
          [
            77.2285437,
            28.6043565
          ],
          [
            77.2291074,
            28.6042613
          ],
          [
            77.2300383,
            28.6042774
          ]
        ]
      }
    },
    {
      "type": "Feature",
      "id": "osm-24577413",
      "properties": {
        "osmid": 24577413,
        "name": "Local Corridor",
        "highway": "residential",
        "highwayCategory": "Galli / Local Lane",
        "isGalli": true
      },
      "geometry": {
        "type": "LineString",
        "coordinates": [
          [
            77.2332164,
            28.6071014
          ],
          [
            77.2329663,
            28.6073998
          ],
          [
            77.2328348,
            28.6074712
          ],
          [
            77.2326943,
            28.6074993
          ],
          [
            77.2323845,
            28.6074794
          ],
          [
            77.2321427,
            28.60736
          ],
          [
            77.2319992,
            28.6072473
          ],
          [
            77.2319463,
            28.6068891
          ]
        ]
      }
    },
    {
      "type": "Feature",
      "id": "osm-24577414",
      "properties": {
        "osmid": 24577414,
        "name": "Local Corridor",
        "highway": "residential",
        "highwayCategory": "Galli / Local Lane",
        "isGalli": true
      },
      "geometry": {
        "type": "LineString",
        "coordinates": [
          [
            77.2314476,
            28.6069156
          ],
          [
            77.2319463,
            28.6068891
          ],
          [
            77.2324868,
            28.6068539
          ],
          [
            77.2325583,
            28.6068493
          ],
          [
            77.2332164,
            28.6071014
          ],
          [
            77.2335707,
            28.607234
          ]
        ]
      }
    },
    {
      "type": "Feature",
      "id": "osm-24577415",
      "properties": {
        "osmid": 24577415,
        "name": "Local Corridor",
        "highway": "residential",
        "highwayCategory": "Galli / Local Lane",
        "isGalli": true
      },
      "geometry": {
        "type": "LineString",
        "coordinates": [
          [
            77.2329093,
            28.6083415
          ],
          [
            77.2335707,
            28.607234
          ],
          [
            77.2339149,
            28.6066157
          ],
          [
            77.2343867,
            28.6057681
          ]
        ]
      }
    },
    {
      "type": "Feature",
      "id": "osm-24577416",
      "properties": {
        "osmid": 24577416,
        "name": "Local Corridor",
        "highway": "residential",
        "highwayCategory": "Galli / Local Lane",
        "isGalli": true
      },
      "geometry": {
        "type": "LineString",
        "coordinates": [
          [
            77.2349701,
            28.606008
          ],
          [
            77.234904,
            28.6059808
          ],
          [
            77.2343867,
            28.6057681
          ],
          [
            77.2335044,
            28.6053898
          ],
          [
            77.2333289,
            28.605317
          ],
          [
            77.2325734,
            28.6051445
          ],
          [
            77.2323741,
            28.6051565
          ],
          [
            77.2313645,
            28.6052175
          ],
          [
            77.2307041,
            28.6052495
          ],
          [
            77.2306356,
            28.6052508
          ]
        ]
      }
    },
    {
      "type": "Feature",
      "id": "osm-24577417",
      "properties": {
        "osmid": 24577417,
        "name": "Local Corridor",
        "highway": "residential",
        "highwayCategory": "Galli / Local Lane",
        "isGalli": true
      },
      "geometry": {
        "type": "LineString",
        "coordinates": [
          [
            77.2315685,
            28.60803
          ],
          [
            77.2314476,
            28.6069156
          ],
          [
            77.2314302,
            28.6065592
          ],
          [
            77.2314103,
            28.6061541
          ],
          [
            77.2313891,
            28.6057208
          ],
          [
            77.2313645,
            28.6052175
          ]
        ]
      }
    },
    {
      "type": "Feature",
      "id": "osm-24577418",
      "properties": {
        "osmid": 24577418,
        "name": "Shri Barada Ukil Marg",
        "highway": "residential",
        "highwayCategory": "Galli / Local Lane",
        "isGalli": true
      },
      "geometry": {
        "type": "LineString",
        "coordinates": [
          [
            77.2268182,
            28.6034687
          ],
          [
            77.2268979,
            28.6036107
          ],
          [
            77.2273193,
            28.6041923
          ],
          [
            77.2276604,
            28.6046978
          ],
          [
            77.2278483,
            28.604969
          ],
          [
            77.2278951,
            28.605064
          ],
          [
            77.2280883,
            28.6054564
          ],
          [
            77.2282042,
            28.6056919
          ],
          [
            77.2285284,
            28.6063586
          ],
          [
            77.228739,
            28.6067951
          ],
          [
            77.2289334,
            28.6071979
          ],
          [
            77.2291233,
            28.6075913
          ],
          [
            77.2293163,
            28.6080735
          ],
          [
            77.2293525,
            28.6081179
          ],
          [
            77.2293927,
            28.6081349
          ],
          [
            77.229461,
            28.6081378
          ],
          [
            77.2302286,
            28.6080815
          ],
          [
            77.2307944,
            28.6080682
          ]
        ]
      }
    },
    {
      "type": "Feature",
      "id": "osm-24577478",
      "properties": {
        "osmid": 24577478,
        "name": "Sansad Marg",
        "highway": "secondary",
        "highwayCategory": "Municipal Thoroughfare",
        "isGalli": false
      },
      "geometry": {
        "type": "LineString",
        "coordinates": [
          [
            77.2165741,
            28.6283967
          ],
          [
            77.2164816,
            28.6282755
          ],
          [
            77.2158122,
            28.6274574
          ],
          [
            77.2155913,
            28.6271877
          ],
          [
            77.2154732,
            28.6270431
          ],
          [
            77.2154323,
            28.6269871
          ],
          [
            77.2153661,
            28.6269024
          ]
        ]
      }
    },
    {
      "type": "Feature",
      "id": "osm-24577480",
      "properties": {
        "osmid": 24577480,
        "name": "Radial Road 1",
        "highway": "tertiary",
        "highwayCategory": "Municipal Thoroughfare",
        "isGalli": false
      },
      "geometry": {
        "type": "LineString",
        "coordinates": [
          [
            77.2194853,
            28.6298938
          ],
          [
            77.2194961,
            28.6300779
          ],
          [
            77.2195014,
            28.6301679
          ],
          [
            77.2195053,
            28.630235
          ],
          [
            77.2195281,
            28.6306228
          ],
          [
            77.2195322,
            28.6306928
          ],
          [
            77.2195553,
            28.6311044
          ],
          [
            77.2195662,
            28.631324
          ],
          [
            77.2195719,
            28.6314124
          ],
          [
            77.2195737,
            28.6314455
          ],
          [
            77.2195814,
            28.6315893
          ],
          [
            77.2195809,
            28.6316347
          ]
        ]
      }
    },
    {
      "type": "Feature",
      "id": "osm-24577482",
      "properties": {
        "osmid": 24577482,
        "name": "Radial Road 7",
        "highway": "tertiary",
        "highwayCategory": "Municipal Thoroughfare",
        "isGalli": false
      },
      "geometry": {
        "type": "LineString",
        "coordinates": [
          [
            77.2207567,
            28.6321678
          ],
          [
            77.221105,
            28.6319768
          ],
          [
            77.2212982,
            28.6318649
          ],
          [
            77.2217092,
            28.631635
          ]
        ]
      }
    },
    {
      "type": "Feature",
      "id": "osm-24577483",
      "properties": {
        "osmid": 24577483,
        "name": "Radial Road 6",
        "highway": "tertiary",
        "highwayCategory": "Municipal Thoroughfare",
        "isGalli": false
      },
      "geometry": {
        "type": "LineString",
        "coordinates": [
          [
            77.2225404,
            28.6341977
          ],
          [
            77.222516,
            28.634119
          ],
          [
            77.2224949,
            28.6340854
          ],
          [
            77.2224685,
            28.6340597
          ],
          [
            77.2224339,
            28.6340366
          ],
          [
            77.222397,
            28.6340157
          ],
          [
            77.2223711,
            28.6340049
          ],
          [
            77.2218332,
            28.6337812
          ],
          [
            77.2211753,
            28.6335124
          ],
          [
            77.2208092,
            28.6333557
          ]
        ]
      }
    },
    {
      "type": "Feature",
      "id": "osm-24577486",
      "properties": {
        "osmid": 24577486,
        "name": "Radial Road 4",
        "highway": "tertiary",
        "highwayCategory": "Municipal Thoroughfare",
        "isGalli": false
      },
      "geometry": {
        "type": "LineString",
        "coordinates": [
          [
            77.2198833,
            28.6357191
          ],
          [
            77.2198719,
            28.6355209
          ],
          [
            77.2198689,
            28.6354683
          ],
          [
            77.2198418,
            28.6349975
          ],
          [
            77.2198366,
            28.6349075
          ],
          [
            77.2198021,
            28.6343002
          ],
          [
            77.2197924,
            28.6341262
          ],
          [
            77.2197696,
            28.6339283
          ]
        ]
      }
    },
    {
      "type": "Feature",
      "id": "osm-24577487",
      "properties": {
        "osmid": 24577487,
        "name": "Radial Road 3",
        "highway": "tertiary",
        "highwayCategory": "Municipal Thoroughfare",
        "isGalli": false
      },
      "geometry": {
        "type": "LineString",
        "coordinates": [
          [
            77.2186161,
            28.6334054
          ],
          [
            77.2182722,
            28.6336029
          ],
          [
            77.2176776,
            28.63394
          ],
          [
            77.2172568,
            28.634179
          ],
          [
            77.2172211,
            28.6341993
          ],
          [
            77.2171298,
            28.6342511
          ],
          [
            77.2170406,
            28.6343031
          ]
        ]
      }
    },
    {
      "type": "Feature",
      "id": "osm-24577488",
      "properties": {
        "osmid": 24577488,
        "name": "Radial Road 2",
        "highway": "tertiary",
        "highwayCategory": "Municipal Thoroughfare",
        "isGalli": false
      },
      "geometry": {
        "type": "LineString",
        "coordinates": [
          [
            77.2185744,
            28.6322574
          ],
          [
            77.2184809,
            28.6322214
          ],
          [
            77.2182548,
            28.6321267
          ],
          [
            77.2182071,
            28.6321067
          ],
          [
            77.2181956,
            28.6321017
          ],
          [
            77.2180698,
            28.6320468
          ],
          [
            77.2177412,
            28.6319034
          ],
          [
            77.2175751,
            28.6318278
          ],
          [
            77.2172822,
            28.6316826
          ],
          [
            77.2170792,
            28.6315818
          ],
          [
            77.2169733,
            28.6315337
          ],
          [
            77.2167421,
            28.6314291
          ]
        ]
      }
    },
    {
      "type": "Feature",
      "id": "osm-24582917",
      "properties": {
        "osmid": 24582917,
        "name": "Connaught Lane",
        "highway": "unclassified",
        "highwayCategory": "Galli / Local Lane",
        "isGalli": true
      },
      "geometry": {
        "type": "LineString",
        "coordinates": [
          [
            77.2228984,
            28.6334419
          ],
          [
            77.2233233,
            28.6335226
          ],
          [
            77.2238944,
            28.6336313
          ],
          [
            77.2241282,
            28.6336312
          ],
          [
            77.224329,
            28.6335973
          ],
          [
            77.2244858,
            28.6335344
          ],
          [
            77.2247762,
            28.63335
          ],
          [
            77.2249216,
            28.6332724
          ],
          [
            77.2254222,
            28.6330053
          ],
          [
            77.2254715,
            28.632949
          ],
          [
            77.2254922,
            28.6328887
          ]
        ]
      }
    },
    {
      "type": "Feature",
      "id": "osm-24582918",
      "properties": {
        "osmid": 24582918,
        "name": "Connaught Lane",
        "highway": "residential",
        "highwayCategory": "Galli / Local Lane",
        "isGalli": true
      },
      "geometry": {
        "type": "LineString",
        "coordinates": [
          [
            77.2239292,
            28.6314863
          ],
          [
            77.2238044,
            28.6313247
          ],
          [
            77.2236331,
            28.6310997
          ],
          [
            77.2234121,
            28.6308165
          ],
          [
            77.2233885,
            28.6307801
          ],
          [
            77.223352,
            28.6307237
          ]
        ]
      }
    },
    {
      "type": "Feature",
      "id": "osm-24582919",
      "properties": {
        "osmid": 24582919,
        "name": "Fire Brigade Lane",
        "highway": "residential",
        "highwayCategory": "Galli / Local Lane",
        "isGalli": true
      },
      "geometry": {
        "type": "LineString",
        "coordinates": [
          [
            77.2253915,
            28.6326094
          ],
          [
            77.2266222,
            28.6319595
          ],
          [
            77.2261503,
            28.6313199
          ],
          [
            77.2260027,
            28.6311239
          ],
          [
            77.225939,
            28.631038
          ],
          [
            77.2258729,
            28.6310111
          ]
        ]
      }
    },
    {
      "type": "Feature",
      "id": "osm-24582920",
      "properties": {
        "osmid": 24582920,
        "name": "Local Corridor",
        "highway": "unclassified",
        "highwayCategory": "Galli / Local Lane",
        "isGalli": true
      },
      "geometry": {
        "type": "LineString",
        "coordinates": [
          [
            77.2233233,
            28.6335226
          ],
          [
            77.2233865,
            28.6330479
          ],
          [
            77.2234235,
            28.6329938
          ],
          [
            77.223467,
            28.6329302
          ],
          [
            77.2235536,
            28.6329002
          ],
          [
            77.224106,
            28.6328759
          ],
          [
            77.2244524,
            28.6328607
          ],
          [
            77.2245746,
            28.6328734
          ],
          [
            77.2246547,
            28.6329302
          ],
          [
            77.2249216,
            28.6332724
          ]
        ]
      }
    },
    {
      "type": "Feature",
      "id": "osm-24582921",
      "properties": {
        "osmid": 24582921,
        "name": "Local Corridor",
        "highway": "unclassified",
        "highwayCategory": "Galli / Local Lane",
        "isGalli": true
      },
      "geometry": {
        "type": "LineString",
        "coordinates": [
          [
            77.226947,
            28.6297906
          ],
          [
            77.2264311,
            28.6300638
          ],
          [
            77.226371,
            28.6300956
          ],
          [
            77.2263441,
            28.6301099
          ],
          [
            77.2260286,
            28.6302913
          ],
          [
            77.2258775,
            28.6303782
          ],
          [
            77.2256338,
            28.6305183
          ],
          [
            77.2254242,
            28.6306388
          ],
          [
            77.2250531,
            28.6308522
          ],
          [
            77.2241449,
            28.6313744
          ],
          [
            77.2240419,
            28.6314336
          ],
          [
            77.2239292,
            28.6314863
          ],
          [
            77.2237254,
            28.631579
          ],
          [
            77.2234857,
            28.6316641
          ],
          [
            77.223029,
            28.6317991
          ],
          [
            77.2229101,
            28.6318342
          ],
          [
            77.2228317,
            28.6318574
          ]
        ]
      }
    },
    {
      "type": "Feature",
      "id": "osm-24583320",
      "properties": {
        "osmid": 24583320,
        "name": "Gol Dakkhana Roundabout",
        "highway": "secondary",
        "highwayCategory": "Municipal Thoroughfare",
        "isGalli": false
      },
      "geometry": {
        "type": "LineString",
        "coordinates": [
          [
            77.2070753,
            28.6264735
          ],
          [
            77.2070212,
            28.6264403
          ],
          [
            77.2069639,
            28.6264116
          ],
          [
            77.2069038,
            28.6263877
          ],
          [
            77.2068415,
            28.6263687
          ],
          [
            77.2067774,
            28.626355
          ]
        ]
      }
    },
    {
      "type": "Feature",
      "id": "osm-24583321",
      "properties": {
        "osmid": 24583321,
        "name": "Ashoka Road",
        "highway": "secondary",
        "highwayCategory": "Municipal Thoroughfare",
        "isGalli": false
      },
      "geometry": {
        "type": "LineString",
        "coordinates": [
          [
            77.2073144,
            28.6267676
          ],
          [
            77.2073524,
            28.626692
          ],
          [
            77.2073974,
            28.6266215
          ],
          [
            77.2074197,
            28.6265949
          ],
          [
            77.2074549,
            28.6265593
          ],
          [
            77.2075131,
            28.6265139
          ],
          [
            77.2075965,
            28.6264678
          ],
          [
            77.2085785,
            28.625897
          ],
          [
            77.2089927,
            28.6256562
          ],
          [
            77.209104,
            28.6255915
          ]
        ]
      }
    },
    {
      "type": "Feature",
      "id": "osm-24583324",
      "properties": {
        "osmid": 24583324,
        "name": "Patel Chowk",
        "highway": "secondary",
        "highwayCategory": "Municipal Thoroughfare",
        "isGalli": false
      },
      "geometry": {
        "type": "LineString",
        "coordinates": [
          [
            77.2126312,
            28.6230299
          ],
          [
            77.2125666,
            28.6230581
          ],
          [
            77.2125066,
            28.6230848
          ],
          [
            77.2124518,
            28.623119
          ],
          [
            77.2124033,
            28.62316
          ],
          [
            77.2123622,
            28.6232067
          ]
        ]
      }
    },
    {
      "type": "Feature",
      "id": "osm-24583327",
      "properties": {
        "osmid": 24583327,
        "name": "Sansad Marg",
        "highway": "secondary",
        "highwayCategory": "Municipal Thoroughfare",
        "isGalli": false
      },
      "geometry": {
        "type": "LineString",
        "coordinates": [
          [
            77.2129097,
            28.6237991
          ],
          [
            77.2130542,
            28.6238697
          ],
          [
            77.2131117,
            28.6239194
          ],
          [
            77.2131561,
            28.6239756
          ],
          [
            77.2133154,
            28.6241953
          ],
          [
            77.2133939,
            28.6243036
          ],
          [
            77.2134541,
            28.6243867
          ],
          [
            77.213741,
            28.6247825
          ],
          [
            77.2138113,
            28.6248795
          ],
          [
            77.2139809,
            28.6251135
          ],
          [
            77.2142151,
            28.6254366
          ],
          [
            77.2142769,
            28.6255219
          ],
          [
            77.2146413,
            28.6260718
          ],
          [
            77.2149372,
            28.6265184
          ],
          [
            77.2149546,
            28.6265389
          ],
          [
            77.2150807,
            28.6266867
          ],
          [
            77.2152509,
            28.6268862
          ],
          [
            77.2152956,
            28.6269395
          ],
          [
            77.2153592,
            28.6270239
          ],
          [
            77.2154047,
            28.6270801
          ],
          [
            77.2155756,
            28.6272785
          ]
        ]
      }
    },
    {
      "type": "Feature",
      "id": "osm-24583330",
      "properties": {
        "osmid": 24583330,
        "name": "Baba Kharak Singh Marg",
        "highway": "secondary",
        "highwayCategory": "Municipal Thoroughfare",
        "isGalli": false
      },
      "geometry": {
        "type": "LineString",
        "coordinates": [
          [
            77.2087482,
            28.6279397
          ],
          [
            77.2088493,
            28.6279857
          ],
          [
            77.2089338,
            28.6280242
          ],
          [
            77.2094503,
            28.6282595
          ],
          [
            77.2094901,
            28.6282776
          ],
          [
            77.2102342,
            28.6286164
          ],
          [
            77.2102833,
            28.6286388
          ],
          [
            77.2104276,
            28.6287045
          ],
          [
            77.2105607,
            28.6287651
          ],
          [
            77.2118078,
            28.6293103
          ],
          [
            77.2145916,
            28.6305415
          ],
          [
            77.2159299,
            28.6311799
          ],
          [
            77.2161249,
            28.6312729
          ]
        ]
      }
    },
    {
      "type": "Feature",
      "id": "osm-24583332",
      "properties": {
        "osmid": 24583332,
        "name": "Baba Kharak Singh Marg",
        "highway": "secondary",
        "highwayCategory": "Municipal Thoroughfare",
        "isGalli": false
      },
      "geometry": {
        "type": "LineString",
        "coordinates": [
          [
            77.2167421,
            28.6314291
          ],
          [
            77.2165448,
            28.6313349
          ],
          [
            77.2161964,
            28.6311684
          ],
          [
            77.2161049,
            28.631128
          ],
          [
            77.2160983,
            28.6311251
          ],
          [
            77.2156806,
            28.6309426
          ],
          [
            77.2151812,
            28.6307244
          ],
          [
            77.2148855,
            28.630596
          ],
          [
            77.2141649,
            28.6302742
          ],
          [
            77.2137216,
            28.6300762
          ],
          [
            77.2126948,
            28.6296176
          ],
          [
            77.2125849,
            28.6295685
          ],
          [
            77.2123345,
            28.6294567
          ],
          [
            77.2122494,
            28.6294187
          ],
          [
            77.2120317,
            28.6293215
          ],
          [
            77.2114802,
            28.6290751
          ],
          [
            77.2110572,
            28.6288861
          ],
          [
            77.21087,
            28.6288025
          ],
          [
            77.2106225,
            28.628692
          ],
          [
            77.208997,
            28.6279508
          ],
          [
            77.2088192,
            28.6278692
          ],
          [
            77.2087948,
            28.627858
          ],
          [
            77.2087143,
            28.627821
          ],
          [
            77.2085677,
            28.6277537
          ],
          [
            77.2082794,
            28.6276215
          ],
          [
            77.2082287,
            28.6275982
          ],
          [
            77.2075964,
            28.627308
          ],
          [
            77.2075005,
            28.6272566
          ],
          [
            77.2074934,
            28.6272528
          ],
          [
            77.2073157,
            28.6271648
          ]
        ]
      }
    },
    {
      "type": "Feature",
      "id": "osm-24583333",
      "properties": {
        "osmid": 24583333,
        "name": "Mandi House Chowk",
        "highway": "secondary",
        "highwayCategory": "Municipal Thoroughfare",
        "isGalli": false
      },
      "geometry": {
        "type": "LineString",
        "coordinates": [
          [
            77.2316293,
            28.6260271
          ],
          [
            77.231682,
            28.6260607
          ],
          [
            77.2317391,
            28.626088
          ],
          [
            77.2317998,
            28.6261087
          ],
          [
            77.231863,
            28.6261225
          ],
          [
            77.2319277,
            28.626129
          ],
          [
            77.2319589,
            28.6261286
          ],
          [
            77.2319928,
            28.6261281
          ],
          [
            77.2320572,
            28.62612
          ],
          [
            77.2321199,
            28.6261047
          ],
          [
            77.2321799,
            28.6260825
          ],
          [
            77.2322361,
            28.6260537
          ],
          [
            77.2322877,
            28.6260188
          ],
          [
            77.2323337,
            28.6259784
          ],
          [
            77.2323735,
            28.6259332
          ],
          [
            77.2324064,
            28.6258839
          ],
          [
            77.2324318,
            28.6258313
          ],
          [
            77.2324493,
            28.6257763
          ]
        ]
      }
    },
    {
      "type": "Feature",
      "id": "osm-24583334",
      "properties": {
        "osmid": 24583334,
        "name": "Ashoka Road",
        "highway": "secondary",
        "highwayCategory": "Municipal Thoroughfare",
        "isGalli": false
      },
      "geometry": {
        "type": "LineString",
        "coordinates": [
          [
            77.2131566,
            28.6232603
          ],
          [
            77.2132371,
            28.6231798
          ],
          [
            77.2134129,
            28.6230632
          ],
          [
            77.213833,
            28.6228245
          ],
          [
            77.2142791,
            28.6225572
          ],
          [
            77.2143045,
            28.622542
          ],
          [
            77.2143413,
            28.6225199
          ],
          [
            77.2146098,
            28.6223628
          ],
          [
            77.2152697,
            28.6219766
          ],
          [
            77.2153793,
            28.6219358
          ],
          [
            77.2154124,
            28.6219235
          ],
          [
            77.2156887,
            28.6219119
          ]
        ]
      }
    },
    {
      "type": "Feature",
      "id": "osm-24583335",
      "properties": {
        "osmid": 24583335,
        "name": "Ashoka Road",
        "highway": "secondary",
        "highwayCategory": "Municipal Thoroughfare",
        "isGalli": false
      },
      "geometry": {
        "type": "LineString",
        "coordinates": [
          [
            77.2154693,
            28.6216983
          ],
          [
            77.215414,
            28.621768
          ],
          [
            77.2153566,
            28.6218281
          ],
          [
            77.2145678,
            28.6223045
          ],
          [
            77.2142368,
            28.6225045
          ],
          [
            77.213912,
            28.6227006
          ],
          [
            77.2138036,
            28.6227661
          ],
          [
            77.2133943,
            28.6229992
          ],
          [
            77.2132528,
            28.6230798
          ],
          [
            77.2131228,
            28.6231027
          ],
          [
            77.2128937,
            28.6230497
          ]
        ]
      }
    },
    {
      "type": "Feature",
      "id": "osm-24583337",
      "properties": {
        "osmid": 24583337,
        "name": "Rotary Number 2",
        "highway": "secondary",
        "highwayCategory": "Municipal Thoroughfare",
        "isGalli": false
      },
      "geometry": {
        "type": "LineString",
        "coordinates": [
          [
            77.2158063,
            28.621334
          ],
          [
            77.2157122,
            28.6213438
          ],
          [
            77.215625,
            28.6213762
          ],
          [
            77.2155513,
            28.6214284
          ],
          [
            77.2155133,
            28.6214762
          ],
          [
            77.2154971,
            28.6214966
          ],
          [
            77.2154665,
            28.6215753
          ],
          [
            77.2154605,
            28.6216369
          ],
          [
            77.2154693,
            28.6216983
          ]
        ]
      }
    },
    {
      "type": "Feature",
      "id": "osm-24583339",
      "properties": {
        "osmid": 24583339,
        "name": "Ashoka Road",
        "highway": "secondary",
        "highwayCategory": "Municipal Thoroughfare",
        "isGalli": false
      },
      "geometry": {
        "type": "LineString",
        "coordinates": [
          [
            77.2161176,
            28.6215311
          ],
          [
            77.2162068,
            28.621445
          ],
          [
            77.2162566,
            28.6214174
          ],
          [
            77.2165328,
            28.6212647
          ],
          [
            77.2167161,
            28.6211528
          ],
          [
            77.216831,
            28.6210869
          ],
          [
            77.2169443,
            28.6210219
          ],
          [
            77.2176103,
            28.6206398
          ],
          [
            77.2180324,
            28.6203976
          ],
          [
            77.2181067,
            28.6203755
          ],
          [
            77.2182108,
            28.6203445
          ],
          [
            77.2184156,
            28.6203281
          ],
          [
            77.2185074,
            28.6203363
          ]
        ]
      }
    },
    {
      "type": "Feature",
      "id": "osm-24583487",
      "properties": {
        "osmid": 24583487,
        "name": "Jai Singh Road",
        "highway": "tertiary",
        "highwayCategory": "Municipal Thoroughfare",
        "isGalli": false
      },
      "geometry": {
        "type": "LineString",
        "coordinates": [
          [
            77.2147019,
            28.627188
          ],
          [
            77.2144444,
            28.6270742
          ],
          [
            77.2144069,
            28.6270576
          ],
          [
            77.2141083,
            28.6269256
          ],
          [
            77.2137483,
            28.6267696
          ],
          [
            77.2134952,
            28.6266567
          ],
          [
            77.2130518,
            28.6264589
          ],
          [
            77.2130022,
            28.6264357
          ],
          [
            77.2129492,
            28.626411
          ],
          [
            77.212613,
            28.6262669
          ],
          [
            77.2125411,
            28.6262408
          ],
          [
            77.212459,
            28.6262081
          ],
          [
            77.2122843,
            28.626142
          ],
          [
            77.2121708,
            28.6261036
          ],
          [
            77.2117344,
            28.625943
          ],
          [
            77.21156,
            28.6258548
          ],
          [
            77.2114352,
            28.6257292
          ],
          [
            77.2110542,
            28.6252681
          ],
          [
            77.2108438,
            28.6249697
          ],
          [
            77.2107998,
            28.6249073
          ],
          [
            77.2106381,
            28.6246947
          ]
        ]
      }
    },
    {
      "type": "Feature",
      "id": "osm-24583488",
      "properties": {
        "osmid": 24583488,
        "name": "Hanuman Road",
        "highway": "residential",
        "highwayCategory": "Galli / Local Lane",
        "isGalli": true
      },
      "geometry": {
        "type": "LineString",
        "coordinates": [
          [
            77.2171227,
            28.6293694
          ],
          [
            77.2169268,
            28.6295622
          ],
          [
            77.2168101,
            28.6296771
          ],
          [
            77.2165965,
            28.6298785
          ],
          [
            77.216565,
            28.6298935
          ],
          [
            77.2165342,
            28.6299017
          ],
          [
            77.216502,
            28.6299035
          ],
          [
            77.2164735,
            28.629899
          ],
          [
            77.216186,
            28.6297712
          ],
          [
            77.2161416,
            28.6297515
          ],
          [
            77.2160289,
            28.6297026
          ],
          [
            77.2158039,
            28.6296033
          ],
          [
            77.2148357,
            28.6291694
          ],
          [
            77.2129287,
            28.6283371
          ],
          [
            77.212842,
            28.6282844
          ],
          [
            77.2127844,
            28.6282337
          ],
          [
            77.2127589,
            28.6281959
          ],
          [
            77.2122322,
            28.6274881
          ],
          [
            77.2121465,
            28.6273813
          ],
          [
            77.2118507,
            28.6270127
          ],
          [
            77.2117102,
            28.6268375
          ],
          [
            77.2115964,
            28.6267638
          ],
          [
            77.2114205,
            28.6267391
          ],
          [
            77.2113018,
            28.6267448
          ],
          [
            77.2107525,
            28.626771
          ]
        ]
      }
    },
    {
      "type": "Feature",
      "id": "osm-24583489",
      "properties": {
        "osmid": 24583489,
        "name": "Bangla Sahib Lane",
        "highway": "residential",
        "highwayCategory": "Galli / Local Lane",
        "isGalli": true
      },
      "geometry": {
        "type": "LineString",
        "coordinates": [
          [
            77.2106225,
            28.628692
          ],
          [
            77.2107848,
            28.6285704
          ],
          [
            77.2108189,
            28.6285136
          ],
          [
            77.2108261,
            28.6284412
          ],
          [
            77.2108177,
            28.6282509
          ],
          [
            77.2108071,
            28.6280106
          ],
          [
            77.2107962,
            28.6277627
          ],
          [
            77.2107865,
            28.6275429
          ],
          [
            77.2107826,
            28.6274534
          ],
          [
            77.2107755,
            28.6272935
          ],
          [
            77.210765,
            28.6270557
          ],
          [
            77.2107525,
            28.626771
          ],
          [
            77.2107401,
            28.6265323
          ],
          [
            77.2107233,
            28.626211
          ],
          [
            77.2107216,
            28.6261776
          ],
          [
            77.2110586,
            28.6259608
          ],
          [
            77.2112537,
            28.6258408
          ],
          [
            77.2114352,
            28.6257292
          ]
        ]
      }
    },
    {
      "type": "Feature",
      "id": "osm-24583491",
      "properties": {
        "osmid": 24583491,
        "name": "Janpath Lane",
        "highway": "tertiary",
        "highwayCategory": "Municipal Thoroughfare",
        "isGalli": false
      },
      "geometry": {
        "type": "LineString",
        "coordinates": [
          [
            77.2163732,
            28.6219344
          ],
          [
            77.2168195,
            28.6221762
          ],
          [
            77.2168943,
            28.6222477
          ],
          [
            77.216947,
            28.6222981
          ],
          [
            77.2170244,
            28.6224988
          ],
          [
            77.2171137,
            28.6234248
          ],
          [
            77.2171959,
            28.6244564
          ],
          [
            77.2172108,
            28.6249851
          ],
          [
            77.2172305,
            28.625417
          ],
          [
            77.2172521,
            28.6256698
          ],
          [
            77.2172585,
            28.6257449
          ],
          [
            77.2172912,
            28.6259858
          ]
        ]
      }
    },
    {
      "type": "Feature",
      "id": "osm-24583492",
      "properties": {
        "osmid": 24583492,
        "name": "Local Corridor",
        "highway": "service",
        "highwayCategory": "Galli / Local Lane",
        "isGalli": true
      },
      "geometry": {
        "type": "LineString",
        "coordinates": [
          [
            77.2191231,
            28.624431
          ],
          [
            77.2189874,
            28.6244337
          ],
          [
            77.2171959,
            28.6244564
          ]
        ]
      }
    },
    {
      "type": "Feature",
      "id": "osm-24583493",
      "properties": {
        "osmid": 24583493,
        "name": "Jantar Mantar Road",
        "highway": "residential",
        "highwayCategory": "Galli / Local Lane",
        "isGalli": true
      },
      "geometry": {
        "type": "LineString",
        "coordinates": [
          [
            77.2157512,
            28.6219251
          ],
          [
            77.2158234,
            28.6221029
          ]
        ]
      }
    },
    {
      "type": "Feature",
      "id": "osm-24583494",
      "properties": {
        "osmid": 24583494,
        "name": "Jantar Mantar Road",
        "highway": "residential",
        "highwayCategory": "Galli / Local Lane",
        "isGalli": true
      },
      "geometry": {
        "type": "LineString",
        "coordinates": [
          [
            77.2158234,
            28.6221029
          ],
          [
            77.215909,
            28.6219119
          ]
        ]
      }
    },
    {
      "type": "Feature",
      "id": "osm-24583495",
      "properties": {
        "osmid": 24583495,
        "name": "Jantar Mantar Road",
        "highway": "residential",
        "highwayCategory": "Galli / Local Lane",
        "isGalli": true
      },
      "geometry": {
        "type": "LineString",
        "coordinates": [
          [
            77.2158234,
            28.6221029
          ],
          [
            77.2158254,
            28.6221388
          ],
          [
            77.2158787,
            28.623096
          ],
          [
            77.2158815,
            28.6231459
          ],
          [
            77.2158873,
            28.6232495
          ],
          [
            77.2159011,
            28.623498
          ],
          [
            77.2159089,
            28.6236379
          ],
          [
            77.2158969,
            28.6238786
          ],
          [
            77.2158739,
            28.6240339
          ],
          [
            77.2158482,
            28.6242077
          ],
          [
            77.2157504,
            28.6247676
          ],
          [
            77.2157458,
            28.624856
          ],
          [
            77.2157378,
            28.6250077
          ],
          [
            77.215744,
            28.6251647
          ],
          [
            77.2157652,
            28.6253112
          ],
          [
            77.2158713,
            28.6260455
          ],
          [
            77.2158836,
            28.6261306
          ],
          [
            77.2159548,
            28.6261796
          ]
        ]
      }
    },
    {
      "type": "Feature",
      "id": "osm-24583584",
      "properties": {
        "osmid": 24583584,
        "name": "Harish Chandra Mathur Lane",
        "highway": "residential",
        "highwayCategory": "Galli / Local Lane",
        "isGalli": true
      },
      "geometry": {
        "type": "LineString",
        "coordinates": [
          [
            77.2190376,
            28.6212854
          ],
          [
            77.2198941,
            28.6212397
          ],
          [
            77.2199173,
            28.6212385
          ],
          [
            77.2201132,
            28.6212455
          ],
          [
            77.2202772,
            28.6212919
          ],
          [
            77.2215891,
            28.6218801
          ],
          [
            77.2221516,
            28.622155
          ],
          [
            77.2239929,
            28.6229856
          ],
          [
            77.2249357,
            28.6233784
          ],
          [
            77.2250182,
            28.6234111
          ],
          [
            77.2250972,
            28.6234479
          ]
        ]
      }
    },
    {
      "type": "Feature",
      "id": "osm-24583586",
      "properties": {
        "osmid": 24583586,
        "name": "Atul Grove Road",
        "highway": "residential",
        "highwayCategory": "Galli / Local Lane",
        "isGalli": true
      },
      "geometry": {
        "type": "LineString",
        "coordinates": [
          [
            77.2216316,
            28.6263259
          ],
          [
            77.2216316,
            28.6261952
          ],
          [
            77.2216224,
            28.6260878
          ]
        ]
      }
    },
    {
      "type": "Feature",
      "id": "osm-24583587",
      "properties": {
        "osmid": 24583587,
        "name": "Atul Grove Lane",
        "highway": "residential",
        "highwayCategory": "Galli / Local Lane",
        "isGalli": true
      },
      "geometry": {
        "type": "LineString",
        "coordinates": [
          [
            77.2222295,
            28.6262041
          ],
          [
            77.2222467,
            28.6261725
          ],
          [
            77.2232843,
            28.6242656
          ],
          [
            77.2237555,
            28.6234051
          ],
          [
            77.2239929,
            28.6229856
          ]
        ]
      }
    },
    {
      "type": "Feature",
      "id": "osm-24583588",
      "properties": {
        "osmid": 24583588,
        "name": "Local Corridor",
        "highway": "residential",
        "highwayCategory": "Galli / Local Lane",
        "isGalli": true
      },
      "geometry": {
        "type": "LineString",
        "coordinates": [
          [
            77.220593,
            28.6242774
          ],
          [
            77.2192225,
            28.6243377
          ]
        ]
      }
    },
    {
      "type": "Feature",
      "id": "osm-24583589",
      "properties": {
        "osmid": 24583589,
        "name": "Local Corridor",
        "highway": "residential",
        "highwayCategory": "Galli / Local Lane",
        "isGalli": true
      },
      "geometry": {
        "type": "LineString",
        "coordinates": [
          [
            77.2207258,
            28.6242597
          ],
          [
            77.2207815,
            28.6262311
          ]
        ]
      }
    },
    {
      "type": "Feature",
      "id": "osm-24583590",
      "properties": {
        "osmid": 24583590,
        "name": "Pandit Ravi Shankar Shukla Lane",
        "highway": "residential",
        "highwayCategory": "Galli / Local Lane",
        "isGalli": true
      },
      "geometry": {
        "type": "LineString",
        "coordinates": [
          [
            77.2258604,
            28.6221132
          ],
          [
            77.2257896,
            28.6220818
          ],
          [
            77.2256971,
            28.6220413
          ],
          [
            77.2246242,
            28.6215711
          ],
          [
            77.2236171,
            28.6211298
          ],
          [
            77.2223059,
            28.6205552
          ],
          [
            77.2222384,
            28.620526
          ],
          [
            77.2209412,
            28.6199884
          ]
        ]
      }
    },
    {
      "type": "Feature",
      "id": "osm-24583592",
      "properties": {
        "osmid": 24583592,
        "name": "Hailey Lane",
        "highway": "residential",
        "highwayCategory": "Galli / Local Lane",
        "isGalli": true
      },
      "geometry": {
        "type": "LineString",
        "coordinates": [
          [
            77.2258234,
            28.6280039
          ],
          [
            77.2258454,
            28.6279906
          ],
          [
            77.2263772,
            28.6276708
          ],
          [
            77.2266634,
            28.6274987
          ],
          [
            77.2273159,
            28.6271339
          ],
          [
            77.2276855,
            28.6269142
          ],
          [
            77.2282685,
            28.6265677
          ],
          [
            77.2285,
            28.6264468
          ],
          [
            77.2292199,
            28.6260707
          ]
        ]
      }
    },
    {
      "type": "Feature",
      "id": "osm-24583593",
      "properties": {
        "osmid": 24583593,
        "name": "Vakeel Lane",
        "highway": "residential",
        "highwayCategory": "Galli / Local Lane",
        "isGalli": true
      },
      "geometry": {
        "type": "LineString",
        "coordinates": [
          [
            77.2298083,
            28.6268025
          ],
          [
            77.2292493,
            28.6261073
          ],
          [
            77.2292199,
            28.6260707
          ],
          [
            77.2291607,
            28.625984
          ],
          [
            77.2291274,
            28.625886
          ],
          [
            77.2291414,
            28.625752
          ],
          [
            77.2291855,
            28.6256284
          ],
          [
            77.2295564,
            28.6249415
          ],
          [
            77.2296809,
            28.624711
          ],
          [
            77.2300608,
            28.6240167
          ],
          [
            77.2301801,
            28.6238177
          ],
          [
            77.2301996,
            28.6237889
          ],
          [
            77.2302537,
            28.6237087
          ],
          [
            77.230505,
            28.6232759
          ],
          [
            77.2305212,
            28.623249
          ],
          [
            77.2309006,
            28.6226161
          ],
          [
            77.2309563,
            28.62252
          ]
        ]
      }
    },
    {
      "type": "Feature",
      "id": "osm-24583594",
      "properties": {
        "osmid": 24583594,
        "name": "Vakil Lane",
        "highway": "residential",
        "highwayCategory": "Galli / Local Lane",
        "isGalli": true
      },
      "geometry": {
        "type": "LineString",
        "coordinates": [
          [
            77.2291414,
            28.625752
          ],
          [
            77.2272177,
            28.6249495
          ],
          [
            77.227157,
            28.6249242
          ],
          [
            77.2270173,
            28.6248659
          ],
          [
            77.226215,
            28.6245312
          ],
          [
            77.2256255,
            28.6242852
          ],
          [
            77.2256011,
            28.624275
          ],
          [
            77.224904,
            28.6239842
          ],
          [
            77.224809,
            28.6239476
          ],
          [
            77.2247278,
            28.6239163
          ]
        ]
      }
    },
    {
      "type": "Feature",
      "id": "osm-24583596",
      "properties": {
        "osmid": 24583596,
        "name": "Local Corridor",
        "highway": "residential",
        "highwayCategory": "Galli / Local Lane",
        "isGalli": true
      },
      "geometry": {
        "type": "LineString",
        "coordinates": [
          [
            77.2266634,
            28.6274987
          ],
          [
            77.2253651,
            28.6264394
          ]
        ]
      }
    },
    {
      "type": "Feature",
      "id": "osm-24583597",
      "properties": {
        "osmid": 24583597,
        "name": "Local Corridor",
        "highway": "service",
        "highwayCategory": "Galli / Local Lane",
        "isGalli": true
      },
      "geometry": {
        "type": "LineString",
        "coordinates": [
          [
            77.2273159,
            28.6271339
          ],
          [
            77.2263977,
            28.6267082
          ],
          [
            77.2255366,
            28.6263554
          ],
          [
            77.22546,
            28.6263514
          ],
          [
            77.2254034,
            28.6263883
          ],
          [
            77.2253651,
            28.6264394
          ]
        ]
      }
    },
    {
      "type": "Feature",
      "id": "osm-24583768",
      "properties": {
        "osmid": 24583768,
        "name": "Jantar Mantar Road",
        "highway": "residential",
        "highwayCategory": "Galli / Local Lane",
        "isGalli": true
      },
      "geometry": {
        "type": "LineString",
        "coordinates": [
          [
            77.2158063,
            28.621334
          ],
          [
            77.2157952,
            28.6211818
          ],
          [
            77.2156848,
            28.6196697
          ],
          [
            77.2156731,
            28.6195092
          ],
          [
            77.2156395,
            28.6190498
          ],
          [
            77.2155939,
            28.6184247
          ]
        ]
      }
    },
    {
      "type": "Feature",
      "id": "osm-24583769",
      "properties": {
        "osmid": 24583769,
        "name": "Local Corridor",
        "highway": "residential",
        "highwayCategory": "Galli / Local Lane",
        "isGalli": true
      },
      "geometry": {
        "type": "LineString",
        "coordinates": [
          [
            77.2152441,
            28.6214335
          ],
          [
            77.2145461,
            28.6210967
          ],
          [
            77.2145643,
            28.6209922
          ],
          [
            77.2145652,
            28.6208727
          ],
          [
            77.2145642,
            28.620852
          ],
          [
            77.2144889,
            28.6193468
          ]
        ]
      }
    },
    {
      "type": "Feature",
      "id": "osm-24583770",
      "properties": {
        "osmid": 24583770,
        "name": "Local Corridor",
        "highway": "residential",
        "highwayCategory": "Galli / Local Lane",
        "isGalli": true
      },
      "geometry": {
        "type": "LineString",
        "coordinates": [
          [
            77.2145461,
            28.6210967
          ],
          [
            77.2144457,
            28.6211895
          ],
          [
            77.2136643,
            28.6216431
          ]
        ]
      }
    },
    {
      "type": "Feature",
      "id": "osm-24583771",
      "properties": {
        "osmid": 24583771,
        "name": "Rotary Number 49",
        "highway": "secondary",
        "highwayCategory": "Municipal Thoroughfare",
        "isGalli": false
      },
      "geometry": {
        "type": "LineString",
        "coordinates": [
          [
            77.2004171,
            28.6236759
          ],
          [
            77.2003754,
            28.6236372
          ],
          [
            77.2003095,
            28.6236078
          ],
          [
            77.2002309,
            28.6235732
          ],
          [
            77.2001014,
            28.6235647
          ],
          [
            77.1999895,
            28.6235903
          ],
          [
            77.1998231,
            28.6237296
          ]
        ]
      }
    },
    {
      "type": "Feature",
      "id": "osm-24583773",
      "properties": {
        "osmid": 24583773,
        "name": "Mother Teresa Crescent",
        "highway": "secondary",
        "highwayCategory": "Municipal Thoroughfare",
        "isGalli": false
      },
      "geometry": {
        "type": "LineString",
        "coordinates": [
          [
            77.1998231,
            28.6237296
          ],
          [
            77.199685,
            28.6237422
          ],
          [
            77.199576,
            28.6237417
          ],
          [
            77.1993889,
            28.6237136
          ]
        ]
      }
    },
    {
      "type": "Feature",
      "id": "osm-24584373",
      "properties": {
        "osmid": 24584373,
        "name": "Bangla Sahib Road",
        "highway": "tertiary",
        "highwayCategory": "Municipal Thoroughfare",
        "isGalli": false
      },
      "geometry": {
        "type": "LineString",
        "coordinates": [
          [
            77.2116232,
            28.6376045
          ],
          [
            77.2115075,
            28.6374535
          ],
          [
            77.211442,
            28.637364
          ],
          [
            77.2111703,
            28.6369928
          ],
          [
            77.2107627,
            28.6364401
          ],
          [
            77.210526,
            28.6361181
          ],
          [
            77.2099327,
            28.6353236
          ],
          [
            77.2096568,
            28.6349485
          ],
          [
            77.2096294,
            28.6349125
          ],
          [
            77.2093151,
            28.6344946
          ],
          [
            77.2092274,
            28.6343804
          ],
          [
            77.209065,
            28.6341492
          ],
          [
            77.2088301,
            28.6338319
          ],
          [
            77.2086109,
            28.6336032
          ]
        ]
      }
    },
    {
      "type": "Feature",
      "id": "osm-24584374",
      "properties": {
        "osmid": 24584374,
        "name": "Local Corridor",
        "highway": "residential",
        "highwayCategory": "Galli / Local Lane",
        "isGalli": true
      },
      "geometry": {
        "type": "LineString",
        "coordinates": [
          [
            77.2083499,
            28.6299956
          ],
          [
            77.2090837,
            28.6299083
          ],
          [
            77.2098072,
            28.6298502
          ],
          [
            77.2099131,
            28.6297946
          ],
          [
            77.2100204,
            28.629658
          ],
          [
            77.2101138,
            28.6295075
          ],
          [
            77.2101718,
            28.6294188
          ],
          [
            77.2101813,
            28.6294043
          ],
          [
            77.2104831,
            28.6288958
          ],
          [
            77.2105607,
            28.6287651
          ]
        ]
      }
    },
    {
      "type": "Feature",
      "id": "osm-24584375",
      "properties": {
        "osmid": 24584375,
        "name": "Pandit Pant Marg",
        "highway": "tertiary",
        "highwayCategory": "Municipal Thoroughfare",
        "isGalli": false
      },
      "geometry": {
        "type": "LineString",
        "coordinates": [
          [
            77.2067774,
            28.626355
          ],
          [
            77.2067226,
            28.6262914
          ],
          [
            77.2066811,
            28.6262195
          ],
          [
            77.2066564,
            28.6261767
          ],
          [
            77.2066395,
            28.6261278
          ],
          [
            77.206622,
            28.626043
          ],
          [
            77.20661,
            28.6259363
          ],
          [
            77.20654,
            28.6249678
          ],
          [
            77.2065373,
            28.6249307
          ],
          [
            77.2065416,
            28.6248576
          ],
          [
            77.2065376,
            28.6248272
          ],
          [
            77.2065362,
            28.6247627
          ],
          [
            77.2065362,
            28.6246834
          ],
          [
            77.2065355,
            28.6246078
          ],
          [
            77.2065336,
            28.6243938
          ],
          [
            77.2065338,
            28.6243013
          ],
          [
            77.2065309,
            28.6242618
          ],
          [
            77.206511,
            28.6239957
          ],
          [
            77.2064717,
            28.6236306
          ],
          [
            77.2064707,
            28.6236213
          ],
          [
            77.2064305,
            28.6230257
          ],
          [
            77.2064173,
            28.6227896
          ],
          [
            77.2064092,
            28.6226449
          ],
          [
            77.206401,
            28.6224983
          ],
          [
            77.2063771,
            28.6221731
          ],
          [
            77.2063554,
            28.6218791
          ],
          [
            77.2063527,
            28.6217639
          ],
          [
            77.2063366,
            28.621457
          ],
          [
            77.2063286,
            28.6213823
          ],
          [
            77.2063126,
            28.6212245
          ],
          [
            77.2063071,
            28.6211704
          ],
          [
            77.2063018,
            28.6210996
          ],
          [
            77.2062937,
            28.6209914
          ],
          [
            77.2063178,
            28.6209208
          ],
          [
            77.2063504,
            28.6208644
          ]
        ]
      }
    },
    {
      "type": "Feature",
      "id": "osm-24584377",
      "properties": {
        "osmid": 24584377,
        "name": "Pandit Pant Marg",
        "highway": "tertiary",
        "highwayCategory": "Municipal Thoroughfare",
        "isGalli": false
      },
      "geometry": {
        "type": "LineString",
        "coordinates": [
          [
            77.2061442,
            28.6208702
          ],
          [
            77.2061993,
            28.6209255
          ],
          [
            77.2062251,
            28.6209725
          ],
          [
            77.2062314,
            28.6211022
          ],
          [
            77.2062474,
            28.6214324
          ],
          [
            77.2062749,
            28.62177
          ],
          [
            77.2062995,
            28.6221793
          ],
          [
            77.2063172,
            28.6224732
          ],
          [
            77.2063513,
            28.6230891
          ],
          [
            77.2063579,
            28.6231854
          ],
          [
            77.2063906,
            28.6236588
          ],
          [
            77.2064255,
            28.6241064
          ],
          [
            77.2064258,
            28.6241913
          ],
          [
            77.2064322,
            28.6242554
          ],
          [
            77.2064357,
            28.6242902
          ],
          [
            77.206437,
            28.6243938
          ],
          [
            77.2064572,
            28.6246025
          ],
          [
            77.2064625,
            28.6246574
          ],
          [
            77.2064625,
            28.6247646
          ],
          [
            77.2064586,
            28.6248392
          ],
          [
            77.2064611,
            28.6248717
          ],
          [
            77.206458,
            28.6249288
          ],
          [
            77.206459,
            28.6249511
          ],
          [
            77.206454,
            28.625002
          ],
          [
            77.2065201,
            28.625941
          ],
          [
            77.2065172,
            28.6261715
          ],
          [
            77.2065103,
            28.6261983
          ],
          [
            77.2064961,
            28.6262278
          ],
          [
            77.2064735,
            28.6262747
          ],
          [
            77.2064398,
            28.6263166
          ],
          [
            77.2064063,
            28.6263471
          ],
          [
            77.2063447,
            28.6263996
          ]
        ]
      }
    },
    {
      "type": "Feature",
      "id": "osm-24584378",
      "properties": {
        "osmid": 24584378,
        "name": "Talkatora Road",
        "highway": "tertiary",
        "highwayCategory": "Municipal Thoroughfare",
        "isGalli": false
      },
      "geometry": {
        "type": "LineString",
        "coordinates": [
          [
            77.2005124,
            28.623867
          ],
          [
            77.2007539,
            28.6237385
          ],
          [
            77.2009492,
            28.6236193
          ],
          [
            77.2010269,
            28.6235752
          ],
          [
            77.2021014,
            28.6229656
          ],
          [
            77.2028485,
            28.6225445
          ],
          [
            77.2031944,
            28.6223501
          ],
          [
            77.2032671,
            28.6223092
          ],
          [
            77.2038365,
            28.6219878
          ],
          [
            77.2038973,
            28.6219535
          ],
          [
            77.2045385,
            28.6215921
          ],
          [
            77.2050895,
            28.6212816
          ],
          [
            77.2056198,
            28.6209827
          ],
          [
            77.205854,
            28.6208507
          ],
          [
            77.2059608,
            28.6207905
          ]
        ]
      }
    },
    {
      "type": "Feature",
      "id": "osm-24584379",
      "properties": {
        "osmid": 24584379,
        "name": "Talkatora Road",
        "highway": "tertiary",
        "highwayCategory": "Municipal Thoroughfare",
        "isGalli": false
      },
      "geometry": {
        "type": "LineString",
        "coordinates": [
          [
            77.2008258,
            28.6235987
          ],
          [
            77.2004815,
            28.6237603
          ]
        ]
      }
    },
    {
      "type": "Feature",
      "id": "osm-24584380",
      "properties": {
        "osmid": 24584380,
        "name": "Talkatora Road",
        "highway": "tertiary",
        "highwayCategory": "Municipal Thoroughfare",
        "isGalli": false
      },
      "geometry": {
        "type": "LineString",
        "coordinates": [
          [
            77.2058727,
            28.6207043
          ],
          [
            77.2057894,
            28.6207529
          ],
          [
            77.2050245,
            28.6211993
          ],
          [
            77.2047534,
            28.6213576
          ],
          [
            77.2044351,
            28.6215417
          ],
          [
            77.2038503,
            28.6218836
          ],
          [
            77.2032903,
            28.622211
          ],
          [
            77.2028099,
            28.6224919
          ],
          [
            77.2024671,
            28.6226868
          ],
          [
            77.2020945,
            28.6228987
          ],
          [
            77.2011279,
            28.6234454
          ],
          [
            77.2009736,
            28.6235237
          ],
          [
            77.2008258,
            28.6235987
          ]
        ]
      }
    },
    {
      "type": "Feature",
      "id": "osm-24584381",
      "properties": {
        "osmid": 24584381,
        "name": "Gurudwara Rakabganj Road",
        "highway": "residential",
        "highwayCategory": "Galli / Local Lane",
        "isGalli": true
      },
      "geometry": {
        "type": "LineString",
        "coordinates": [
          [
            77.2016133,
            28.6246654
          ],
          [
            77.2019221,
            28.6241599
          ],
          [
            77.2020893,
            28.6238862
          ],
          [
            77.2021643,
            28.6237829
          ]
        ]
      }
    },
    {
      "type": "Feature",
      "id": "osm-24584383",
      "properties": {
        "osmid": 24584383,
        "name": "Mahadev Road",
        "highway": "residential",
        "highwayCategory": "Galli / Local Lane",
        "isGalli": true
      },
      "geometry": {
        "type": "LineString",
        "coordinates": [
          [
            77.2064961,
            28.6248376
          ],
          [
            77.2065376,
            28.6248272
          ],
          [
            77.2065671,
            28.6248199
          ],
          [
            77.2066592,
            28.6247769
          ],
          [
            77.2072451,
            28.6244407
          ],
          [
            77.2095859,
            28.6231232
          ],
          [
            77.2107321,
            28.6224835
          ]
        ]
      }
    },
    {
      "type": "Feature",
      "id": "osm-24584384",
      "properties": {
        "osmid": 24584384,
        "name": "Doctor Bishamber Dass Lane",
        "highway": "residential",
        "highwayCategory": "Galli / Local Lane",
        "isGalli": true
      },
      "geometry": {
        "type": "LineString",
        "coordinates": [
          [
            77.206454,
            28.625002
          ],
          [
            77.2057758,
            28.6253367
          ],
          [
            77.2057034,
            28.6253473
          ],
          [
            77.2056328,
            28.6253426
          ],
          [
            77.2053955,
            28.6252355
          ],
          [
            77.2047998,
            28.6249667
          ],
          [
            77.204126,
            28.624665
          ],
          [
            77.2034498,
            28.6243688
          ],
          [
            77.2030802,
            28.6241987
          ],
          [
            77.2029398,
            28.6241341
          ],
          [
            77.2021643,
            28.6237829
          ]
        ]
      }
    },
    {
      "type": "Feature",
      "id": "osm-24584385",
      "properties": {
        "osmid": 24584385,
        "name": "Local Corridor",
        "highway": "residential",
        "highwayCategory": "Galli / Local Lane",
        "isGalli": true
      },
      "geometry": {
        "type": "LineString",
        "coordinates": [
          [
            77.2066592,
            28.6247769
          ],
          [
            77.2066757,
            28.6249465
          ],
          [
            77.2066918,
            28.6249882
          ],
          [
            77.206725,
            28.6250267
          ],
          [
            77.2074696,
            28.6253249
          ],
          [
            77.2075159,
            28.6253326
          ],
          [
            77.2075634,
            28.6253214
          ],
          [
            77.2102117,
            28.6238102
          ],
          [
            77.2106274,
            28.6236141
          ],
          [
            77.2108928,
            28.6235361
          ],
          [
            77.2112209,
            28.6235256
          ],
          [
            77.2116022,
            28.6235454
          ]
        ]
      }
    },
    {
      "type": "Feature",
      "id": "osm-24584386",
      "properties": {
        "osmid": 24584386,
        "name": "Imtiaz Khan Marg",
        "highway": "residential",
        "highwayCategory": "Galli / Local Lane",
        "isGalli": true
      },
      "geometry": {
        "type": "LineString",
        "coordinates": [
          [
            77.2089103,
            28.6217061
          ],
          [
            77.2089958,
            28.6217839
          ],
          [
            77.2090374,
            28.6218392
          ],
          [
            77.2090575,
            28.6218875
          ],
          [
            77.2090709,
            28.6219746
          ],
          [
            77.2090833,
            28.6220134
          ]
        ]
      }
    },
    {
      "type": "Feature",
      "id": "osm-24584387",
      "properties": {
        "osmid": 24584387,
        "name": "Local Corridor",
        "highway": "service",
        "highwayCategory": "Galli / Local Lane",
        "isGalli": true
      },
      "geometry": {
        "type": "LineString",
        "coordinates": [
          [
            77.209168,
            28.6215818
          ],
          [
            77.2092409,
            28.6216141
          ],
          [
            77.2099042,
            28.6218999
          ]
        ]
      }
    },
    {
      "type": "Feature",
      "id": "osm-24584388",
      "properties": {
        "osmid": 24584388,
        "name": "Red Cross Road",
        "highway": "tertiary",
        "highwayCategory": "Municipal Thoroughfare",
        "isGalli": false
      },
      "geometry": {
        "type": "LineString",
        "coordinates": [
          [
            77.2089433,
            28.618889
          ],
          [
            77.2088788,
            28.6189266
          ],
          [
            77.2084862,
            28.6191552
          ],
          [
            77.2071806,
            28.6199155
          ],
          [
            77.2065585,
            28.6202778
          ]
        ]
      }
    },
    {
      "type": "Feature",
      "id": "osm-24584389",
      "properties": {
        "osmid": 24584389,
        "name": "Rotary Number 47",
        "highway": "tertiary",
        "highwayCategory": "Municipal Thoroughfare",
        "isGalli": false
      },
      "geometry": {
        "type": "LineString",
        "coordinates": [
          [
            77.2066085,
            28.6206744
          ],
          [
            77.2066313,
            28.6206257
          ],
          [
            77.2066459,
            28.6205746
          ],
          [
            77.2066521,
            28.6205223
          ],
          [
            77.2066498,
            28.6204697
          ],
          [
            77.206639,
            28.6204179
          ],
          [
            77.2066199,
            28.620368
          ],
          [
            77.2065929,
            28.620321
          ],
          [
            77.2065585,
            28.6202778
          ],
          [
            77.2065148,
            28.6202372
          ],
          [
            77.2064646,
            28.6202028
          ],
          [
            77.2064091,
            28.6201755
          ],
          [
            77.2063848,
            28.6201675
          ]
        ]
      }
    },
    {
      "type": "Feature",
      "id": "osm-24584390",
      "properties": {
        "osmid": 24584390,
        "name": "Gurudwara Rakabganj Road",
        "highway": "tertiary",
        "highwayCategory": "Municipal Thoroughfare",
        "isGalli": false
      },
      "geometry": {
        "type": "LineString",
        "coordinates": [
          [
            77.2089324,
            28.6216598
          ],
          [
            77.2073714,
            28.6209979
          ],
          [
            77.2066085,
            28.6206744
          ]
        ]
      }
    },
    {
      "type": "Feature",
      "id": "osm-24584391",
      "properties": {
        "osmid": 24584391,
        "name": "Local Corridor",
        "highway": "residential",
        "highwayCategory": "Galli / Local Lane",
        "isGalli": true
      },
      "geometry": {
        "type": "LineString",
        "coordinates": [
          [
            77.2050673,
            28.6224778
          ],
          [
            77.2049247,
            28.6224528
          ],
          [
            77.2047954,
            28.6224681
          ],
          [
            77.2046654,
            28.6225254
          ],
          [
            77.204594,
            28.6225846
          ],
          [
            77.2045215,
            28.6226953
          ],
          [
            77.2044975,
            28.6227954
          ],
          [
            77.2045041,
            28.6228498
          ],
          [
            77.204513,
            28.6229224
          ],
          [
            77.2045535,
            28.6230055
          ],
          [
            77.2046475,
            28.623103
          ],
          [
            77.2047366,
            28.6231528
          ],
          [
            77.2049321,
            28.6231877
          ],
          [
            77.2051321,
            28.623135
          ],
          [
            77.2052416,
            28.6230509
          ],
          [
            77.2052826,
            28.6229971
          ],
          [
            77.2053293,
            28.6228762
          ],
          [
            77.2053287,
            28.6227743
          ],
          [
            77.2053286,
            28.6227607
          ],
          [
            77.2052399,
            28.622588
          ],
          [
            77.2050673,
            28.6224778
          ]
        ]
      }
    },
    {
      "type": "Feature",
      "id": "osm-24584392",
      "properties": {
        "osmid": 24584392,
        "name": "Local Corridor",
        "highway": "residential",
        "highwayCategory": "Galli / Local Lane",
        "isGalli": true
      },
      "geometry": {
        "type": "LineString",
        "coordinates": [
          [
            77.2050673,
            28.6224778
          ],
          [
            77.2053617,
            28.6219831
          ],
          [
            77.2054551,
            28.6218262
          ],
          [
            77.2055103,
            28.6217963
          ],
          [
            77.2055717,
            28.6217811
          ],
          [
            77.2062749,
            28.62177
          ],
          [
            77.2063527,
            28.6217639
          ],
          [
            77.2070163,
            28.6217262
          ],
          [
            77.2070908,
            28.621738
          ],
          [
            77.2071554,
            28.6217702
          ],
          [
            77.2074072,
            28.6221128
          ],
          [
            77.2074834,
            28.6222165
          ],
          [
            77.2075269,
            28.6230981
          ],
          [
            77.2075246,
            28.623133
          ],
          [
            77.2075099,
            28.6231648
          ],
          [
            77.2072379,
            28.6236003
          ]
        ]
      }
    },
    {
      "type": "Feature",
      "id": "osm-24584393",
      "properties": {
        "osmid": 24584393,
        "name": "Local Corridor",
        "highway": "residential",
        "highwayCategory": "Galli / Local Lane",
        "isGalli": true
      },
      "geometry": {
        "type": "LineString",
        "coordinates": [
          [
            77.2051321,
            28.623135
          ],
          [
            77.2058788,
            28.6240035
          ]
        ]
      }
    },
    {
      "type": "Feature",
      "id": "osm-24584394",
      "properties": {
        "osmid": 24584394,
        "name": "Local Corridor",
        "highway": "residential",
        "highwayCategory": "Galli / Local Lane",
        "isGalli": true
      },
      "geometry": {
        "type": "LineString",
        "coordinates": [
          [
            77.2045041,
            28.6228498
          ],
          [
            77.2031722,
            28.622902
          ],
          [
            77.2031204,
            28.622894
          ],
          [
            77.203068,
            28.6228578
          ],
          [
            77.2028485,
            28.6225445
          ],
          [
            77.2028099,
            28.6224919
          ]
        ]
      }
    },
    {
      "type": "Feature",
      "id": "osm-24584396",
      "properties": {
        "osmid": 24584396,
        "name": "North Avenue",
        "highway": "secondary",
        "highwayCategory": "Municipal Thoroughfare",
        "isGalli": false
      },
      "geometry": {
        "type": "LineString",
        "coordinates": [
          [
            77.2002309,
            28.6235732
          ],
          [
            77.2001741,
            28.6234126
          ],
          [
            77.2000229,
            28.6229848
          ]
        ]
      }
    },
    {
      "type": "Feature",
      "id": "osm-24584397",
      "properties": {
        "osmid": 24584397,
        "name": "North Avenue",
        "highway": "secondary",
        "highwayCategory": "Municipal Thoroughfare",
        "isGalli": false
      },
      "geometry": {
        "type": "LineString",
        "coordinates": [
          [
            77.2000229,
            28.6229848
          ],
          [
            77.1999895,
            28.6235903
          ]
        ]
      }
    },
    {
      "type": "Feature",
      "id": "osm-24584398",
      "properties": {
        "osmid": 24584398,
        "name": "Local Corridor",
        "highway": "tertiary",
        "highwayCategory": "Municipal Thoroughfare",
        "isGalli": false
      },
      "geometry": {
        "type": "LineString",
        "coordinates": [
          [
            77.2061855,
            28.6176025
          ],
          [
            77.2062574,
            28.6175629
          ],
          [
            77.2063177,
            28.6175105
          ],
          [
            77.2063633,
            28.6174478
          ],
          [
            77.2063903,
            28.6173843
          ],
          [
            77.2064023,
            28.6173173
          ],
          [
            77.2063987,
            28.6172496
          ],
          [
            77.2063798,
            28.6171839
          ],
          [
            77.2063514,
            28.6171212
          ],
          [
            77.2062973,
            28.6170669
          ],
          [
            77.2062799,
            28.6170539
          ],
          [
            77.2062362,
            28.6170212
          ],
          [
            77.2062053,
            28.6170049
          ],
          [
            77.2061656,
            28.6169876
          ],
          [
            77.2060885,
            28.6169676
          ],
          [
            77.2060084,
            28.6169622
          ],
          [
            77.2059288,
            28.6169715
          ],
          [
            77.2058531,
            28.6169952
          ],
          [
            77.2057847,
            28.6170322
          ],
          [
            77.2057266,
            28.6170809
          ],
          [
            77.2056789,
            28.6171431
          ],
          [
            77.205648,
            28.6172131
          ]
        ]
      }
    },
    {
      "type": "Feature",
      "id": "osm-24584399",
      "properties": {
        "osmid": 24584399,
        "name": "Local Corridor",
        "highway": "service",
        "highwayCategory": "Galli / Local Lane",
        "isGalli": true
      },
      "geometry": {
        "type": "LineString",
        "coordinates": [
          [
            77.2056596,
            28.6160046
          ],
          [
            77.2057266,
            28.6170809
          ]
        ]
      }
    },
    {
      "type": "Feature",
      "id": "osm-24584400",
      "properties": {
        "osmid": 24584400,
        "name": "Local Corridor",
        "highway": "service",
        "highwayCategory": "Galli / Local Lane",
        "isGalli": true
      },
      "geometry": {
        "type": "LineString",
        "coordinates": [
          [
            77.2055584,
            28.6160086
          ],
          [
            77.204703,
            28.6160426
          ],
          [
            77.2029328,
            28.6161311
          ]
        ]
      }
    },
    {
      "type": "Feature",
      "id": "osm-24584401",
      "properties": {
        "osmid": 24584401,
        "name": "Brassey Avenue",
        "highway": "service",
        "highwayCategory": "Galli / Local Lane",
        "isGalli": true
      },
      "geometry": {
        "type": "LineString",
        "coordinates": [
          [
            77.204703,
            28.6160426
          ],
          [
            77.2047515,
            28.6173168
          ]
        ]
      }
    },
    {
      "type": "Feature",
      "id": "osm-24584403",
      "properties": {
        "osmid": 24584403,
        "name": "Rajya Sabha Marg",
        "highway": "service",
        "highwayCategory": "Galli / Local Lane",
        "isGalli": true
      },
      "geometry": {
        "type": "LineString",
        "coordinates": [
          [
            77.2088934,
            28.6156274
          ],
          [
            77.207958,
            28.6161743
          ],
          [
            77.2079427,
            28.6161833
          ],
          [
            77.2077213,
            28.6163136
          ],
          [
            77.2073379,
            28.6165392
          ],
          [
            77.2071596,
            28.6166441
          ],
          [
            77.2063514,
            28.6171212
          ]
        ]
      }
    },
    {
      "type": "Feature",
      "id": "osm-24584404",
      "properties": {
        "osmid": 24584404,
        "name": "Local Corridor",
        "highway": "service",
        "highwayCategory": "Galli / Local Lane",
        "isGalli": true
      },
      "geometry": {
        "type": "LineString",
        "coordinates": [
          [
            77.2062799,
            28.6170539
          ],
          [
            77.206261,
            28.6167097
          ],
          [
            77.206237,
            28.6164613
          ],
          [
            77.2062278,
            28.6163668
          ],
          [
            77.2061895,
            28.6159707
          ]
        ]
      }
    },
    {
      "type": "Feature",
      "id": "osm-24584407",
      "properties": {
        "osmid": 24584407,
        "name": "Lok Sabha Marg",
        "highway": "service",
        "highwayCategory": "Galli / Local Lane",
        "isGalli": true
      },
      "geometry": {
        "type": "LineString",
        "coordinates": [
          [
            77.2089567,
            28.6185741
          ],
          [
            77.2088427,
            28.6185246
          ],
          [
            77.2085326,
            28.6183899
          ],
          [
            77.2081884,
            28.6182405
          ],
          [
            77.2079145,
            28.6181216
          ],
          [
            77.2074481,
            28.617919
          ],
          [
            77.2063633,
            28.6174478
          ]
        ]
      }
    },
    {
      "type": "Feature",
      "id": "osm-24584409",
      "properties": {
        "osmid": 24584409,
        "name": "Church Lane",
        "highway": "residential",
        "highwayCategory": "Galli / Local Lane",
        "isGalli": true
      },
      "geometry": {
        "type": "LineString",
        "coordinates": [
          [
            77.2029348,
            28.6173967
          ],
          [
            77.20294,
            28.6174774
          ],
          [
            77.202953,
            28.6178094
          ],
          [
            77.2029651,
            28.6181202
          ],
          [
            77.2029748,
            28.6183691
          ],
          [
            77.2029327,
            28.6185677
          ],
          [
            77.2027168,
            28.6189235
          ]
        ]
      }
    },
    {
      "type": "Feature",
      "id": "osm-24584410",
      "properties": {
        "osmid": 24584410,
        "name": "Local Corridor",
        "highway": "residential",
        "highwayCategory": "Galli / Local Lane",
        "isGalli": true
      },
      "geometry": {
        "type": "LineString",
        "coordinates": [
          [
            77.2037128,
            28.6206392
          ],
          [
            77.204515,
            28.6206473
          ]
        ]
      }
    },
    {
      "type": "Feature",
      "id": "osm-24584411",
      "properties": {
        "osmid": 24584411,
        "name": "Local Corridor",
        "highway": "residential",
        "highwayCategory": "Galli / Local Lane",
        "isGalli": true
      },
      "geometry": {
        "type": "LineString",
        "coordinates": [
          [
            77.2031083,
            28.6203376
          ],
          [
            77.2030043,
            28.6204645
          ],
          [
            77.2029795,
            28.6206159
          ],
          [
            77.2030414,
            28.6207671
          ],
          [
            77.203167,
            28.6208685
          ],
          [
            77.2033387,
            28.6209098
          ],
          [
            77.2035186,
            28.6208733
          ],
          [
            77.2036424,
            28.6207818
          ],
          [
            77.2037128,
            28.6206392
          ],
          [
            77.2037119,
            28.6205264
          ],
          [
            77.2036739,
            28.6204312
          ],
          [
            77.203573,
            28.6203272
          ],
          [
            77.2034371,
            28.6202698
          ],
          [
            77.2033089,
            28.620262
          ],
          [
            77.2032411,
            28.6202741
          ],
          [
            77.2031083,
            28.6203376
          ]
        ]
      }
    },
    {
      "type": "Feature",
      "id": "osm-24584412",
      "properties": {
        "osmid": 24584412,
        "name": "Local Corridor",
        "highway": "residential",
        "highwayCategory": "Galli / Local Lane",
        "isGalli": true
      },
      "geometry": {
        "type": "LineString",
        "coordinates": [
          [
            77.2018638,
            28.619369
          ],
          [
            77.2023238,
            28.6193635
          ],
          [
            77.2023681,
            28.6193753
          ],
          [
            77.202404,
            28.6193985
          ],
          [
            77.2028424,
            28.6199747
          ],
          [
            77.2031083,
            28.6203376
          ]
        ]
      }
    },
    {
      "type": "Feature",
      "id": "osm-24584413",
      "properties": {
        "osmid": 24584413,
        "name": "Local Corridor",
        "highway": "residential",
        "highwayCategory": "Galli / Local Lane",
        "isGalli": true
      },
      "geometry": {
        "type": "LineString",
        "coordinates": [
          [
            77.203167,
            28.6208685
          ],
          [
            77.2025294,
            28.6220933
          ],
          [
            77.2025314,
            28.62212
          ],
          [
            77.2025411,
            28.6221465
          ],
          [
            77.2028099,
            28.6224919
          ]
        ]
      }
    },
    {
      "type": "Feature",
      "id": "osm-24584414",
      "properties": {
        "osmid": 24584414,
        "name": "Local Corridor",
        "highway": "residential",
        "highwayCategory": "Galli / Local Lane",
        "isGalli": true
      },
      "geometry": {
        "type": "LineString",
        "coordinates": [
          [
            77.2007625,
            28.617572
          ],
          [
            77.2008176,
            28.6186366
          ],
          [
            77.2008312,
            28.6189001
          ],
          [
            77.2008594,
            28.6194446
          ],
          [
            77.2009034,
            28.6202934
          ],
          [
            77.2002502,
            28.6203195
          ]
        ]
      }
    },
    {
      "type": "Feature",
      "id": "osm-24584415",
      "properties": {
        "osmid": 24584415,
        "name": "Local Corridor",
        "highway": "residential",
        "highwayCategory": "Galli / Local Lane",
        "isGalli": true
      },
      "geometry": {
        "type": "LineString",
        "coordinates": [
          [
            77.2000229,
            28.6229848
          ],
          [
            77.2002604,
            28.6233332
          ],
          [
            77.2004461,
            28.6234398
          ],
          [
            77.2008258,
            28.6235987
          ]
        ]
      }
    },
    {
      "type": "Feature",
      "id": "osm-24584416",
      "properties": {
        "osmid": 24584416,
        "name": "Local Corridor",
        "highway": "residential",
        "highwayCategory": "Galli / Local Lane",
        "isGalli": true
      },
      "geometry": {
        "type": "LineString",
        "coordinates": [
          [
            77.2004314,
            28.6232248
          ],
          [
            77.2003799,
            28.6224713
          ],
          [
            77.2003512,
            28.6219814
          ],
          [
            77.2003195,
            28.6215832
          ]
        ]
      }
    },
    {
      "type": "Feature",
      "id": "osm-24584417",
      "properties": {
        "osmid": 24584417,
        "name": "Local Corridor",
        "highway": "residential",
        "highwayCategory": "Galli / Local Lane",
        "isGalli": true
      },
      "geometry": {
        "type": "LineString",
        "coordinates": [
          [
            77.1988361,
            28.6204787
          ],
          [
            77.1995267,
            28.6204609
          ],
          [
            77.1998784,
            28.6204528
          ]
        ]
      }
    },
    {
      "type": "Feature",
      "id": "osm-24584418",
      "properties": {
        "osmid": 24584418,
        "name": "Local Corridor",
        "highway": "residential",
        "highwayCategory": "Galli / Local Lane",
        "isGalli": true
      },
      "geometry": {
        "type": "LineString",
        "coordinates": [
          [
            77.2003195,
            28.6215832
          ],
          [
            77.2006313,
            28.6215873
          ],
          [
            77.2006696,
            28.6215985
          ],
          [
            77.200685,
            28.6216269
          ],
          [
            77.2006988,
            28.621931
          ],
          [
            77.2006826,
            28.6219537
          ],
          [
            77.2006568,
            28.6219664
          ],
          [
            77.2003512,
            28.6219814
          ]
        ]
      }
    },
    {
      "type": "Feature",
      "id": "osm-24584419",
      "properties": {
        "osmid": 24584419,
        "name": "Local Corridor",
        "highway": "residential",
        "highwayCategory": "Galli / Local Lane",
        "isGalli": true
      },
      "geometry": {
        "type": "LineString",
        "coordinates": [
          [
            77.2000229,
            28.6229848
          ],
          [
            77.1996602,
            28.6234629
          ],
          [
            77.1994779,
            28.623541
          ],
          [
            77.199284,
            28.623563
          ],
          [
            77.1990465,
            28.6235559
          ]
        ]
      }
    },
    {
      "type": "Feature",
      "id": "osm-24584420",
      "properties": {
        "osmid": 24584420,
        "name": "Local Corridor",
        "highway": "residential",
        "highwayCategory": "Galli / Local Lane",
        "isGalli": true
      },
      "geometry": {
        "type": "LineString",
        "coordinates": [
          [
            77.1996602,
            28.6234629
          ],
          [
            77.1996273,
            28.6225008
          ],
          [
            77.1996146,
            28.6221298
          ],
          [
            77.1995969,
            28.6216156
          ],
          [
            77.1995267,
            28.6204609
          ],
          [
            77.1994828,
            28.6198067
          ],
          [
            77.1994582,
            28.6194411
          ],
          [
            77.1994366,
            28.6191204
          ],
          [
            77.1994014,
            28.6186522
          ],
          [
            77.1993762,
            28.6183201
          ],
          [
            77.1993242,
            28.6176323
          ]
        ]
      }
    },
    {
      "type": "Feature",
      "id": "osm-24584421",
      "properties": {
        "osmid": 24584421,
        "name": "Local Corridor",
        "highway": "residential",
        "highwayCategory": "Galli / Local Lane",
        "isGalli": true
      },
      "geometry": {
        "type": "LineString",
        "coordinates": [
          [
            77.1989429,
            28.6225277
          ],
          [
            77.1996273,
            28.6225008
          ],
          [
            77.2000055,
            28.6224866
          ]
        ]
      }
    },
    {
      "type": "Feature",
      "id": "osm-24584422",
      "properties": {
        "osmid": 24584422,
        "name": "Local Corridor",
        "highway": "residential",
        "highwayCategory": "Galli / Local Lane",
        "isGalli": true
      },
      "geometry": {
        "type": "LineString",
        "coordinates": [
          [
            77.2000055,
            28.6224866
          ],
          [
            77.2003799,
            28.6224713
          ],
          [
            77.2010685,
            28.6224444
          ]
        ]
      }
    },
    {
      "type": "Feature",
      "id": "osm-24584423",
      "properties": {
        "osmid": 24584423,
        "name": "Church Road",
        "highway": "tertiary",
        "highwayCategory": "Municipal Thoroughfare",
        "isGalli": false
      },
      "geometry": {
        "type": "LineString",
        "coordinates": [
          [
            77.2038762,
            28.6173486
          ],
          [
            77.2032086,
            28.6173792
          ],
          [
            77.2030562,
            28.6173861
          ],
          [
            77.2029348,
            28.6173967
          ],
          [
            77.2027074,
            28.6174169
          ],
          [
            77.2020176,
            28.6174445
          ],
          [
            77.2010339,
            28.6174957
          ],
          [
            77.2007431,
            28.6175108
          ],
          [
            77.1998284,
            28.6175639
          ],
          [
            77.1997019,
            28.6176147
          ]
        ]
      }
    },
    {
      "type": "Feature",
      "id": "osm-24584424",
      "properties": {
        "osmid": 24584424,
        "name": "Local Corridor",
        "highway": "residential",
        "highwayCategory": "Galli / Local Lane",
        "isGalli": true
      },
      "geometry": {
        "type": "LineString",
        "coordinates": [
          [
            77.1986494,
            28.6176555
          ],
          [
            77.1987294,
            28.6188652
          ],
          [
            77.1987577,
            28.6192929
          ],
          [
            77.1988361,
            28.6204787
          ],
          [
            77.1989429,
            28.6225277
          ],
          [
            77.1989764,
            28.6231247
          ],
          [
            77.1989623,
            28.6231698
          ],
          [
            77.1989422,
            28.6232078
          ],
          [
            77.1988997,
            28.6232752
          ],
          [
            77.1987911,
            28.6234473
          ]
        ]
      }
    },
    {
      "type": "Feature",
      "id": "osm-24584426",
      "properties": {
        "osmid": 24584426,
        "name": "Local Corridor",
        "highway": "residential",
        "highwayCategory": "Galli / Local Lane",
        "isGalli": true
      },
      "geometry": {
        "type": "LineString",
        "coordinates": [
          [
            77.1998784,
            28.6204528
          ],
          [
            77.2002615,
            28.6204529
          ],
          [
            77.2009167,
            28.6204308
          ]
        ]
      }
    },
    {
      "type": "Feature",
      "id": "osm-24584500",
      "properties": {
        "osmid": 24584500,
        "name": "Local Corridor",
        "highway": "tertiary",
        "highwayCategory": "Municipal Thoroughfare",
        "isGalli": false
      },
      "geometry": {
        "type": "LineString",
        "coordinates": [
          [
            77.1972022,
            28.6177554
          ],
          [
            77.1972547,
            28.617902
          ],
          [
            77.1973428,
            28.6179912
          ],
          [
            77.1974929,
            28.6180574
          ],
          [
            77.1976493,
            28.6180638
          ],
          [
            77.197796,
            28.6180158
          ],
          [
            77.1979041,
            28.6179275
          ],
          [
            77.1979691,
            28.6177808
          ],
          [
            77.1979666,
            28.6176389
          ],
          [
            77.1978922,
            28.6175096
          ],
          [
            77.1977635,
            28.617419
          ],
          [
            77.1976409,
            28.6173859
          ],
          [
            77.1975127,
            28.6173895
          ],
          [
            77.1973927,
            28.6174294
          ],
          [
            77.197294,
            28.6175013
          ],
          [
            77.1972119,
            28.6176377
          ],
          [
            77.1972022,
            28.6177554
          ]
        ]
      }
    },
    {
      "type": "Feature",
      "id": "osm-24584501",
      "properties": {
        "osmid": 24584501,
        "name": "Church Road",
        "highway": "tertiary",
        "highwayCategory": "Municipal Thoroughfare",
        "isGalli": false
      },
      "geometry": {
        "type": "LineString",
        "coordinates": [
          [
            77.1979691,
            28.6177808
          ],
          [
            77.1981178,
            28.6177002
          ]
        ]
      }
    },
    {
      "type": "Feature",
      "id": "osm-24584502",
      "properties": {
        "osmid": 24584502,
        "name": "Church Road",
        "highway": "tertiary",
        "highwayCategory": "Municipal Thoroughfare",
        "isGalli": false
      },
      "geometry": {
        "type": "LineString",
        "coordinates": [
          [
            77.1981178,
            28.6177002
          ],
          [
            77.1979666,
            28.6176389
          ]
        ]
      }
    },
    {
      "type": "Feature",
      "id": "osm-24584503",
      "properties": {
        "osmid": 24584503,
        "name": "Local Corridor",
        "highway": "tertiary",
        "highwayCategory": "Municipal Thoroughfare",
        "isGalli": false
      },
      "geometry": {
        "type": "LineString",
        "coordinates": [
          [
            77.1972022,
            28.6177554
          ],
          [
            77.1964074,
            28.6177604
          ],
          [
            77.1954832,
            28.6178168
          ],
          [
            77.1950692,
            28.6178433
          ],
          [
            77.1947077,
            28.6178665
          ],
          [
            77.1943344,
            28.6178905
          ],
          [
            77.1939671,
            28.617914
          ],
          [
            77.1933804,
            28.6179235
          ],
          [
            77.191604,
            28.618953
          ]
        ]
      }
    },
    {
      "type": "Feature",
      "id": "osm-24584504",
      "properties": {
        "osmid": 24584504,
        "name": "Local Corridor",
        "highway": "residential",
        "highwayCategory": "Galli / Local Lane",
        "isGalli": true
      },
      "geometry": {
        "type": "LineString",
        "coordinates": [
          [
            77.1954832,
            28.6178168
          ],
          [
            77.1954955,
            28.6179721
          ],
          [
            77.1955531,
            28.6183542
          ],
          [
            77.1955763,
            28.6185477
          ],
          [
            77.1955747,
            28.6185824
          ],
          [
            77.1955472,
            28.6186147
          ]
        ]
      }
    },
    {
      "type": "Feature",
      "id": "osm-24584505",
      "properties": {
        "osmid": 24584505,
        "name": "Local Corridor",
        "highway": "residential",
        "highwayCategory": "Galli / Local Lane",
        "isGalli": true
      },
      "geometry": {
        "type": "LineString",
        "coordinates": [
          [
            77.1973428,
            28.6179912
          ],
          [
            77.1973069,
            28.6182146
          ]
        ]
      }
    },
    {
      "type": "Feature",
      "id": "osm-24584506",
      "properties": {
        "osmid": 24584506,
        "name": "Local Corridor",
        "highway": "residential",
        "highwayCategory": "Galli / Local Lane",
        "isGalli": true
      },
      "geometry": {
        "type": "LineString",
        "coordinates": [
          [
            77.1973069,
            28.6182146
          ],
          [
            77.1974929,
            28.6180574
          ]
        ]
      }
    },
    {
      "type": "Feature",
      "id": "osm-24584507",
      "properties": {
        "osmid": 24584507,
        "name": "Local Corridor",
        "highway": "residential",
        "highwayCategory": "Galli / Local Lane",
        "isGalli": true
      },
      "geometry": {
        "type": "LineString",
        "coordinates": [
          [
            77.1973069,
            28.6182146
          ],
          [
            77.196728,
            28.6191632
          ],
          [
            77.1960199,
            28.620474
          ]
        ]
      }
    },
    {
      "type": "Feature",
      "id": "osm-24584508",
      "properties": {
        "osmid": 24584508,
        "name": "Local Corridor",
        "highway": "residential",
        "highwayCategory": "Galli / Local Lane",
        "isGalli": true
      },
      "geometry": {
        "type": "LineString",
        "coordinates": [
          [
            77.1960199,
            28.620474
          ],
          [
            77.1958811,
            28.6204361
          ],
          [
            77.1957402,
            28.6204674
          ],
          [
            77.1956385,
            28.6205585
          ],
          [
            77.1956059,
            28.6206829
          ],
          [
            77.195652,
            28.6208039
          ],
          [
            77.1957632,
            28.6208861
          ],
          [
            77.1958935,
            28.6209064
          ],
          [
            77.1960191,
            28.6208696
          ],
          [
            77.1961093,
            28.6207845
          ],
          [
            77.1961422,
            28.620672
          ],
          [
            77.1961097,
            28.6205593
          ],
          [
            77.1960199,
            28.620474
          ]
        ]
      }
    },
    {
      "type": "Feature",
      "id": "osm-24584509",
      "properties": {
        "osmid": 24584509,
        "name": "Local Corridor",
        "highway": "residential",
        "highwayCategory": "Galli / Local Lane",
        "isGalli": true
      },
      "geometry": {
        "type": "LineString",
        "coordinates": [
          [
            77.1957632,
            28.6208861
          ],
          [
            77.1952377,
            28.6218325
          ]
        ]
      }
    },
    {
      "type": "Feature",
      "id": "osm-24584510",
      "properties": {
        "osmid": 24584510,
        "name": "Local Corridor",
        "highway": "residential",
        "highwayCategory": "Galli / Local Lane",
        "isGalli": true
      },
      "geometry": {
        "type": "LineString",
        "coordinates": [
          [
            77.197796,
            28.6180158
          ],
          [
            77.1983266,
            28.6187192
          ],
          [
            77.1983595,
            28.6188608
          ],
          [
            77.1983546,
            28.6189726
          ]
        ]
      }
    },
    {
      "type": "Feature",
      "id": "osm-24584511",
      "properties": {
        "osmid": 24584511,
        "name": "Local Corridor",
        "highway": "residential",
        "highwayCategory": "Galli / Local Lane",
        "isGalli": true
      },
      "geometry": {
        "type": "LineString",
        "coordinates": [
          [
            77.1959553,
            28.6188817
          ],
          [
            77.1959777,
            28.6188696
          ],
          [
            77.1960059,
            28.6188632
          ],
          [
            77.1960696,
            28.6188767
          ],
          [
            77.1962896,
            28.6189606
          ],
          [
            77.196728,
            28.6191632
          ],
          [
            77.1975045,
            28.6195042
          ],
          [
            77.1979724,
            28.6197135
          ],
          [
            77.1980229,
            28.6197402
          ],
          [
            77.1980407,
            28.6197582
          ],
          [
            77.1980541,
            28.6197834
          ],
          [
            77.1981295,
            28.6210977
          ],
          [
            77.1981499,
            28.62146
          ],
          [
            77.1981168,
            28.6215967
          ],
          [
            77.1980131,
            28.6217784
          ],
          [
            77.1978862,
            28.6220006
          ],
          [
            77.197819,
            28.6221182
          ],
          [
            77.1977003,
            28.6223263
          ],
          [
            77.1976001,
            28.6225017
          ],
          [
            77.1975911,
            28.6225179
          ],
          [
            77.1974312,
            28.622805
          ]
        ]
      }
    },
    {
      "type": "Feature",
      "id": "osm-24584512",
      "properties": {
        "osmid": 24584512,
        "name": "Local Corridor",
        "highway": "residential",
        "highwayCategory": "Galli / Local Lane",
        "isGalli": true
      },
      "geometry": {
        "type": "LineString",
        "coordinates": [
          [
            77.1975045,
            28.6195042
          ],
          [
            77.1967597,
            28.6208586
          ],
          [
            77.1963334,
            28.621634
          ],
          [
            77.1962122,
            28.6218543
          ]
        ]
      }
    },
    {
      "type": "Feature",
      "id": "osm-24617971",
      "properties": {
        "osmid": 24617971,
        "name": "Local Corridor",
        "highway": "secondary",
        "highwayCategory": "Municipal Thoroughfare",
        "isGalli": false
      },
      "geometry": {
        "type": "LineString",
        "coordinates": [
          [
            77.1927619,
            28.6024626
          ],
          [
            77.19282,
            28.6025138
          ],
          [
            77.1928865,
            28.6025564
          ],
          [
            77.1929596,
            28.6025895
          ],
          [
            77.1930377,
            28.6026122
          ],
          [
            77.1931124,
            28.6026236
          ],
          [
            77.1931881,
            28.6026255
          ],
          [
            77.1932634,
            28.602618
          ],
          [
            77.1933367,
            28.6026012
          ],
          [
            77.1934065,
            28.6025753
          ],
          [
            77.1934714,
            28.602541
          ],
          [
            77.1935301,
            28.602499
          ],
          [
            77.1935814,
            28.60245
          ]
        ]
      }
    },
    {
      "type": "Feature",
      "id": "osm-24617972",
      "properties": {
        "osmid": 24617972,
        "name": "Pandit Uma Shankar Dikshit Marg",
        "highway": "residential",
        "highwayCategory": "Galli / Local Lane",
        "isGalli": true
      },
      "geometry": {
        "type": "LineString",
        "coordinates": [
          [
            77.1930377,
            28.6026122
          ],
          [
            77.1929611,
            28.6029501
          ],
          [
            77.1928623,
            28.6033426
          ],
          [
            77.192644,
            28.6040974
          ],
          [
            77.1926478,
            28.6041464
          ],
          [
            77.1926903,
            28.6041856
          ],
          [
            77.1928903,
            28.6042052
          ],
          [
            77.1932816,
            28.6042161
          ],
          [
            77.1935818,
            28.604203
          ],
          [
            77.1938232,
            28.6041589
          ],
          [
            77.1940452,
            28.6040905
          ],
          [
            77.1943899,
            28.6039344
          ],
          [
            77.1946128,
            28.6038116
          ],
          [
            77.1947863,
            28.6036765
          ],
          [
            77.1949271,
            28.6035208
          ],
          [
            77.1952503,
            28.6031466
          ],
          [
            77.1953097,
            28.6030722
          ]
        ]
      }
    },
    {
      "type": "Feature",
      "id": "osm-24617983",
      "properties": {
        "osmid": 24617983,
        "name": "Teen Murti Haifa Chowk",
        "highway": "secondary",
        "highwayCategory": "Municipal Thoroughfare",
        "isGalli": false
      },
      "geometry": {
        "type": "LineString",
        "coordinates": [
          [
            77.1990379,
            28.6050908
          ],
          [
            77.1991416,
            28.6050482
          ],
          [
            77.1992299,
            28.6049842
          ],
          [
            77.1992971,
            28.6049028
          ],
          [
            77.1993493,
            28.6047597
          ],
          [
            77.1993373,
            28.6046099
          ],
          [
            77.1992765,
            28.6044917
          ],
          [
            77.1991758,
            28.6043971
          ],
          [
            77.1990774,
            28.6043465
          ],
          [
            77.1989676,
            28.6043191
          ],
          [
            77.1988536,
            28.6043167
          ],
          [
            77.198737,
            28.6043412
          ],
          [
            77.1986319,
            28.6043916
          ],
          [
            77.1985455,
            28.6044645
          ]
        ]
      }
    },
    {
      "type": "Feature",
      "id": "osm-24617991",
      "properties": {
        "osmid": 24617991,
        "name": "Kushak Road",
        "highway": "residential",
        "highwayCategory": "Galli / Local Lane",
        "isGalli": true
      },
      "geometry": {
        "type": "LineString",
        "coordinates": [
          [
            77.2036762,
            28.606885
          ],
          [
            77.2031749,
            28.606657
          ],
          [
            77.2026736,
            28.6064312
          ],
          [
            77.2021434,
            28.606193
          ],
          [
            77.2015856,
            28.6059422
          ],
          [
            77.2010822,
            28.6057161
          ],
          [
            77.2005151,
            28.6054679
          ],
          [
            77.1996788,
            28.6050778
          ],
          [
            77.1993873,
            28.6049439
          ],
          [
            77.1992971,
            28.6049028
          ]
        ]
      }
    },
    {
      "type": "Feature",
      "id": "osm-24617994",
      "properties": {
        "osmid": 24617994,
        "name": "Teen Murti Marg",
        "highway": "secondary",
        "highwayCategory": "Municipal Thoroughfare",
        "isGalli": false
      },
      "geometry": {
        "type": "LineString",
        "coordinates": [
          [
            77.1993373,
            28.6046099
          ],
          [
            77.1993627,
            28.6045287
          ],
          [
            77.1994048,
            28.6044526
          ],
          [
            77.1994902,
            28.6044
          ],
          [
            77.2000213,
            28.6041197
          ],
          [
            77.201023,
            28.6035221
          ],
          [
            77.2014794,
            28.6032608
          ],
          [
            77.202357,
            28.6027586
          ],
          [
            77.2033158,
            28.6021926
          ],
          [
            77.2041697,
            28.6017092
          ],
          [
            77.2044737,
            28.6015298
          ],
          [
            77.2045049,
            28.601514
          ],
          [
            77.2045984,
            28.6014786
          ],
          [
            77.2046562,
            28.6014751
          ],
          [
            77.2047201,
            28.6014784
          ]
        ]
      }
    },
    {
      "type": "Feature",
      "id": "osm-24618002",
      "properties": {
        "osmid": 24618002,
        "name": "Local Corridor",
        "highway": "secondary",
        "highwayCategory": "Municipal Thoroughfare",
        "isGalli": false
      },
      "geometry": {
        "type": "LineString",
        "coordinates": [
          [
            77.2056109,
            28.6105099
          ],
          [
            77.2055836,
            28.6105086
          ],
          [
            77.2054232,
            28.6105508
          ],
          [
            77.2053531,
            28.6105935
          ],
          [
            77.2052954,
            28.6106487
          ],
          [
            77.205253,
            28.6107137
          ],
          [
            77.2052278,
            28.6107852
          ],
          [
            77.2052212,
            28.6108599
          ],
          [
            77.2052385,
            28.6109497
          ],
          [
            77.2052823,
            28.6110322
          ],
          [
            77.205354,
            28.6111012
          ],
          [
            77.2054355,
            28.6111525
          ],
          [
            77.2055337,
            28.6111816
          ],
          [
            77.2056373,
            28.6111867
          ],
          [
            77.2057386,
            28.6111675
          ],
          [
            77.2058564,
            28.611123
          ],
          [
            77.205906,
            28.6110633
          ],
          [
            77.2059601,
            28.6109861
          ],
          [
            77.2059851,
            28.6109177
          ],
          [
            77.2059932,
            28.6108463
          ],
          [
            77.2059839,
            28.6107749
          ],
          [
            77.2059531,
            28.6106984
          ],
          [
            77.2059024,
            28.6106305
          ],
          [
            77.2058349,
            28.6105751
          ],
          [
            77.2057795,
            28.6105455
          ],
          [
            77.2057192,
            28.6105245
          ],
          [
            77.2056109,
            28.6105099
          ]
        ]
      }
    },
    {
      "type": "Feature",
      "id": "osm-24676122",
      "properties": {
        "osmid": 24676122,
        "name": "Govind Lal Sikka Marg",
        "highway": "tertiary",
        "highwayCategory": "Municipal Thoroughfare",
        "isGalli": false
      },
      "geometry": {
        "type": "LineString",
        "coordinates": [
          [
            77.1750492,
            28.6424974
          ],
          [
            77.1753316,
            28.6428386
          ],
          [
            77.1754297,
            28.6429572
          ],
          [
            77.1757944,
            28.643395
          ],
          [
            77.1761208,
            28.6438363
          ]
        ]
      }
    },
    {
      "type": "Feature",
      "id": "osm-24676133",
      "properties": {
        "osmid": 24676133,
        "name": "Balraj Khanna Marg",
        "highway": "residential",
        "highwayCategory": "Galli / Local Lane",
        "isGalli": true
      },
      "geometry": {
        "type": "LineString",
        "coordinates": [
          [
            77.1737626,
            28.6432632
          ],
          [
            77.1735194,
            28.643416
          ],
          [
            77.1730847,
            28.6436892
          ],
          [
            77.1726846,
            28.6439405
          ],
          [
            77.1724576,
            28.6440828
          ],
          [
            77.1721855,
            28.6442486
          ],
          [
            77.1715682,
            28.6446211
          ],
          [
            77.1714348,
            28.6447028
          ],
          [
            77.1712338,
            28.6448266
          ],
          [
            77.1709697,
            28.6449784
          ],
          [
            77.1707596,
            28.645102
          ],
          [
            77.1701459,
            28.6454631
          ],
          [
            77.1699096,
            28.6455975
          ]
        ]
      }
    },
    {
      "type": "Feature",
      "id": "osm-24676531",
      "properties": {
        "osmid": 24676531,
        "name": "Local Corridor",
        "highway": "residential",
        "highwayCategory": "Galli / Local Lane",
        "isGalli": true
      },
      "geometry": {
        "type": "LineString",
        "coordinates": [
          [
            77.1728979,
            28.6444683
          ],
          [
            77.17303,
            28.6443894
          ],
          [
            77.1730519,
            28.6443763
          ],
          [
            77.1738615,
            28.6438931
          ],
          [
            77.1738935,
            28.6438741
          ],
          [
            77.1741333,
            28.643731
          ],
          [
            77.1743693,
            28.6435901
          ]
        ]
      }
    },
    {
      "type": "Feature",
      "id": "osm-24676533",
      "properties": {
        "osmid": 24676533,
        "name": "W Patel Nagar Road",
        "highway": "residential",
        "highwayCategory": "Galli / Local Lane",
        "isGalli": true
      },
      "geometry": {
        "type": "LineString",
        "coordinates": [
          [
            77.1706352,
            28.6465053
          ],
          [
            77.1708524,
            28.6463736
          ],
          [
            77.1716646,
            28.6458813
          ],
          [
            77.1718793,
            28.6457511
          ],
          [
            77.1719302,
            28.6457177
          ],
          [
            77.1721495,
            28.6455873
          ],
          [
            77.172162,
            28.6455797
          ],
          [
            77.1724547,
            28.6454023
          ],
          [
            77.1728764,
            28.6451466
          ]
        ]
      }
    },
    {
      "type": "Feature",
      "id": "osm-24676535",
      "properties": {
        "osmid": 24676535,
        "name": "Bodhraj Kohli Marg",
        "highway": "residential",
        "highwayCategory": "Galli / Local Lane",
        "isGalli": true
      },
      "geometry": {
        "type": "LineString",
        "coordinates": [
          [
            77.1708116,
            28.6476981
          ],
          [
            77.1713184,
            28.6473953
          ],
          [
            77.1715243,
            28.6472707
          ],
          [
            77.1723572,
            28.6467637
          ],
          [
            77.1725694,
            28.6466317
          ],
          [
            77.1727985,
            28.6464921
          ],
          [
            77.1729268,
            28.646417
          ],
          [
            77.1731001,
            28.6463151
          ],
          [
            77.1731289,
            28.6462982
          ],
          [
            77.1731543,
            28.646283
          ],
          [
            77.173571,
            28.646033
          ],
          [
            77.1736612,
            28.6459789
          ],
          [
            77.1738445,
            28.645869
          ],
          [
            77.1738777,
            28.6458488
          ],
          [
            77.1740863,
            28.6457217
          ],
          [
            77.1741804,
            28.6456644
          ],
          [
            77.1745885,
            28.6454157
          ],
          [
            77.1747087,
            28.6453425
          ],
          [
            77.1749064,
            28.6452202
          ],
          [
            77.1749176,
            28.645214
          ],
          [
            77.1749503,
            28.6451953
          ],
          [
            77.1751612,
            28.6450709
          ],
          [
            77.175394,
            28.6449418
          ],
          [
            77.1762372,
            28.6444743
          ],
          [
            77.1764952,
            28.6443313
          ]
        ]
      }
    },
    {
      "type": "Feature",
      "id": "osm-24676551",
      "properties": {
        "osmid": 24676551,
        "name": "Local Corridor",
        "highway": "residential",
        "highwayCategory": "Galli / Local Lane",
        "isGalli": true
      },
      "geometry": {
        "type": "LineString",
        "coordinates": [
          [
            77.1706352,
            28.6465053
          ],
          [
            77.1707884,
            28.6467048
          ],
          [
            77.1709817,
            28.6469566
          ],
          [
            77.1711802,
            28.6472153
          ],
          [
            77.1713184,
            28.6473953
          ],
          [
            77.1716783,
            28.6478642
          ],
          [
            77.1718733,
            28.6481181
          ],
          [
            77.1720141,
            28.6483015
          ]
        ]
      }
    },
    {
      "type": "Feature",
      "id": "osm-24676573",
      "properties": {
        "osmid": 24676573,
        "name": "Govind Lal Sikka Marg",
        "highway": "tertiary",
        "highwayCategory": "Municipal Thoroughfare",
        "isGalli": false
      },
      "geometry": {
        "type": "LineString",
        "coordinates": [
          [
            77.1769287,
            28.6460807
          ],
          [
            77.1769758,
            28.6461449
          ],
          [
            77.1771049,
            28.6463206
          ],
          [
            77.1774421,
            28.6467797
          ],
          [
            77.1776053,
            28.6470018
          ],
          [
            77.1779314,
            28.6474458
          ],
          [
            77.1781047,
            28.6476817
          ],
          [
            77.1782842,
            28.6479261
          ],
          [
            77.1783284,
            28.6479895
          ],
          [
            77.1783666,
            28.6480316
          ],
          [
            77.1784211,
            28.6480775
          ],
          [
            77.1784819,
            28.6481108
          ],
          [
            77.1785313,
            28.6481252
          ],
          [
            77.1785782,
            28.6481299
          ],
          [
            77.1787756,
            28.6481469
          ],
          [
            77.1789853,
            28.6481553
          ],
          [
            77.1792669,
            28.6481613
          ],
          [
            77.1794645,
            28.648161
          ],
          [
            77.1796163,
            28.6481575
          ],
          [
            77.1797839,
            28.6481502
          ],
          [
            77.179862,
            28.6481414
          ],
          [
            77.1799481,
            28.6481158
          ],
          [
            77.1800393,
            28.6480397
          ],
          [
            77.1800655,
            28.6480222
          ],
          [
            77.1802899,
            28.647901
          ],
          [
            77.1803397,
            28.6478741
          ],
          [
            77.1806043,
            28.6477312
          ],
          [
            77.1815629,
            28.64716
          ],
          [
            77.181747,
            28.6471027
          ]
        ]
      }
    },
    {
      "type": "Feature",
      "id": "osm-25457965",
      "properties": {
        "osmid": 25457965,
        "name": "Mahatma Gandhi Marg",
        "highway": "primary",
        "highwayCategory": "Municipal Thoroughfare",
        "isGalli": false
      },
      "geometry": {
        "type": "LineString",
        "coordinates": [
          [
            77.2632471,
            28.5755322
          ],
          [
            77.262151,
            28.5748534
          ],
          [
            77.2616154,
            28.5745217
          ],
          [
            77.2610495,
            28.5741558
          ]
        ]
      }
    },
    {
      "type": "Feature",
      "id": "osm-25524672",
      "properties": {
        "osmid": 25524672,
        "name": "Mahatma Gandhi Marg",
        "highway": "primary",
        "highwayCategory": "Municipal Thoroughfare",
        "isGalli": false
      },
      "geometry": {
        "type": "LineString",
        "coordinates": [
          [
            77.2376856,
            28.5651849
          ],
          [
            77.2377415,
            28.5651811
          ],
          [
            77.2401737,
            28.5649483
          ],
          [
            77.2402952,
            28.5649438
          ],
          [
            77.2404451,
            28.5649431
          ],
          [
            77.2406647,
            28.5649452
          ],
          [
            77.2415678,
            28.5650029
          ],
          [
            77.2426083,
            28.5650535
          ]
        ]
      }
    },
    {
      "type": "Feature",
      "id": "osm-25744586",
      "properties": {
        "osmid": 25744586,
        "name": "Munirka Marg",
        "highway": "tertiary",
        "highwayCategory": "Municipal Thoroughfare",
        "isGalli": false
      },
      "geometry": {
        "type": "LineString",
        "coordinates": [
          [
            77.1573865,
            28.5610763
          ],
          [
            77.1573472,
            28.5609433
          ],
          [
            77.1573043,
            28.5607548
          ],
          [
            77.1572809,
            28.5606413
          ],
          [
            77.1572721,
            28.5605334
          ],
          [
            77.1572704,
            28.5604287
          ],
          [
            77.1572884,
            28.560074
          ],
          [
            77.1573115,
            28.5597352
          ],
          [
            77.1573199,
            28.5595866
          ],
          [
            77.1573298,
            28.5595168
          ],
          [
            77.1573474,
            28.5594403
          ],
          [
            77.1573703,
            28.5593508
          ],
          [
            77.1574091,
            28.5592623
          ],
          [
            77.1574587,
            28.5591852
          ],
          [
            77.1575116,
            28.5591067
          ],
          [
            77.1575388,
            28.5590693
          ],
          [
            77.1575587,
            28.5590418
          ],
          [
            77.1576024,
            28.5589821
          ],
          [
            77.1577606,
            28.5588173
          ],
          [
            77.1577998,
            28.5587874
          ],
          [
            77.1578563,
            28.5587477
          ],
          [
            77.157925,
            28.5587081
          ],
          [
            77.1579884,
            28.5586835
          ],
          [
            77.1583908,
            28.5585406
          ],
          [
            77.1587323,
            28.5584465
          ],
          [
            77.1591241,
            28.5583533
          ],
          [
            77.1595636,
            28.5582533
          ],
          [
            77.1596668,
            28.5582356
          ],
          [
            77.1598269,
            28.5582087
          ],
          [
            77.1599914,
            28.5581847
          ],
          [
            77.160163,
            28.5581593
          ],
          [
            77.1603448,
            28.5581413
          ]
        ]
      }
    },
    {
      "type": "Feature",
      "id": "osm-25744598",
      "properties": {
        "osmid": 25744598,
        "name": "Local Corridor",
        "highway": "tertiary",
        "highwayCategory": "Municipal Thoroughfare",
        "isGalli": false
      },
      "geometry": {
        "type": "LineString",
        "coordinates": [
          [
            77.1749531,
            28.580619
          ],
          [
            77.1749977,
            28.5805478
          ],
          [
            77.1750514,
            28.5804619
          ],
          [
            77.1753104,
            28.580048
          ],
          [
            77.1754291,
            28.5798583
          ],
          [
            77.1757343,
            28.5793706
          ],
          [
            77.1758306,
            28.5792166
          ],
          [
            77.1761308,
            28.5787368
          ]
        ]
      }
    },
    {
      "type": "Feature",
      "id": "osm-25744600",
      "properties": {
        "osmid": 25744600,
        "name": "Local Corridor",
        "highway": "tertiary",
        "highwayCategory": "Municipal Thoroughfare",
        "isGalli": false
      },
      "geometry": {
        "type": "LineString",
        "coordinates": [
          [
            77.1776301,
            28.5756434
          ],
          [
            77.1773946,
            28.5758882
          ],
          [
            77.1766023,
            28.5772494
          ],
          [
            77.1762188,
            28.5779209
          ]
        ]
      }
    },
    {
      "type": "Feature",
      "id": "osm-25744606",
      "properties": {
        "osmid": 25744606,
        "name": "Govind Lal Sikka Marg",
        "highway": "tertiary",
        "highwayCategory": "Municipal Thoroughfare",
        "isGalli": false
      },
      "geometry": {
        "type": "LineString",
        "coordinates": [
          [
            77.1748966,
            28.6421377
          ],
          [
            77.1748867,
            28.6421216
          ],
          [
            77.1747777,
            28.6419756
          ]
        ]
      }
    },
    {
      "type": "Feature",
      "id": "osm-25744612",
      "properties": {
        "osmid": 25744612,
        "name": "Nelson Mandela Marg",
        "highway": "primary",
        "highwayCategory": "Municipal Thoroughfare",
        "isGalli": false
      },
      "geometry": {
        "type": "LineString",
        "coordinates": [
          [
            77.1663864,
            28.5546125
          ],
          [
            77.1664144,
            28.5549906
          ],
          [
            77.1664537,
            28.5551438
          ],
          [
            77.1664959,
            28.5552275
          ],
          [
            77.1665495,
            28.5553007
          ],
          [
            77.1672428,
            28.5559566
          ],
          [
            77.1679467,
            28.5566226
          ],
          [
            77.1684459,
            28.5570949
          ],
          [
            77.1685776,
            28.5572195
          ],
          [
            77.1687578,
            28.5573977
          ],
          [
            77.1688311,
            28.5574702
          ],
          [
            77.1688712,
            28.5575059
          ],
          [
            77.1691308,
            28.5577422
          ],
          [
            77.1696362,
            28.5582021
          ],
          [
            77.1710004,
            28.5593895
          ]
        ]
      }
    },
    {
      "type": "Feature",
      "id": "osm-25865019",
      "properties": {
        "osmid": 25865019,
        "name": "A-11",
        "highway": "residential",
        "highwayCategory": "Galli / Local Lane",
        "isGalli": true
      },
      "geometry": {
        "type": "LineString",
        "coordinates": [
          [
            77.1633004,
            28.5651461
          ],
          [
            77.1634686,
            28.5649312
          ],
          [
            77.1635692,
            28.5648027
          ],
          [
            77.1636929,
            28.5646245
          ],
          [
            77.1638058,
            28.5644481
          ],
          [
            77.1638521,
            28.5643549
          ],
          [
            77.1638863,
            28.5642617
          ],
          [
            77.1639592,
            28.5640517
          ],
          [
            77.1640149,
            28.5638511
          ],
          [
            77.1640302,
            28.5637978
          ],
          [
            77.1641263,
            28.5634275
          ],
          [
            77.1641761,
            28.5632411
          ],
          [
            77.1642218,
            28.5630103
          ],
          [
            77.1642827,
            28.5627471
          ],
          [
            77.1643772,
            28.5622971
          ],
          [
            77.1644363,
            28.5620158
          ],
          [
            77.1644868,
            28.5617248
          ],
          [
            77.1645778,
            28.5612576
          ]
        ]
      }
    },
    {
      "type": "Feature",
      "id": "osm-25865021",
      "properties": {
        "osmid": 25865021,
        "name": "Amar Shahid Babu Genu Marg",
        "highway": "tertiary",
        "highwayCategory": "Municipal Thoroughfare",
        "isGalli": false
      },
      "geometry": {
        "type": "LineString",
        "coordinates": [
          [
            77.1685162,
            28.5750969
          ],
          [
            77.1685607,
            28.5749885
          ],
          [
            77.1686294,
            28.5748176
          ],
          [
            77.168824,
            28.5743341
          ],
          [
            77.1689888,
            28.5739246
          ],
          [
            77.169045,
            28.573785
          ],
          [
            77.1690991,
            28.5736506
          ],
          [
            77.1691322,
            28.5735684
          ],
          [
            77.169266,
            28.5732361
          ],
          [
            77.1693006,
            28.5731501
          ],
          [
            77.1694408,
            28.5727803
          ],
          [
            77.1695916,
            28.5723825
          ],
          [
            77.1696167,
            28.5723026
          ],
          [
            77.1697629,
            28.5719306
          ],
          [
            77.1699134,
            28.5715492
          ],
          [
            77.1699687,
            28.5713923
          ],
          [
            77.1699914,
            28.571328
          ],
          [
            77.1700398,
            28.5711918
          ],
          [
            77.1700686,
            28.5711107
          ],
          [
            77.1700851,
            28.5710642
          ]
        ]
      }
    },
    {
      "type": "Feature",
      "id": "osm-26582635",
      "properties": {
        "osmid": 26582635,
        "name": "Jawaharlal Nehru Marg",
        "highway": "secondary",
        "highwayCategory": "Municipal Thoroughfare",
        "isGalli": false
      },
      "geometry": {
        "type": "LineString",
        "coordinates": [
          [
            77.2419506,
            28.6401722
          ],
          [
            77.2428227,
            28.6399454
          ],
          [
            77.2429118,
            28.6399203
          ],
          [
            77.24331,
            28.6398394
          ],
          [
            77.2440359,
            28.6397493
          ],
          [
            77.244217,
            28.6397391
          ],
          [
            77.2443579,
            28.6397276
          ],
          [
            77.2458679,
            28.6396666
          ],
          [
            77.2462859,
            28.6396558
          ],
          [
            77.2466408,
            28.6396397
          ],
          [
            77.2467303,
            28.6396356
          ],
          [
            77.2469534,
            28.6395993
          ]
        ]
      }
    },
    {
      "type": "Feature",
      "id": "osm-26597983",
      "properties": {
        "osmid": 26597983,
        "name": "Baba Shrichand Marg",
        "highway": "tertiary",
        "highwayCategory": "Municipal Thoroughfare",
        "isGalli": false
      },
      "geometry": {
        "type": "LineString",
        "coordinates": [
          [
            77.1900194,
            28.5240353
          ],
          [
            77.1897798,
            28.5240781
          ],
          [
            77.1887456,
            28.524278
          ],
          [
            77.1884895,
            28.524345
          ],
          [
            77.1883376,
            28.5244399
          ],
          [
            77.188138,
            28.5246612
          ],
          [
            77.1881062,
            28.5246962
          ],
          [
            77.1878035,
            28.5250373
          ],
          [
            77.1876105,
            28.5252208
          ],
          [
            77.1875704,
            28.5252575
          ],
          [
            77.1873956,
            28.5254226
          ],
          [
            77.1873497,
            28.5254726
          ],
          [
            77.1873257,
            28.525505
          ],
          [
            77.1873067,
            28.5255307
          ]
        ]
      }
    },
    {
      "type": "Feature",
      "id": "osm-26597984",
      "properties": {
        "osmid": 26597984,
        "name": "Kalka Das Marg",
        "highway": "tertiary",
        "highwayCategory": "Municipal Thoroughfare",
        "isGalli": false
      },
      "geometry": {
        "type": "LineString",
        "coordinates": [
          [
            77.1822527,
            28.5227582
          ],
          [
            77.1822817,
            28.5227877
          ],
          [
            77.182314,
            28.5228276
          ],
          [
            77.182385,
            28.5229453
          ],
          [
            77.1825055,
            28.5231478
          ],
          [
            77.182726,
            28.5234834
          ],
          [
            77.1828915,
            28.5236906
          ],
          [
            77.1830417,
            28.5238529
          ],
          [
            77.1832647,
            28.5240518
          ],
          [
            77.183448,
            28.524193
          ],
          [
            77.1842192,
            28.5246835
          ],
          [
            77.1843098,
            28.5247522
          ],
          [
            77.1843745,
            28.5248173
          ],
          [
            77.184419,
            28.5249085
          ],
          [
            77.1844264,
            28.5249995
          ],
          [
            77.1844175,
            28.5251194
          ],
          [
            77.1843445,
            28.5258619
          ],
          [
            77.1843324,
            28.5259721
          ],
          [
            77.1843365,
            28.5260519
          ],
          [
            77.1843584,
            28.5261688
          ]
        ]
      }
    },
    {
      "type": "Feature",
      "id": "osm-26662836",
      "properties": {
        "osmid": 26662836,
        "name": "Local Corridor",
        "highway": "residential",
        "highwayCategory": "Galli / Local Lane",
        "isGalli": true
      },
      "geometry": {
        "type": "LineString",
        "coordinates": [
          [
            77.2043711,
            28.5698324
          ],
          [
            77.2044214,
            28.5698294
          ],
          [
            77.2062785,
            28.5697406
          ]
        ]
      }
    },
    {
      "type": "Feature",
      "id": "osm-26662843",
      "properties": {
        "osmid": 26662843,
        "name": "Local Corridor",
        "highway": "service",
        "highwayCategory": "Galli / Local Lane",
        "isGalli": true
      },
      "geometry": {
        "type": "LineString",
        "coordinates": [
          [
            77.2199761,
            28.5689348
          ],
          [
            77.2199828,
            28.569025
          ],
          [
            77.2200071,
            28.5694468
          ],
          [
            77.2200165,
            28.5694762
          ],
          [
            77.2200481,
            28.5694845
          ],
          [
            77.2206029,
            28.569454
          ],
          [
            77.2205767,
            28.5690097
          ],
          [
            77.2205695,
            28.5689133
          ]
        ]
      }
    },
    {
      "type": "Feature",
      "id": "osm-26664709",
      "properties": {
        "osmid": 26664709,
        "name": "Deepak Jolly Road",
        "highway": "residential",
        "highwayCategory": "Galli / Local Lane",
        "isGalli": true
      },
      "geometry": {
        "type": "LineString",
        "coordinates": [
          [
            77.2109716,
            28.5378426
          ],
          [
            77.2112604,
            28.5376402
          ],
          [
            77.2115051,
            28.5374598
          ],
          [
            77.2115414,
            28.5374331
          ],
          [
            77.211802,
            28.5372323
          ],
          [
            77.2120346,
            28.5370713
          ],
          [
            77.2122268,
            28.5369218
          ]
        ]
      }
    },
    {
      "type": "Feature",
      "id": "osm-26664710",
      "properties": {
        "osmid": 26664710,
        "name": "Local Corridor",
        "highway": "residential",
        "highwayCategory": "Galli / Local Lane",
        "isGalli": true
      },
      "geometry": {
        "type": "LineString",
        "coordinates": [
          [
            77.2093695,
            28.536253
          ],
          [
            77.2093955,
            28.5362318
          ],
          [
            77.2094399,
            28.5361958
          ],
          [
            77.2099134,
            28.5358035
          ],
          [
            77.210331,
            28.5354576
          ],
          [
            77.2105249,
            28.5353245
          ]
        ]
      }
    },
    {
      "type": "Feature",
      "id": "osm-26664726",
      "properties": {
        "osmid": 26664726,
        "name": "Mehrauli Badarpur Road",
        "highway": "primary",
        "highwayCategory": "Municipal Thoroughfare",
        "isGalli": false
      },
      "geometry": {
        "type": "LineString",
        "coordinates": [
          [
            77.2025643,
            28.5205769
          ],
          [
            77.2026736,
            28.520552
          ],
          [
            77.2028663,
            28.5205154
          ],
          [
            77.2037672,
            28.5203311
          ],
          [
            77.203884,
            28.5203055
          ],
          [
            77.2039891,
            28.5202816
          ],
          [
            77.204744,
            28.5201139
          ],
          [
            77.2052774,
            28.5200122
          ],
          [
            77.2054473,
            28.5199988
          ],
          [
            77.2058194,
            28.5199299
          ],
          [
            77.2058523,
            28.5199223
          ]
        ]
      }
    },
    {
      "type": "Feature",
      "id": "osm-26664728",
      "properties": {
        "osmid": 26664728,
        "name": "Local Corridor",
        "highway": "tertiary",
        "highwayCategory": "Municipal Thoroughfare",
        "isGalli": false
      },
      "geometry": {
        "type": "LineString",
        "coordinates": [
          [
            77.216756,
            28.5691124
          ],
          [
            77.2172431,
            28.5690634
          ],
          [
            77.2186062,
            28.5689887
          ],
          [
            77.2196881,
            28.5689491
          ],
          [
            77.2199761,
            28.5689348
          ],
          [
            77.2205695,
            28.5689133
          ],
          [
            77.2209642,
            28.5688989
          ]
        ]
      }
    },
    {
      "type": "Feature",
      "id": "osm-26664731",
      "properties": {
        "osmid": 26664731,
        "name": "Local Corridor",
        "highway": "residential",
        "highwayCategory": "Galli / Local Lane",
        "isGalli": true
      },
      "geometry": {
        "type": "LineString",
        "coordinates": [
          [
            77.2238986,
            28.5708391
          ],
          [
            77.2235985,
            28.5710705
          ],
          [
            77.2233889,
            28.5711818
          ],
          [
            77.2231098,
            28.5712828
          ],
          [
            77.2230224,
            28.5713291
          ],
          [
            77.2227135,
            28.5714791
          ],
          [
            77.2223187,
            28.5716373
          ],
          [
            77.2222657,
            28.5716708
          ],
          [
            77.2221985,
            28.5717547
          ],
          [
            77.2217845,
            28.5722711
          ]
        ]
      }
    },
    {
      "type": "Feature",
      "id": "osm-26664737",
      "properties": {
        "osmid": 26664737,
        "name": "Local Corridor",
        "highway": "secondary_link",
        "highwayCategory": "Galli / Local Lane",
        "isGalli": true
      },
      "geometry": {
        "type": "LineString",
        "coordinates": [
          [
            77.2119229,
            28.5795574
          ],
          [
            77.2118292,
            28.5792937
          ],
          [
            77.2117825,
            28.579154
          ],
          [
            77.2116904,
            28.5788689
          ],
          [
            77.2116554,
            28.5786547
          ],
          [
            77.2116624,
            28.5784278
          ],
          [
            77.2116793,
            28.5783285
          ],
          [
            77.2116764,
            28.5782346
          ],
          [
            77.2116414,
            28.5781457
          ],
          [
            77.2115812,
            28.5780547
          ],
          [
            77.2112731,
            28.5778096
          ],
          [
            77.2111205,
            28.5776766
          ],
          [
            77.210825,
            28.5773814
          ],
          [
            77.2107964,
            28.5773481
          ],
          [
            77.2106651,
            28.5771949
          ]
        ]
      }
    },
    {
      "type": "Feature",
      "id": "osm-26664738",
      "properties": {
        "osmid": 26664738,
        "name": "Local Corridor",
        "highway": "residential",
        "highwayCategory": "Galli / Local Lane",
        "isGalli": true
      },
      "geometry": {
        "type": "LineString",
        "coordinates": [
          [
            77.2044214,
            28.5698294
          ],
          [
            77.2044418,
            28.570209
          ],
          [
            77.2044677,
            28.570585
          ],
          [
            77.2044909,
            28.5708895
          ],
          [
            77.2045666,
            28.571973
          ],
          [
            77.2046044,
            28.5725953
          ],
          [
            77.2046454,
            28.5726708
          ],
          [
            77.2047137,
            28.5727205
          ],
          [
            77.2047826,
            28.5727535
          ],
          [
            77.2049025,
            28.5727759
          ],
          [
            77.2056699,
            28.5727457
          ],
          [
            77.2060895,
            28.5727292
          ],
          [
            77.2065326,
            28.5727117
          ],
          [
            77.2069565,
            28.572695
          ],
          [
            77.207251,
            28.5726834
          ],
          [
            77.2080898,
            28.5726434
          ],
          [
            77.2081344,
            28.5726413
          ],
          [
            77.2084299,
            28.5726272
          ],
          [
            77.2084541,
            28.572626
          ],
          [
            77.2085991,
            28.5726191
          ],
          [
            77.2087887,
            28.5726095
          ],
          [
            77.2088826,
            28.5726047
          ],
          [
            77.2090946,
            28.5725939
          ]
        ]
      }
    },
    {
      "type": "Feature",
      "id": "osm-27422249",
      "properties": {
        "osmid": 27422249,
        "name": "Rajaji Marg",
        "highway": "secondary",
        "highwayCategory": "Municipal Thoroughfare",
        "isGalli": false
      },
      "geometry": {
        "type": "LineString",
        "coordinates": [
          [
            77.205387,
            28.6064516
          ],
          [
            77.205359,
            28.6060594
          ],
          [
            77.2053255,
            28.6054768
          ],
          [
            77.205318,
            28.6053465
          ],
          [
            77.2053022,
            28.6050101
          ],
          [
            77.2051766,
            28.6029878
          ],
          [
            77.205168,
            28.6028283
          ],
          [
            77.2051175,
            28.6020589
          ],
          [
            77.2051017,
            28.6017912
          ],
          [
            77.2050997,
            28.6016583
          ],
          [
            77.2051135,
            28.6016132
          ],
          [
            77.2051447,
            28.601559
          ]
        ]
      }
    },
    {
      "type": "Feature",
      "id": "osm-27422252",
      "properties": {
        "osmid": 27422252,
        "name": "Local Corridor",
        "highway": "secondary",
        "highwayCategory": "Municipal Thoroughfare",
        "isGalli": false
      },
      "geometry": {
        "type": "LineString",
        "coordinates": [
          [
            77.2054183,
            28.6010402
          ],
          [
            77.205303,
            28.6008952
          ],
          [
            77.2052465,
            28.6008619
          ],
          [
            77.2050656,
            28.6008042
          ],
          [
            77.204993,
            28.6008025
          ],
          [
            77.2048783,
            28.6008201
          ],
          [
            77.2047764,
            28.6008614
          ],
          [
            77.2046897,
            28.600924
          ],
          [
            77.2046199,
            28.60101
          ],
          [
            77.2045792,
            28.6011094
          ],
          [
            77.2045706,
            28.6012146
          ],
          [
            77.2045946,
            28.6013181
          ],
          [
            77.2046349,
            28.6013924
          ],
          [
            77.2046921,
            28.6014576
          ],
          [
            77.2047201,
            28.6014784
          ],
          [
            77.2048387,
            28.6015464
          ],
          [
            77.2049201,
            28.6015689
          ],
          [
            77.2050331,
            28.6015767
          ],
          [
            77.2051447,
            28.601559
          ],
          [
            77.2052475,
            28.6015169
          ],
          [
            77.2053428,
            28.6014453
          ],
          [
            77.2053465,
            28.6014404
          ],
          [
            77.2054113,
            28.601353
          ],
          [
            77.2054475,
            28.6012475
          ],
          [
            77.2054491,
            28.6011421
          ],
          [
            77.2054183,
            28.6010402
          ]
        ]
      }
    },
    {
      "type": "Feature",
      "id": "osm-27422253",
      "properties": {
        "osmid": 27422253,
        "name": "Rotary Number 32",
        "highway": "secondary",
        "highwayCategory": "Municipal Thoroughfare",
        "isGalli": false
      },
      "geometry": {
        "type": "LineString",
        "coordinates": [
          [
            77.2058778,
            28.6076758
          ],
          [
            77.2058829,
            28.607604
          ],
          [
            77.2058732,
            28.6075325
          ],
          [
            77.2058489,
            28.6074638
          ],
          [
            77.2058108,
            28.6074
          ],
          [
            77.2057602,
            28.6073434
          ],
          [
            77.2056988,
            28.6072957
          ],
          [
            77.2056285,
            28.6072586
          ],
          [
            77.2055518,
            28.6072333
          ],
          [
            77.2055185,
            28.607228
          ],
          [
            77.2054711,
            28.6072205
          ],
          [
            77.2053891,
            28.6072208
          ],
          [
            77.2052979,
            28.6072369
          ],
          [
            77.2052123,
            28.6072691
          ],
          [
            77.2051361,
            28.607316
          ],
          [
            77.2050725,
            28.6073756
          ],
          [
            77.2050242,
            28.6074454
          ],
          [
            77.2049932,
            28.6075224
          ],
          [
            77.2049809,
            28.6076034
          ],
          [
            77.2049877,
            28.6076849
          ],
          [
            77.204996,
            28.6077269
          ]
        ]
      }
    },
    {
      "type": "Feature",
      "id": "osm-27422255",
      "properties": {
        "osmid": 27422255,
        "name": "Local Corridor",
        "highway": "secondary_link",
        "highwayCategory": "Galli / Local Lane",
        "isGalli": true
      },
      "geometry": {
        "type": "LineString",
        "coordinates": [
          [
            77.1803866,
            28.6235362
          ],
          [
            77.1803877,
            28.6237519
          ],
          [
            77.1803878,
            28.6237667
          ],
          [
            77.180387,
            28.6237974
          ]
        ]
      }
    },
    {
      "type": "Feature",
      "id": "osm-27422256",
      "properties": {
        "osmid": 27422256,
        "name": "JC Bose Marg",
        "highway": "service",
        "highwayCategory": "Galli / Local Lane",
        "isGalli": true
      },
      "geometry": {
        "type": "LineString",
        "coordinates": [
          [
            77.1836269,
            28.5473849
          ],
          [
            77.1835091,
            28.5471634
          ],
          [
            77.1830815,
            28.546359
          ]
        ]
      }
    },
    {
      "type": "Feature",
      "id": "osm-27422257",
      "properties": {
        "osmid": 27422257,
        "name": "SIT Road",
        "highway": "service",
        "highwayCategory": "Galli / Local Lane",
        "isGalli": true
      },
      "geometry": {
        "type": "LineString",
        "coordinates": [
          [
            77.1902391,
            28.5468599
          ],
          [
            77.190218,
            28.5468431
          ],
          [
            77.1902033,
            28.5468175
          ],
          [
            77.1902009,
            28.5467869
          ],
          [
            77.1902257,
            28.5465265
          ],
          [
            77.1902351,
            28.5464771
          ],
          [
            77.1902529,
            28.5464134
          ],
          [
            77.190278,
            28.5463428
          ],
          [
            77.1906815,
            28.5453915
          ],
          [
            77.1907164,
            28.5453101
          ],
          [
            77.1908779,
            28.5449735
          ],
          [
            77.1909642,
            28.5447891
          ],
          [
            77.1910217,
            28.5446287
          ],
          [
            77.191082,
            28.5444089
          ],
          [
            77.1911068,
            28.5442752
          ]
        ]
      }
    },
    {
      "type": "Feature",
      "id": "osm-27422260",
      "properties": {
        "osmid": 27422260,
        "name": "JC Bose Marg",
        "highway": "service",
        "highwayCategory": "Galli / Local Lane",
        "isGalli": true
      },
      "geometry": {
        "type": "LineString",
        "coordinates": [
          [
            77.1845697,
            28.5491232
          ],
          [
            77.1847165,
            28.5494033
          ],
          [
            77.1848705,
            28.5496964
          ],
          [
            77.1848868,
            28.5497274
          ],
          [
            77.1849659,
            28.549864
          ],
          [
            77.1849927,
            28.5499028
          ]
        ]
      }
    },
    {
      "type": "Feature",
      "id": "osm-27422282",
      "properties": {
        "osmid": 27422282,
        "name": "Nelson Mandela Marg",
        "highway": "primary",
        "highwayCategory": "Municipal Thoroughfare",
        "isGalli": false
      },
      "geometry": {
        "type": "LineString",
        "coordinates": [
          [
            77.1689506,
            28.5574417
          ],
          [
            77.1688911,
            28.5573834
          ],
          [
            77.1677343,
            28.5562651
          ],
          [
            77.1673127,
            28.5558592
          ],
          [
            77.1668432,
            28.5554036
          ],
          [
            77.1666499,
            28.5552168
          ],
          [
            77.1666209,
            28.5551779
          ],
          [
            77.1665888,
            28.5550962
          ],
          [
            77.1665511,
            28.5549639
          ],
          [
            77.1665169,
            28.5546438
          ],
          [
            77.1665111,
            28.5545897
          ],
          [
            77.1664856,
            28.5543816
          ],
          [
            77.1663908,
            28.5536087
          ],
          [
            77.1663774,
            28.5534991
          ],
          [
            77.1663688,
            28.5534323
          ]
        ]
      }
    },
    {
      "type": "Feature",
      "id": "osm-28103660",
      "properties": {
        "osmid": 28103660,
        "name": "Bhairon Marg",
        "highway": "secondary",
        "highwayCategory": "Municipal Thoroughfare",
        "isGalli": false
      },
      "geometry": {
        "type": "LineString",
        "coordinates": [
          [
            77.240186,
            28.6128415
          ],
          [
            77.2403139,
            28.612835
          ],
          [
            77.2414971,
            28.6127753
          ],
          [
            77.2416295,
            28.612774
          ],
          [
            77.2421827,
            28.6127474
          ],
          [
            77.2426991,
            28.6127226
          ],
          [
            77.2429494,
            28.6127228
          ],
          [
            77.2430686,
            28.6127151
          ],
          [
            77.243106,
            28.6127127
          ],
          [
            77.2431313,
            28.612711
          ],
          [
            77.2433924,
            28.6126133
          ],
          [
            77.2438551,
            28.6125647
          ],
          [
            77.2444404,
            28.6125347
          ],
          [
            77.2455985,
            28.6124752
          ],
          [
            77.2459867,
            28.6124918
          ],
          [
            77.2463589,
            28.6125077
          ],
          [
            77.2465819,
            28.6124968
          ],
          [
            77.2468378,
            28.612449
          ],
          [
            77.247069,
            28.6123657
          ],
          [
            77.2472394,
            28.6123013
          ],
          [
            77.2472844,
            28.6122374
          ]
        ]
      }
    },
    {
      "type": "Feature",
      "id": "osm-28103794",
      "properties": {
        "osmid": 28103794,
        "name": "Vivekanand Marg",
        "highway": "secondary",
        "highwayCategory": "Municipal Thoroughfare",
        "isGalli": false
      },
      "geometry": {
        "type": "LineString",
        "coordinates": [
          [
            77.2258197,
            28.6409537
          ],
          [
            77.2251623,
            28.6400943
          ],
          [
            77.2244473,
            28.6391336
          ],
          [
            77.2235225,
            28.6379931
          ],
          [
            77.2234861,
            28.6379377
          ],
          [
            77.2233195,
            28.637684
          ],
          [
            77.2232788,
            28.637622
          ],
          [
            77.2232695,
            28.6376078
          ],
          [
            77.2232308,
            28.6375495
          ],
          [
            77.2231954,
            28.6374963
          ],
          [
            77.2231056,
            28.6373668
          ],
          [
            77.2230364,
            28.6372715
          ],
          [
            77.2228843,
            28.637062
          ],
          [
            77.2223329,
            28.6363052
          ],
          [
            77.2216843,
            28.6353997
          ],
          [
            77.2215968,
            28.6352776
          ],
          [
            77.2215437,
            28.6352119
          ]
        ]
      }
    },
    {
      "type": "Feature",
      "id": "osm-28103817",
      "properties": {
        "osmid": 28103817,
        "name": "Jawaharlal Nehru Marg",
        "highway": "secondary",
        "highwayCategory": "Municipal Thoroughfare",
        "isGalli": false
      },
      "geometry": {
        "type": "LineString",
        "coordinates": [
          [
            77.2272653,
            28.6426098
          ],
          [
            77.2273666,
            28.6424988
          ],
          [
            77.2274679,
            28.6424391
          ],
          [
            77.2308515,
            28.6407288
          ],
          [
            77.2310134,
            28.6406537
          ]
        ]
      }
    },
    {
      "type": "Feature",
      "id": "osm-28103829",
      "properties": {
        "osmid": 28103829,
        "name": "Lala Ramcharan Aggarwal Chowk",
        "highway": "secondary",
        "highwayCategory": "Municipal Thoroughfare",
        "isGalli": false
      },
      "geometry": {
        "type": "LineString",
        "coordinates": [
          [
            77.2412763,
            28.6277686
          ],
          [
            77.2414268,
            28.6278301
          ]
        ]
      }
    },
    {
      "type": "Feature",
      "id": "osm-28103831",
      "properties": {
        "osmid": 28103831,
        "name": "Vikas Marg",
        "highway": "secondary",
        "highwayCategory": "Municipal Thoroughfare",
        "isGalli": false
      },
      "geometry": {
        "type": "LineString",
        "coordinates": [
          [
            77.2470842,
            28.6282451
          ],
          [
            77.2472719,
            28.6282459
          ],
          [
            77.2477868,
            28.628248
          ]
        ]
      }
    },
    {
      "type": "Feature",
      "id": "osm-28103850",
      "properties": {
        "osmid": 28103850,
        "name": "Satyagraha Marg",
        "highway": "secondary",
        "highwayCategory": "Municipal Thoroughfare",
        "isGalli": false
      },
      "geometry": {
        "type": "LineString",
        "coordinates": [
          [
            77.2469534,
            28.6395993
          ],
          [
            77.2472039,
            28.6395384
          ],
          [
            77.2474275,
            28.6394838
          ],
          [
            77.2493871,
            28.6391908
          ],
          [
            77.2494573,
            28.6391803
          ],
          [
            77.2494994,
            28.6391744
          ],
          [
            77.251092,
            28.6389517
          ],
          [
            77.2527963,
            28.6387052
          ]
        ]
      }
    },
    {
      "type": "Feature",
      "id": "osm-28103851",
      "properties": {
        "osmid": 28103851,
        "name": "Sachivalaya Road",
        "highway": "secondary",
        "highwayCategory": "Municipal Thoroughfare",
        "isGalli": false
      },
      "geometry": {
        "type": "LineString",
        "coordinates": [
          [
            77.2519193,
            28.6294789
          ],
          [
            77.2519501,
            28.629621
          ],
          [
            77.2519694,
            28.6297101
          ],
          [
            77.2519889,
            28.6297957
          ],
          [
            77.2520217,
            28.6298782
          ],
          [
            77.2520404,
            28.6299709
          ],
          [
            77.2520739,
            28.6302402
          ],
          [
            77.2520676,
            28.6304515
          ],
          [
            77.2520735,
            28.6305293
          ],
          [
            77.2520776,
            28.6306217
          ],
          [
            77.2520815,
            28.6307798
          ],
          [
            77.2520861,
            28.6308437
          ],
          [
            77.2520882,
            28.630873
          ],
          [
            77.2520985,
            28.6309271
          ],
          [
            77.252134,
            28.6309843
          ],
          [
            77.2526982,
            28.6322948
          ],
          [
            77.2528156,
            28.632651
          ],
          [
            77.2528844,
            28.6328699
          ],
          [
            77.2529059,
            28.6330887
          ],
          [
            77.2529188,
            28.6333604
          ],
          [
            77.2529077,
            28.6335613
          ],
          [
            77.2529032,
            28.6336451
          ],
          [
            77.2529055,
            28.6337589
          ],
          [
            77.2529602,
            28.6343748
          ],
          [
            77.2529584,
            28.6348164
          ],
          [
            77.2529872,
            28.6349337
          ]
        ]
      }
    },
    {
      "type": "Feature",
      "id": "osm-28103852",
      "properties": {
        "osmid": 28103852,
        "name": "Asaf Ali Road",
        "highway": "secondary",
        "highwayCategory": "Municipal Thoroughfare",
        "isGalli": false
      },
      "geometry": {
        "type": "LineString",
        "coordinates": [
          [
            77.2279576,
            28.6435927
          ],
          [
            77.2285609,
            28.6433718
          ],
          [
            77.2288298,
            28.6433035
          ],
          [
            77.2291118,
            28.6432535
          ],
          [
            77.2292747,
            28.6432261
          ],
          [
            77.2293561,
            28.6432018
          ],
          [
            77.2294404,
            28.6431643
          ],
          [
            77.2301299,
            28.6428914
          ],
          [
            77.2303835,
            28.6427986
          ],
          [
            77.2306672,
            28.6427005
          ],
          [
            77.2311292,
            28.6425773
          ],
          [
            77.2317758,
            28.6424127
          ],
          [
            77.2324292,
            28.6422257
          ],
          [
            77.2325052,
            28.6421936
          ]
        ]
      }
    },
    {
      "type": "Feature",
      "id": "osm-28103855",
      "properties": {
        "osmid": 28103855,
        "name": "Asaf Ali Road",
        "highway": "secondary",
        "highwayCategory": "Municipal Thoroughfare",
        "isGalli": false
      },
      "geometry": {
        "type": "LineString",
        "coordinates": [
          [
            77.2261436,
            28.6445705
          ],
          [
            77.2260575,
            28.6446237
          ],
          [
            77.2250477,
            28.645143
          ],
          [
            77.2248075,
            28.6452665
          ],
          [
            77.2246625,
            28.6453071
          ],
          [
            77.2245509,
            28.6453059
          ],
          [
            77.2240232,
            28.6452425
          ]
        ]
      }
    },
    {
      "type": "Feature",
      "id": "osm-28121207",
      "properties": {
        "osmid": 28121207,
        "name": "rotary no 11",
        "highway": "secondary",
        "highwayCategory": "Municipal Thoroughfare",
        "isGalli": false
      },
      "geometry": {
        "type": "LineString",
        "coordinates": [
          [
            77.2177694,
            28.6001942
          ],
          [
            77.2176483,
            28.6001815
          ],
          [
            77.2175277,
            28.600198
          ],
          [
            77.2174168,
            28.6002424
          ],
          [
            77.2173235,
            28.6003114
          ],
          [
            77.2172712,
            28.6003738
          ],
          [
            77.2172339,
            28.6004439
          ],
          [
            77.2172102,
            28.6005394
          ],
          [
            77.2172141,
            28.600637
          ],
          [
            77.2172213,
            28.6006682
          ],
          [
            77.2172585,
            28.6007553
          ],
          [
            77.217318,
            28.6008323
          ],
          [
            77.2173964,
            28.6008948
          ],
          [
            77.2174794,
            28.6009358
          ],
          [
            77.2175704,
            28.6009605
          ]
        ]
      }
    },
    {
      "type": "Feature",
      "id": "osm-28121215",
      "properties": {
        "osmid": 28121215,
        "name": "Doctor A.P.J. Abdul Kalam Marg",
        "highway": "secondary",
        "highwayCategory": "Municipal Thoroughfare",
        "isGalli": false
      },
      "geometry": {
        "type": "LineString",
        "coordinates": [
          [
            77.2173235,
            28.6003114
          ],
          [
            77.2170586,
            28.600238
          ]
        ]
      }
    },
    {
      "type": "Feature",
      "id": "osm-28121266",
      "properties": {
        "osmid": 28121266,
        "name": "Local Corridor",
        "highway": "secondary",
        "highwayCategory": "Municipal Thoroughfare",
        "isGalli": false
      },
      "geometry": {
        "type": "LineString",
        "coordinates": [
          [
            77.2114016,
            28.603728
          ],
          [
            77.2113402,
            28.6037522
          ],
          [
            77.2112839,
            28.6037845
          ],
          [
            77.2112341,
            28.6038243
          ],
          [
            77.2112125,
            28.603848
          ],
          [
            77.2111921,
            28.6038704
          ],
          [
            77.2111463,
            28.6039483
          ],
          [
            77.2111226,
            28.6040333
          ],
          [
            77.2111196,
            28.6040918
          ],
          [
            77.2111272,
            28.60415
          ],
          [
            77.211145,
            28.6042064
          ],
          [
            77.2111727,
            28.6042597
          ],
          [
            77.2112095,
            28.6043084
          ],
          [
            77.2112278,
            28.6043281
          ]
        ]
      }
    },
    {
      "type": "Feature",
      "id": "osm-28121291",
      "properties": {
        "osmid": 28121291,
        "name": "Akbar Road",
        "highway": "secondary",
        "highwayCategory": "Municipal Thoroughfare",
        "isGalli": false
      },
      "geometry": {
        "type": "LineString",
        "coordinates": [
          [
            77.2118069,
            28.6043708
          ],
          [
            77.212084,
            28.6043967
          ],
          [
            77.2122486,
            28.6044445
          ],
          [
            77.2130479,
            28.6048048
          ],
          [
            77.2139008,
            28.6051839
          ],
          [
            77.214794,
            28.6055819
          ],
          [
            77.2158186,
            28.6060552
          ],
          [
            77.2168298,
            28.6064955
          ],
          [
            77.2168844,
            28.6065176
          ],
          [
            77.2170758,
            28.6066004
          ],
          [
            77.2171329,
            28.606625
          ],
          [
            77.2172053,
            28.606698
          ],
          [
            77.2172174,
            28.6067533
          ],
          [
            77.2172473,
            28.6068001
          ]
        ]
      }
    },
    {
      "type": "Feature",
      "id": "osm-28121417",
      "properties": {
        "osmid": 28121417,
        "name": "Local Corridor",
        "highway": "residential",
        "highwayCategory": "Galli / Local Lane",
        "isGalli": true
      },
      "geometry": {
        "type": "LineString",
        "coordinates": [
          [
            77.2036762,
            28.606885
          ],
          [
            77.2034354,
            28.6072395
          ]
        ]
      }
    },
    {
      "type": "Feature",
      "id": "osm-28121435",
      "properties": {
        "osmid": 28121435,
        "name": "Local Corridor",
        "highway": "secondary",
        "highwayCategory": "Municipal Thoroughfare",
        "isGalli": false
      },
      "geometry": {
        "type": "LineString",
        "coordinates": [
          [
            77.1975628,
            28.6112433
          ],
          [
            77.1975427,
            28.6111583
          ],
          [
            77.1974986,
            28.6110806
          ],
          [
            77.1974334,
            28.6110153
          ],
          [
            77.1973514,
            28.6109669
          ],
          [
            77.197258,
            28.6109383
          ],
          [
            77.1971594,
            28.6109317
          ],
          [
            77.1970622,
            28.6109473
          ],
          [
            77.1969727,
            28.6109842
          ],
          [
            77.1968949,
            28.6110418
          ],
          [
            77.1968371,
            28.6111153
          ],
          [
            77.1968032,
            28.6111996
          ],
          [
            77.1967958,
            28.6112887
          ],
          [
            77.1968086,
            28.6113573
          ],
          [
            77.1968372,
            28.6114222
          ],
          [
            77.1968803,
            28.6114805
          ],
          [
            77.1969361,
            28.6115298
          ],
          [
            77.1970022,
            28.6115681
          ],
          [
            77.1970831,
            28.6115953
          ],
          [
            77.197169,
            28.611606
          ],
          [
            77.1972553,
            28.6115995
          ],
          [
            77.1973378,
            28.6115761
          ],
          [
            77.1974123,
            28.6115372
          ],
          [
            77.1974682,
            28.6114915
          ],
          [
            77.1975127,
            28.6114369
          ],
          [
            77.197544,
            28.6113758
          ],
          [
            77.1975609,
            28.6113104
          ],
          [
            77.1975628,
            28.6112433
          ]
        ]
      }
    },
    {
      "type": "Feature",
      "id": "osm-28121442",
      "properties": {
        "osmid": 28121442,
        "name": "Local Corridor",
        "highway": "secondary",
        "highwayCategory": "Municipal Thoroughfare",
        "isGalli": false
      },
      "geometry": {
        "type": "LineString",
        "coordinates": [
          [
            77.1967958,
            28.6112887
          ],
          [
            77.1965361,
            28.6113033
          ],
          [
            77.1957315,
            28.6113483
          ],
          [
            77.195166,
            28.6113717
          ],
          [
            77.1950199,
            28.6113738
          ],
          [
            77.1941204,
            28.6114373
          ],
          [
            77.1931346,
            28.6114894
          ],
          [
            77.1930183,
            28.6114945
          ],
          [
            77.1928947,
            28.6114626
          ],
          [
            77.1927793,
            28.611415
          ],
          [
            77.1910499,
            28.6106308
          ]
        ]
      }
    },
    {
      "type": "Feature",
      "id": "osm-28121481",
      "properties": {
        "osmid": 28121481,
        "name": "Rajesh Pilot Marg",
        "highway": "secondary",
        "highwayCategory": "Municipal Thoroughfare",
        "isGalli": false
      },
      "geometry": {
        "type": "LineString",
        "coordinates": [
          [
            77.2229658,
            28.5971124
          ],
          [
            77.2226985,
            28.5970408
          ],
          [
            77.2226541,
            28.5970334
          ],
          [
            77.2223684,
            28.5970327
          ],
          [
            77.2207927,
            28.5970856
          ],
          [
            77.2207627,
            28.5970838
          ],
          [
            77.2205901,
            28.5970737
          ]
        ]
      }
    },
    {
      "type": "Feature",
      "id": "osm-28121486",
      "properties": {
        "osmid": 28121486,
        "name": "Amrita Shergil Marg",
        "highway": "residential",
        "highwayCategory": "Galli / Local Lane",
        "isGalli": true
      },
      "geometry": {
        "type": "LineString",
        "coordinates": [
          [
            77.2203306,
            28.5970098
          ],
          [
            77.2199495,
            28.5966076
          ],
          [
            77.2182936,
            28.594779
          ],
          [
            77.2181199,
            28.5945893
          ],
          [
            77.2166114,
            28.5929965
          ],
          [
            77.2162007,
            28.5925732
          ],
          [
            77.2161766,
            28.5925511
          ],
          [
            77.2161507,
            28.5925246
          ],
          [
            77.2154163,
            28.5918237
          ],
          [
            77.2148405,
            28.5913149
          ],
          [
            77.2147468,
            28.591192
          ],
          [
            77.2147015,
            28.5910592
          ],
          [
            77.2146898,
            28.5909005
          ],
          [
            77.2147927,
            28.5897494
          ],
          [
            77.2147988,
            28.5896937
          ]
        ]
      }
    },
    {
      "type": "Feature",
      "id": "osm-28121513",
      "properties": {
        "osmid": 28121513,
        "name": "Amrita Shergil Marg",
        "highway": "residential",
        "highwayCategory": "Galli / Local Lane",
        "isGalli": true
      },
      "geometry": {
        "type": "LineString",
        "coordinates": [
          [
            77.2204875,
            28.5972681
          ],
          [
            77.2208343,
            28.5976081
          ],
          [
            77.2212064,
            28.597973
          ],
          [
            77.2217262,
            28.5984856
          ],
          [
            77.2221907,
            28.5989376
          ],
          [
            77.2227034,
            28.5994438
          ],
          [
            77.2232874,
            28.6000764
          ],
          [
            77.2234099,
            28.6002091
          ],
          [
            77.2238819,
            28.6007204
          ],
          [
            77.2241482,
            28.6009943
          ],
          [
            77.2247341,
            28.6016122
          ]
        ]
      }
    },
    {
      "type": "Feature",
      "id": "osm-28121518",
      "properties": {
        "osmid": 28121518,
        "name": "Local Corridor",
        "highway": "residential",
        "highwayCategory": "Galli / Local Lane",
        "isGalli": true
      },
      "geometry": {
        "type": "LineString",
        "coordinates": [
          [
            77.2256509,
            28.6024807
          ],
          [
            77.2259589,
            28.6022534
          ],
          [
            77.226327,
            28.6019741
          ],
          [
            77.2265296,
            28.601823
          ],
          [
            77.2267481,
            28.6016601
          ],
          [
            77.2272685,
            28.6012551
          ]
        ]
      }
    },
    {
      "type": "Feature",
      "id": "osm-28121520",
      "properties": {
        "osmid": 28121520,
        "name": "Amrita Shergil Lane",
        "highway": "residential",
        "highwayCategory": "Galli / Local Lane",
        "isGalli": true
      },
      "geometry": {
        "type": "LineString",
        "coordinates": [
          [
            77.2241482,
            28.6009943
          ],
          [
            77.2256445,
            28.5999607
          ],
          [
            77.2257268,
            28.5998656
          ]
        ]
      }
    },
    {
      "type": "Feature",
      "id": "osm-28121535",
      "properties": {
        "osmid": 28121535,
        "name": "Moolchand Flyover",
        "highway": "secondary",
        "highwayCategory": "Municipal Thoroughfare",
        "isGalli": false
      },
      "geometry": {
        "type": "LineString",
        "coordinates": [
          [
            77.23321,
            28.5639322
          ],
          [
            77.2337846,
            28.5649703
          ],
          [
            77.2340059,
            28.5655455
          ],
          [
            77.2341222,
            28.5658868
          ],
          [
            77.2343746,
            28.5673434
          ]
        ]
      }
    },
    {
      "type": "Feature",
      "id": "osm-28121537",
      "properties": {
        "osmid": 28121537,
        "name": "Josip Broz Tito Marg",
        "highway": "secondary",
        "highwayCategory": "Municipal Thoroughfare",
        "isGalli": false
      },
      "geometry": {
        "type": "LineString",
        "coordinates": [
          [
            77.2317403,
            28.5417447
          ],
          [
            77.2316021,
            28.5420381
          ],
          [
            77.2314801,
            28.5422997
          ],
          [
            77.2306971,
            28.5439793
          ],
          [
            77.2299191,
            28.5456481
          ],
          [
            77.229656,
            28.5461486
          ],
          [
            77.2294822,
            28.5465148
          ],
          [
            77.2290578,
            28.5474679
          ]
        ]
      }
    },
    {
      "type": "Feature",
      "id": "osm-28121614",
      "properties": {
        "osmid": 28121614,
        "name": "Archbishop Makarios Marg",
        "highway": "tertiary",
        "highwayCategory": "Municipal Thoroughfare",
        "isGalli": false
      },
      "geometry": {
        "type": "LineString",
        "coordinates": [
          [
            77.2323554,
            28.6018509
          ],
          [
            77.2323568,
            28.6015043
          ],
          [
            77.2323635,
            28.5999076
          ],
          [
            77.2323545,
            28.5995944
          ],
          [
            77.2323593,
            28.5969238
          ],
          [
            77.2323317,
            28.59504
          ],
          [
            77.2323371,
            28.5949513
          ],
          [
            77.2323852,
            28.5948261
          ],
          [
            77.2324585,
            28.5947394
          ],
          [
            77.2330449,
            28.5940581
          ],
          [
            77.234236,
            28.5926741
          ],
          [
            77.2344185,
            28.5923631
          ],
          [
            77.2344661,
            28.5922819
          ],
          [
            77.2345067,
            28.5922127
          ],
          [
            77.2345628,
            28.5921171
          ]
        ]
      }
    },
    {
      "type": "Feature",
      "id": "osm-28153840",
      "properties": {
        "osmid": 28153840,
        "name": "Hospital Road",
        "highway": "residential",
        "highwayCategory": "Galli / Local Lane",
        "isGalli": true
      },
      "geometry": {
        "type": "LineString",
        "coordinates": [
          [
            77.2456666,
            28.5833509
          ],
          [
            77.2462401,
            28.5837538
          ],
          [
            77.2463261,
            28.5838157
          ],
          [
            77.2465796,
            28.5839773
          ],
          [
            77.2471788,
            28.5843718
          ],
          [
            77.2475793,
            28.5846354
          ],
          [
            77.2478301,
            28.5847948
          ],
          [
            77.2480809,
            28.5849585
          ],
          [
            77.2483299,
            28.585115
          ],
          [
            77.2483624,
            28.5851354
          ],
          [
            77.2487902,
            28.5854136
          ],
          [
            77.2488844,
            28.5854616
          ],
          [
            77.2489625,
            28.5855015
          ]
        ]
      }
    },
    {
      "type": "Feature",
      "id": "osm-28153848",
      "properties": {
        "osmid": 28153848,
        "name": "Central Road",
        "highway": "residential",
        "highwayCategory": "Galli / Local Lane",
        "isGalli": true
      },
      "geometry": {
        "type": "LineString",
        "coordinates": [
          [
            77.2462868,
            28.5810721
          ],
          [
            77.2463793,
            28.581124
          ],
          [
            77.2465923,
            28.5812643
          ],
          [
            77.2468499,
            28.5814362
          ],
          [
            77.2470119,
            28.5815439
          ],
          [
            77.2471515,
            28.5816367
          ],
          [
            77.2474536,
            28.5818375
          ],
          [
            77.2477996,
            28.5820689
          ],
          [
            77.2481138,
            28.5822648
          ],
          [
            77.2484053,
            28.582451
          ],
          [
            77.248701,
            28.582656
          ],
          [
            77.2489781,
            28.582841
          ],
          [
            77.2492449,
            28.5830246
          ],
          [
            77.249554,
            28.5832259
          ],
          [
            77.2498088,
            28.5834084
          ],
          [
            77.2500899,
            28.5835902
          ]
        ]
      }
    },
    {
      "type": "Feature",
      "id": "osm-28153857",
      "properties": {
        "osmid": 28153857,
        "name": "Jangpura Road",
        "highway": "residential",
        "highwayCategory": "Galli / Local Lane",
        "isGalli": true
      },
      "geometry": {
        "type": "LineString",
        "coordinates": [
          [
            77.2483299,
            28.585115
          ],
          [
            77.2483669,
            28.5850775
          ],
          [
            77.2498088,
            28.5834084
          ],
          [
            77.2503119,
            28.5828281
          ],
          [
            77.251174,
            28.5818085
          ],
          [
            77.2512241,
            28.5817487
          ],
          [
            77.2515573,
            28.5813316
          ]
        ]
      }
    },
    {
      "type": "Feature",
      "id": "osm-28153880",
      "properties": {
        "osmid": 28153880,
        "name": "Bhogal Road",
        "highway": "residential",
        "highwayCategory": "Galli / Local Lane",
        "isGalli": true
      },
      "geometry": {
        "type": "LineString",
        "coordinates": [
          [
            77.2478146,
            28.584723
          ],
          [
            77.2492449,
            28.5830246
          ],
          [
            77.2497376,
            28.5824607
          ],
          [
            77.2506545,
            28.581364
          ],
          [
            77.2508865,
            28.5810712
          ]
        ]
      }
    },
    {
      "type": "Feature",
      "id": "osm-28190265",
      "properties": {
        "osmid": 28190265,
        "name": "Shankar Road",
        "highway": "secondary",
        "highwayCategory": "Municipal Thoroughfare",
        "isGalli": false
      },
      "geometry": {
        "type": "LineString",
        "coordinates": [
          [
            77.1892681,
            28.6340678
          ],
          [
            77.1889726,
            28.6342196
          ],
          [
            77.1880071,
            28.6344844
          ],
          [
            77.1868139,
            28.6348867
          ],
          [
            77.1863103,
            28.6350612
          ],
          [
            77.1856514,
            28.6354222
          ],
          [
            77.1853644,
            28.6355635
          ],
          [
            77.1848956,
            28.6357943
          ],
          [
            77.1839797,
            28.6362453
          ],
          [
            77.1836328,
            28.6364456
          ],
          [
            77.1829996,
            28.6368181
          ],
          [
            77.1823719,
            28.6371814
          ],
          [
            77.1822058,
            28.6372685
          ],
          [
            77.1818936,
            28.6374323
          ],
          [
            77.1817793,
            28.6374923
          ],
          [
            77.1812327,
            28.6377881
          ],
          [
            77.1811012,
            28.6378593
          ],
          [
            77.180036,
            28.6383604
          ],
          [
            77.1796117,
            28.6385859
          ],
          [
            77.179245,
            28.6387808
          ],
          [
            77.1789899,
            28.6389164
          ],
          [
            77.1786083,
            28.6391274
          ],
          [
            77.1784023,
            28.6392413
          ],
          [
            77.1781375,
            28.6394183
          ],
          [
            77.1779329,
            28.6395551
          ],
          [
            77.1773424,
            28.6399531
          ],
          [
            77.1770892,
            28.640119
          ],
          [
            77.1766246,
            28.6404441
          ],
          [
            77.1762164,
            28.6407068
          ],
          [
            77.1761739,
            28.6407354
          ],
          [
            77.1760417,
            28.6408244
          ],
          [
            77.1750632,
            28.6414523
          ],
          [
            77.1749671,
            28.6414966
          ],
          [
            77.1748235,
            28.6415675
          ]
        ]
      }
    },
    {
      "type": "Feature",
      "id": "osm-28190296",
      "properties": {
        "osmid": 28190296,
        "name": "Sir Ganga Ram Hospital Marg",
        "highway": "tertiary",
        "highwayCategory": "Municipal Thoroughfare",
        "isGalli": false
      },
      "geometry": {
        "type": "LineString",
        "coordinates": [
          [
            77.188253,
            28.6393311
          ],
          [
            77.1891564,
            28.6405601
          ],
          [
            77.190034,
            28.6418449
          ],
          [
            77.1902122,
            28.6421031
          ],
          [
            77.1908585,
            28.6430338
          ],
          [
            77.1913688,
            28.6437192
          ],
          [
            77.1915326,
            28.6440018
          ],
          [
            77.1915425,
            28.6442541
          ],
          [
            77.1915443,
            28.6443015
          ]
        ]
      }
    },
    {
      "type": "Feature",
      "id": "osm-28190305",
      "properties": {
        "osmid": 28190305,
        "name": "Pusa Road",
        "highway": "secondary",
        "highwayCategory": "Municipal Thoroughfare",
        "isGalli": false
      },
      "geometry": {
        "type": "LineString",
        "coordinates": [
          [
            77.1738679,
            28.6423781
          ],
          [
            77.1739667,
            28.6423546
          ],
          [
            77.1742292,
            28.6422663
          ],
          [
            77.1745098,
            28.6421886
          ],
          [
            77.1747197,
            28.6421496
          ],
          [
            77.1748867,
            28.6421216
          ],
          [
            77.1752116,
            28.6421186
          ],
          [
            77.1756364,
            28.6421341
          ],
          [
            77.1760952,
            28.6421995
          ],
          [
            77.1764839,
            28.6422567
          ],
          [
            77.1765735,
            28.6422742
          ],
          [
            77.1767477,
            28.6423081
          ],
          [
            77.1776223,
            28.6424786
          ],
          [
            77.17829,
            28.6426087
          ],
          [
            77.1786233,
            28.6426532
          ],
          [
            77.1788527,
            28.6426838
          ],
          [
            77.1789572,
            28.6426978
          ],
          [
            77.1807477,
            28.6429516
          ],
          [
            77.1808592,
            28.6429674
          ],
          [
            77.180971,
            28.642983
          ],
          [
            77.1822806,
            28.6431659
          ],
          [
            77.1835813,
            28.6433475
          ],
          [
            77.1843337,
            28.643454
          ]
        ]
      }
    },
    {
      "type": "Feature",
      "id": "osm-28190334",
      "properties": {
        "osmid": 28190334,
        "name": "Choudhary Brahm Prakash Chowk",
        "highway": "secondary",
        "highwayCategory": "Municipal Thoroughfare",
        "isGalli": false
      },
      "geometry": {
        "type": "LineString",
        "coordinates": [
          [
            77.1744594,
            28.6420085
          ],
          [
            77.1744952,
            28.6420199
          ],
          [
            77.17455,
            28.6420301
          ],
          [
            77.1745927,
            28.6420312
          ],
          [
            77.174606,
            28.6420316
          ],
          [
            77.1746614,
            28.6420244
          ],
          [
            77.1747146,
            28.6420088
          ],
          [
            77.1747635,
            28.641985
          ]
        ]
      }
    },
    {
      "type": "Feature",
      "id": "osm-28190350",
      "properties": {
        "osmid": 28190350,
        "name": "Patel Road",
        "highway": "secondary",
        "highwayCategory": "Municipal Thoroughfare",
        "isGalli": false
      },
      "geometry": {
        "type": "LineString",
        "coordinates": [
          [
            77.1742995,
            28.6418753
          ],
          [
            77.1742565,
            28.6419306
          ],
          [
            77.1742214,
            28.6419661
          ],
          [
            77.1741447,
            28.6420364
          ],
          [
            77.1738953,
            28.6422182
          ],
          [
            77.1732841,
            28.6425729
          ],
          [
            77.1706842,
            28.6440819
          ],
          [
            77.1696774,
            28.6446673
          ],
          [
            77.1694613,
            28.6447916
          ],
          [
            77.1681482,
            28.6455855
          ],
          [
            77.1680836,
            28.6456245
          ],
          [
            77.167979,
            28.6456877
          ],
          [
            77.1665971,
            28.6465231
          ],
          [
            77.1665751,
            28.6465364
          ],
          [
            77.1653712,
            28.6472587
          ]
        ]
      }
    },
    {
      "type": "Feature",
      "id": "osm-28190395",
      "properties": {
        "osmid": 28190395,
        "name": "Dayal chowk",
        "highway": "secondary",
        "highwayCategory": "Municipal Thoroughfare",
        "isGalli": false
      },
      "geometry": {
        "type": "LineString",
        "coordinates": [
          [
            77.1969415,
            28.6454719
          ],
          [
            77.1969684,
            28.6455001
          ],
          [
            77.1969977,
            28.6455264
          ],
          [
            77.1970292,
            28.6455507
          ],
          [
            77.1970628,
            28.6455728
          ],
          [
            77.1970899,
            28.6455903
          ],
          [
            77.1971194,
            28.6456051
          ],
          [
            77.1972551,
            28.6456464
          ],
          [
            77.1972978,
            28.6456531
          ],
          [
            77.197341,
            28.6456568
          ],
          [
            77.1973844,
            28.6456574
          ]
        ]
      }
    },
    {
      "type": "Feature",
      "id": "osm-28190430",
      "properties": {
        "osmid": 28190430,
        "name": "Arya Samaj Road",
        "highway": "tertiary",
        "highwayCategory": "Municipal Thoroughfare",
        "isGalli": false
      },
      "geometry": {
        "type": "LineString",
        "coordinates": [
          [
            77.1968987,
            28.6457564
          ],
          [
            77.1970693,
            28.6456394
          ],
          [
            77.1971194,
            28.6456051
          ]
        ]
      }
    },
    {
      "type": "Feature",
      "id": "osm-28190501",
      "properties": {
        "osmid": 28190501,
        "name": "Vande Mataram Marg",
        "highway": "secondary",
        "highwayCategory": "Municipal Thoroughfare",
        "isGalli": false
      },
      "geometry": {
        "type": "LineString",
        "coordinates": [
          [
            77.1893751,
            28.6337983
          ],
          [
            77.1892274,
            28.6335426
          ],
          [
            77.1891424,
            28.6333251
          ],
          [
            77.1885908,
            28.6318966
          ],
          [
            77.187128,
            28.6294466
          ],
          [
            77.1865357,
            28.6286505
          ],
          [
            77.1847198,
            28.6264668
          ],
          [
            77.1840972,
            28.625903
          ],
          [
            77.1808473,
            28.6236985
          ],
          [
            77.1807755,
            28.6236494
          ],
          [
            77.1800909,
            28.6231998
          ],
          [
            77.1794552,
            28.6227654
          ],
          [
            77.1790716,
            28.6224865
          ],
          [
            77.1788226,
            28.6221843
          ],
          [
            77.1784312,
            28.6217092
          ],
          [
            77.1781545,
            28.621374
          ],
          [
            77.1775737,
            28.620711
          ],
          [
            77.1771286,
            28.6201966
          ],
          [
            77.1770061,
            28.6200551
          ],
          [
            77.1766825,
            28.619674
          ],
          [
            77.1766393,
            28.6195899
          ]
        ]
      }
    },
    {
      "type": "Feature",
      "id": "osm-28211346",
      "properties": {
        "osmid": 28211346,
        "name": "Rotary 10",
        "highway": "secondary",
        "highwayCategory": "Municipal Thoroughfare",
        "isGalli": false
      },
      "geometry": {
        "type": "LineString",
        "coordinates": [
          [
            77.1900689,
            28.5792363
          ],
          [
            77.1900119,
            28.5792107
          ],
          [
            77.1899488,
            28.5792014
          ],
          [
            77.1898853,
            28.5792093
          ],
          [
            77.1898276,
            28.5792336
          ],
          [
            77.1897809,
            28.5792721
          ]
        ]
      }
    },
    {
      "type": "Feature",
      "id": "osm-28211381",
      "properties": {
        "osmid": 28211381,
        "name": "Local Corridor",
        "highway": "secondary",
        "highwayCategory": "Municipal Thoroughfare",
        "isGalli": false
      },
      "geometry": {
        "type": "LineString",
        "coordinates": [
          [
            77.1926479,
            28.585022
          ],
          [
            77.1926296,
            28.585075
          ],
          [
            77.192624,
            28.5851303
          ],
          [
            77.1926417,
            28.5852167
          ],
          [
            77.1926901,
            28.5852936
          ],
          [
            77.1927641,
            28.5853528
          ],
          [
            77.1928558,
            28.5853879
          ],
          [
            77.1928901,
            28.5853937
          ]
        ]
      }
    },
    {
      "type": "Feature",
      "id": "osm-28211393",
      "properties": {
        "osmid": 28211393,
        "name": "Mustafa Kemal Ataturk Marg",
        "highway": "secondary",
        "highwayCategory": "Municipal Thoroughfare",
        "isGalli": false
      },
      "geometry": {
        "type": "LineString",
        "coordinates": [
          [
            77.1987201,
            28.5962856
          ],
          [
            77.1988355,
            28.5962554
          ],
          [
            77.1988991,
            28.5962436
          ],
          [
            77.199002,
            28.5962208
          ],
          [
            77.1990343,
            28.59622
          ],
          [
            77.1993575,
            28.5962119
          ],
          [
            77.1998922,
            28.5961914
          ],
          [
            77.2001962,
            28.5961797
          ],
          [
            77.2009627,
            28.5961406
          ],
          [
            77.2012432,
            28.5961626
          ],
          [
            77.2014668,
            28.5961953
          ],
          [
            77.2018617,
            28.5963161
          ],
          [
            77.2019167,
            28.5963289
          ],
          [
            77.202611,
            28.59649
          ],
          [
            77.2033541,
            28.5965934
          ],
          [
            77.20426,
            28.5966326
          ],
          [
            77.2046805,
            28.5966115
          ],
          [
            77.2051348,
            28.5965697
          ],
          [
            77.206448,
            28.5962909
          ],
          [
            77.2066722,
            28.596235
          ],
          [
            77.2071652,
            28.5961268
          ]
        ]
      }
    },
    {
      "type": "Feature",
      "id": "osm-28211422",
      "properties": {
        "osmid": 28211422,
        "name": "Simon Bolivar Road",
        "highway": "secondary",
        "highwayCategory": "Municipal Thoroughfare",
        "isGalli": false
      },
      "geometry": {
        "type": "LineString",
        "coordinates": [
          [
            77.1806772,
            28.6019323
          ],
          [
            77.1806192,
            28.6019923
          ]
        ]
      }
    },
    {
      "type": "Feature",
      "id": "osm-28211431",
      "properties": {
        "osmid": 28211431,
        "name": "Panchsheel Marg",
        "highway": "secondary",
        "highwayCategory": "Municipal Thoroughfare",
        "isGalli": false
      },
      "geometry": {
        "type": "LineString",
        "coordinates": [
          [
            77.1872647,
            28.5985445
          ],
          [
            77.1872153,
            28.5986025
          ],
          [
            77.1871693,
            28.5986502
          ],
          [
            77.1871026,
            28.5986869
          ],
          [
            77.1870672,
            28.5986991
          ],
          [
            77.1870475,
            28.5987059
          ],
          [
            77.1865216,
            28.5988868
          ],
          [
            77.1855852,
            28.5992677
          ],
          [
            77.1838752,
            28.599965
          ],
          [
            77.1837217,
            28.6000276
          ],
          [
            77.1836033,
            28.6000805
          ],
          [
            77.1834617,
            28.6001382
          ],
          [
            77.1833977,
            28.6001643
          ],
          [
            77.1823016,
            28.600611
          ],
          [
            77.1820296,
            28.6007218
          ],
          [
            77.1819574,
            28.600765
          ],
          [
            77.1817263,
            28.6009034
          ],
          [
            77.1814505,
            28.6010684
          ],
          [
            77.1812432,
            28.6012558
          ],
          [
            77.1811029,
            28.601423
          ],
          [
            77.1809565,
            28.6015911
          ],
          [
            77.1807625,
            28.6018281
          ]
        ]
      }
    },
    {
      "type": "Feature",
      "id": "osm-28211721",
      "properties": {
        "osmid": 28211721,
        "name": "Local Corridor",
        "highway": "tertiary",
        "highwayCategory": "Municipal Thoroughfare",
        "isGalli": false
      },
      "geometry": {
        "type": "LineString",
        "coordinates": [
          [
            77.1949847,
            28.5890043
          ],
          [
            77.1952181,
            28.5888065
          ],
          [
            77.1955834,
            28.5885424
          ],
          [
            77.1959055,
            28.5883096
          ],
          [
            77.1965777,
            28.5878238
          ],
          [
            77.1969176,
            28.5875781
          ],
          [
            77.1972648,
            28.5873204
          ],
          [
            77.1975836,
            28.5870882
          ],
          [
            77.197877,
            28.5868745
          ],
          [
            77.1984688,
            28.5864435
          ],
          [
            77.1988573,
            28.5861385
          ],
          [
            77.199003,
            28.5859982
          ],
          [
            77.1990805,
            28.5858521
          ],
          [
            77.1995278,
            28.5845509
          ],
          [
            77.1995553,
            28.5844708
          ],
          [
            77.1996614,
            28.584156
          ],
          [
            77.1997904,
            28.5837284
          ],
          [
            77.2001673,
            28.582523
          ],
          [
            77.2003177,
            28.5820181
          ],
          [
            77.2004047,
            28.581726
          ],
          [
            77.2004057,
            28.581656
          ],
          [
            77.2003747,
            28.5816086
          ],
          [
            77.2002915,
            28.5815863
          ],
          [
            77.1998949,
            28.5816212
          ],
          [
            77.1994891,
            28.5816568
          ],
          [
            77.1983832,
            28.5817539
          ],
          [
            77.1983035,
            28.581759
          ],
          [
            77.1979245,
            28.5817832
          ],
          [
            77.1974918,
            28.5818094
          ],
          [
            77.1974217,
            28.5818153
          ],
          [
            77.1970038,
            28.581842
          ],
          [
            77.1969697,
            28.5818442
          ],
          [
            77.1965789,
            28.5818691
          ],
          [
            77.1960598,
            28.5819023
          ],
          [
            77.1956221,
            28.5819303
          ],
          [
            77.1951635,
            28.581958
          ]
        ]
      }
    },
    {
      "type": "Feature",
      "id": "osm-28211928",
      "properties": {
        "osmid": 28211928,
        "name": "Africa Avenue",
        "highway": "secondary",
        "highwayCategory": "Municipal Thoroughfare",
        "isGalli": false
      },
      "geometry": {
        "type": "LineString",
        "coordinates": [
          [
            77.1900689,
            28.5792363
          ],
          [
            77.190008,
            28.5791892
          ],
          [
            77.1899654,
            28.579143
          ],
          [
            77.189938,
            28.5790961
          ],
          [
            77.1899172,
            28.5790524
          ],
          [
            77.1898953,
            28.579005
          ],
          [
            77.1898809,
            28.5789501
          ],
          [
            77.1898711,
            28.5788986
          ],
          [
            77.1898672,
            28.5788492
          ],
          [
            77.1898681,
            28.5788209
          ],
          [
            77.1898769,
            28.5785386
          ],
          [
            77.1898867,
            28.578223
          ],
          [
            77.1899011,
            28.5780266
          ],
          [
            77.189973,
            28.5768606
          ],
          [
            77.1899832,
            28.5767043
          ],
          [
            77.1900438,
            28.5754169
          ],
          [
            77.1900467,
            28.5752874
          ],
          [
            77.190021,
            28.5749281
          ],
          [
            77.1900039,
            28.5746883
          ],
          [
            77.1899819,
            28.5743804
          ],
          [
            77.1899573,
            28.5741058
          ],
          [
            77.1899356,
            28.5738189
          ],
          [
            77.1899165,
            28.5735661
          ],
          [
            77.1899007,
            28.5733574
          ],
          [
            77.1898708,
            28.5729627
          ],
          [
            77.1897274,
            28.5699972
          ],
          [
            77.1897259,
            28.5697067
          ],
          [
            77.1896961,
            28.569368
          ]
        ]
      }
    },
    {
      "type": "Feature",
      "id": "osm-28211997",
      "properties": {
        "osmid": 28211997,
        "name": "Venkateshwara Marg",
        "highway": "tertiary",
        "highwayCategory": "Municipal Thoroughfare",
        "isGalli": false
      },
      "geometry": {
        "type": "LineString",
        "coordinates": [
          [
            77.1793215,
            28.5635831
          ],
          [
            77.1793443,
            28.563562
          ],
          [
            77.179639,
            28.563289
          ],
          [
            77.1800902,
            28.5628061
          ],
          [
            77.180266,
            28.5625986
          ],
          [
            77.1805067,
            28.5623145
          ],
          [
            77.1805247,
            28.562293
          ],
          [
            77.1808955,
            28.5617804
          ],
          [
            77.1812141,
            28.5611354
          ],
          [
            77.1812481,
            28.5610598
          ],
          [
            77.1812737,
            28.5610029
          ],
          [
            77.1814523,
            28.5605016
          ],
          [
            77.181808,
            28.5596844
          ],
          [
            77.1822387,
            28.5585524
          ],
          [
            77.1824962,
            28.5580892
          ],
          [
            77.1825624,
            28.5580034
          ],
          [
            77.1826267,
            28.5579219
          ],
          [
            77.1826871,
            28.557852
          ],
          [
            77.1827887,
            28.5577344
          ],
          [
            77.1828212,
            28.5576968
          ],
          [
            77.1832428,
            28.5573448
          ],
          [
            77.1837771,
            28.557041
          ],
          [
            77.183855,
            28.5570027
          ],
          [
            77.1842672,
            28.5568612
          ],
          [
            77.1847586,
            28.5567135
          ],
          [
            77.1853361,
            28.5565726
          ],
          [
            77.18578,
            28.5564499
          ]
        ]
      }
    },
    {
      "type": "Feature",
      "id": "osm-28412393",
      "properties": {
        "osmid": 28412393,
        "name": "Mahatma Gandhi Marg",
        "highway": "primary",
        "highwayCategory": "Municipal Thoroughfare",
        "isGalli": false
      },
      "geometry": {
        "type": "LineString",
        "coordinates": [
          [
            77.2223927,
            28.5685409
          ],
          [
            77.2213961,
            28.568584
          ],
          [
            77.2209587,
            28.5686141
          ],
          [
            77.2207741,
            28.5686268
          ],
          [
            77.2206454,
            28.5686356
          ],
          [
            77.2205005,
            28.5686456
          ],
          [
            77.2199266,
            28.5686689
          ],
          [
            77.2190613,
            28.5687099
          ],
          [
            77.2187351,
            28.5687253
          ],
          [
            77.2185566,
            28.5687397
          ],
          [
            77.2184094,
            28.5687466
          ],
          [
            77.2179738,
            28.5687468
          ],
          [
            77.2174107,
            28.5687688
          ],
          [
            77.2165445,
            28.5688075
          ],
          [
            77.2160713,
            28.5688286
          ],
          [
            77.2158098,
            28.5688403
          ],
          [
            77.2123414,
            28.5690087
          ]
        ]
      }
    },
    {
      "type": "Feature",
      "id": "osm-28412396",
      "properties": {
        "osmid": 28412396,
        "name": "Mahatma Gandhi Marg",
        "highway": "primary",
        "highwayCategory": "Municipal Thoroughfare",
        "isGalli": false
      },
      "geometry": {
        "type": "LineString",
        "coordinates": [
          [
            77.1964753,
            28.569499
          ],
          [
            77.1940187,
            28.569291
          ],
          [
            77.1939638,
            28.5692864
          ],
          [
            77.1931747,
            28.569235
          ]
        ]
      }
    },
    {
      "type": "Feature",
      "id": "osm-28412397",
      "properties": {
        "osmid": 28412397,
        "name": "Mahatma Gandhi Marg",
        "highway": "primary",
        "highwayCategory": "Municipal Thoroughfare",
        "isGalli": false
      },
      "geometry": {
        "type": "LineString",
        "coordinates": [
          [
            77.1843464,
            28.5700135
          ],
          [
            77.1840055,
            28.5700552
          ],
          [
            77.1838541,
            28.5700942
          ],
          [
            77.1835803,
            28.5701648
          ],
          [
            77.1834643,
            28.5701947
          ],
          [
            77.1832435,
            28.5702902
          ],
          [
            77.1824702,
            28.5706248
          ],
          [
            77.1824306,
            28.5706466
          ],
          [
            77.1816538,
            28.5710185
          ],
          [
            77.181507,
            28.5710888
          ],
          [
            77.1813817,
            28.5711628
          ],
          [
            77.1813125,
            28.5712041
          ],
          [
            77.1808387,
            28.571537
          ],
          [
            77.1804989,
            28.5717882
          ],
          [
            77.1801813,
            28.5720467
          ],
          [
            77.1796673,
            28.5725254
          ],
          [
            77.1793695,
            28.5728566
          ],
          [
            77.1791505,
            28.573127
          ],
          [
            77.1787981,
            28.5736156
          ],
          [
            77.1781912,
            28.5746211
          ],
          [
            77.1778395,
            28.5752664
          ],
          [
            77.1776301,
            28.5756434
          ]
        ]
      }
    },
    {
      "type": "Feature",
      "id": "osm-28412404",
      "properties": {
        "osmid": 28412404,
        "name": "Mahatma Gandhi Marg",
        "highway": "primary",
        "highwayCategory": "Municipal Thoroughfare",
        "isGalli": false
      },
      "geometry": {
        "type": "LineString",
        "coordinates": [
          [
            77.231638,
            28.5655864
          ],
          [
            77.2307143,
            28.5657252
          ],
          [
            77.2305421,
            28.5657548
          ],
          [
            77.2300874,
            28.5658839
          ],
          [
            77.2289462,
            28.5663505
          ],
          [
            77.2287528,
            28.5664296
          ]
        ]
      }
    },
    {
      "type": "Feature",
      "id": "osm-28616699",
      "properties": {
        "osmid": 28616699,
        "name": "Aurobindo Marg",
        "highway": "secondary",
        "highwayCategory": "Municipal Thoroughfare",
        "isGalli": false
      },
      "geometry": {
        "type": "LineString",
        "coordinates": [
          [
            77.2095568,
            28.5749581
          ],
          [
            77.2096622,
            28.5752386
          ],
          [
            77.2100577,
            28.5761769
          ],
          [
            77.2100897,
            28.5762551
          ]
        ]
      }
    },
    {
      "type": "Feature",
      "id": "osm-28616701",
      "properties": {
        "osmid": 28616701,
        "name": "Local Corridor",
        "highway": "secondary_link",
        "highwayCategory": "Galli / Local Lane",
        "isGalli": true
      },
      "geometry": {
        "type": "LineString",
        "coordinates": [
          [
            77.2103216,
            28.5785159
          ],
          [
            77.2102887,
            28.5784641
          ],
          [
            77.2102467,
            28.5784593
          ],
          [
            77.210179,
            28.5784742
          ]
        ]
      }
    },
    {
      "type": "Feature",
      "id": "osm-28616702",
      "properties": {
        "osmid": 28616702,
        "name": "Local Corridor",
        "highway": "secondary_link",
        "highwayCategory": "Galli / Local Lane",
        "isGalli": true
      },
      "geometry": {
        "type": "LineString",
        "coordinates": [
          [
            77.210493,
            28.5776006
          ],
          [
            77.2103506,
            28.5780898
          ],
          [
            77.2102798,
            28.5782511
          ],
          [
            77.210179,
            28.5784742
          ]
        ]
      }
    },
    {
      "type": "Feature",
      "id": "osm-28616703",
      "properties": {
        "osmid": 28616703,
        "name": "Vinay Marg Underpass",
        "highway": "secondary",
        "highwayCategory": "Municipal Thoroughfare",
        "isGalli": false
      },
      "geometry": {
        "type": "LineString",
        "coordinates": [
          [
            77.1908236,
            28.5814982
          ],
          [
            77.1907219,
            28.5813188
          ],
          [
            77.1903501,
            28.5806633
          ],
          [
            77.1901392,
            28.5801592
          ],
          [
            77.1900009,
            28.5797705
          ],
          [
            77.189994,
            28.5796824
          ],
          [
            77.190057,
            28.5795416
          ]
        ]
      }
    },
    {
      "type": "Feature",
      "id": "osm-28616704",
      "properties": {
        "osmid": 28616704,
        "name": "Vinay Marg Underpass",
        "highway": "secondary",
        "highwayCategory": "Municipal Thoroughfare",
        "isGalli": false
      },
      "geometry": {
        "type": "LineString",
        "coordinates": [
          [
            77.1910264,
            28.5818169
          ],
          [
            77.1908236,
            28.5814982
          ]
        ]
      }
    },
    {
      "type": "Feature",
      "id": "osm-28616705",
      "properties": {
        "osmid": 28616705,
        "name": "Vinay Marg Underpass",
        "highway": "secondary",
        "highwayCategory": "Municipal Thoroughfare",
        "isGalli": false
      },
      "geometry": {
        "type": "LineString",
        "coordinates": [
          [
            77.1898114,
            28.5795265
          ],
          [
            77.1898715,
            28.5796778
          ],
          [
            77.1899618,
            28.5798956
          ],
          [
            77.1900315,
            28.5800982
          ],
          [
            77.1901321,
            28.5803655
          ],
          [
            77.190226,
            28.5806152
          ],
          [
            77.1907101,
            28.5815134
          ]
        ]
      }
    },
    {
      "type": "Feature",
      "id": "osm-28616706",
      "properties": {
        "osmid": 28616706,
        "name": "Vinay Marg",
        "highway": "secondary",
        "highwayCategory": "Municipal Thoroughfare",
        "isGalli": false
      },
      "geometry": {
        "type": "LineString",
        "coordinates": [
          [
            77.1918136,
            28.5833549
          ],
          [
            77.1920184,
            28.5837047
          ],
          [
            77.1921535,
            28.5839355
          ],
          [
            77.1925396,
            28.5845948
          ],
          [
            77.1926082,
            28.5847119
          ],
          [
            77.1926265,
            28.5847432
          ],
          [
            77.192642,
            28.5848151
          ],
          [
            77.1926527,
            28.5848875
          ],
          [
            77.1926479,
            28.585022
          ]
        ]
      }
    },
    {
      "type": "Feature",
      "id": "osm-28616707",
      "properties": {
        "osmid": 28616707,
        "name": "Vinay Marg Underpass",
        "highway": "secondary",
        "highwayCategory": "Municipal Thoroughfare",
        "isGalli": false
      },
      "geometry": {
        "type": "LineString",
        "coordinates": [
          [
            77.1907101,
            28.5815134
          ],
          [
            77.1909048,
            28.5818328
          ]
        ]
      }
    },
    {
      "type": "Feature",
      "id": "osm-28616709",
      "properties": {
        "osmid": 28616709,
        "name": "Africa Avenue",
        "highway": "secondary",
        "highwayCategory": "Municipal Thoroughfare",
        "isGalli": false
      },
      "geometry": {
        "type": "LineString",
        "coordinates": [
          [
            77.1886443,
            28.5624036
          ],
          [
            77.1886173,
            28.5622733
          ],
          [
            77.1885169,
            28.5619323
          ],
          [
            77.1881428,
            28.5609326
          ],
          [
            77.1880845,
            28.5607923
          ],
          [
            77.1880556,
            28.5607149
          ],
          [
            77.1880081,
            28.5605701
          ],
          [
            77.1877991,
            28.5599898
          ],
          [
            77.1877715,
            28.5599132
          ],
          [
            77.1876344,
            28.5595353
          ],
          [
            77.1875772,
            28.5593776
          ],
          [
            77.1875687,
            28.559354
          ],
          [
            77.1874924,
            28.5591425
          ],
          [
            77.1870157,
            28.5578211
          ],
          [
            77.1864408,
            28.5561842
          ]
        ]
      }
    },
    {
      "type": "Feature",
      "id": "osm-28616711",
      "properties": {
        "osmid": 28616711,
        "name": "Akbar Road",
        "highway": "secondary",
        "highwayCategory": "Municipal Thoroughfare",
        "isGalli": false
      },
      "geometry": {
        "type": "LineString",
        "coordinates": [
          [
            77.2248036,
            28.6101203
          ],
          [
            77.224995,
            28.6101606
          ],
          [
            77.2250618,
            28.6101907
          ],
          [
            77.2269368,
            28.6110348
          ],
          [
            77.2270084,
            28.6110738
          ],
          [
            77.2272568,
            28.6112089
          ],
          [
            77.2273902,
            28.6113182
          ],
          [
            77.2274798,
            28.6114556
          ],
          [
            77.2276011,
            28.6116806
          ]
        ]
      }
    },
    {
      "type": "Feature",
      "id": "osm-28746242",
      "properties": {
        "osmid": 28746242,
        "name": "NH48",
        "highway": "trunk",
        "highwayCategory": "Municipal Thoroughfare",
        "isGalli": false
      },
      "geometry": {
        "type": "LineString",
        "coordinates": [
          [
            77.1475907,
            28.5867395
          ],
          [
            77.1477059,
            28.5867984
          ],
          [
            77.1478236,
            28.5868551
          ],
          [
            77.148126,
            28.5869797
          ],
          [
            77.1483131,
            28.5870533
          ],
          [
            77.1490929,
            28.5873318
          ],
          [
            77.1510447,
            28.5880634
          ]
        ]
      }
    },
    {
      "type": "Feature",
      "id": "osm-28746244",
      "properties": {
        "osmid": 28746244,
        "name": "Mahatma Gandhi Marg",
        "highway": "primary",
        "highwayCategory": "Municipal Thoroughfare",
        "isGalli": false
      },
      "geometry": {
        "type": "LineString",
        "coordinates": [
          [
            77.1777897,
            28.5756991
          ],
          [
            77.1780179,
            28.5753146
          ],
          [
            77.1789518,
            28.5738003
          ],
          [
            77.1791751,
            28.573465
          ],
          [
            77.1792688,
            28.5733417
          ],
          [
            77.1798729,
            28.5726402
          ],
          [
            77.1803242,
            28.5722092
          ],
          [
            77.1809753,
            28.5717208
          ],
          [
            77.1816895,
            28.5712735
          ],
          [
            77.1823358,
            28.5709299
          ],
          [
            77.1826074,
            28.5707855
          ],
          [
            77.1831051,
            28.5705518
          ],
          [
            77.1832733,
            28.5704682
          ],
          [
            77.1835634,
            28.5703578
          ],
          [
            77.184085,
            28.5702176
          ],
          [
            77.1846403,
            28.5701564
          ],
          [
            77.1850348,
            28.570113
          ],
          [
            77.1855052,
            28.5700612
          ],
          [
            77.1860965,
            28.569996
          ],
          [
            77.1862964,
            28.569974
          ]
        ]
      }
    },
    {
      "type": "Feature",
      "id": "osm-28746245",
      "properties": {
        "osmid": 28746245,
        "name": "Mahatma Gandhi Marg",
        "highway": "primary",
        "highwayCategory": "Municipal Thoroughfare",
        "isGalli": false
      },
      "geometry": {
        "type": "LineString",
        "coordinates": [
          [
            77.2021485,
            28.5698191
          ],
          [
            77.203102,
            28.5697566
          ],
          [
            77.2044204,
            28.5696818
          ],
          [
            77.2051353,
            28.569644
          ],
          [
            77.2060804,
            28.5695941
          ],
          [
            77.2063729,
            28.5696321
          ],
          [
            77.2065309,
            28.5696718
          ],
          [
            77.2067053,
            28.5697319
          ]
        ]
      }
    },
    {
      "type": "Feature",
      "id": "osm-28773614",
      "properties": {
        "osmid": 28773614,
        "name": "Mahatma Gandhi Marg",
        "highway": "primary",
        "highwayCategory": "Municipal Thoroughfare",
        "isGalli": false
      },
      "geometry": {
        "type": "LineString",
        "coordinates": [
          [
            77.1747909,
            28.5806022
          ],
          [
            77.1744839,
            28.5811371
          ],
          [
            77.1742986,
            28.58146
          ],
          [
            77.1738839,
            28.5821585
          ],
          [
            77.1730541,
            28.5835561
          ],
          [
            77.1721939,
            28.5849952
          ],
          [
            77.1718357,
            28.5856269
          ],
          [
            77.1709271,
            28.5870533
          ],
          [
            77.1705783,
            28.587591
          ],
          [
            77.1700831,
            28.5883542
          ],
          [
            77.1699707,
            28.5885024
          ],
          [
            77.1698646,
            28.5886423
          ],
          [
            77.1696825,
            28.5889143
          ],
          [
            77.1694038,
            28.5893307
          ],
          [
            77.1687869,
            28.5902335
          ]
        ]
      }
    },
    {
      "type": "Feature",
      "id": "osm-28773617",
      "properties": {
        "osmid": 28773617,
        "name": "Rao Tula Ram Marg",
        "highway": "secondary",
        "highwayCategory": "Municipal Thoroughfare",
        "isGalli": false
      },
      "geometry": {
        "type": "LineString",
        "coordinates": [
          [
            77.162557,
            28.5725098
          ],
          [
            77.165874,
            28.574002
          ],
          [
            77.1671804,
            28.5745984
          ],
          [
            77.1684872,
            28.5751624
          ]
        ]
      }
    },
    {
      "type": "Feature",
      "id": "osm-29530395",
      "properties": {
        "osmid": 29530395,
        "name": "Local Corridor",
        "highway": "service",
        "highwayCategory": "Galli / Local Lane",
        "isGalli": true
      },
      "geometry": {
        "type": "LineString",
        "coordinates": [
          [
            77.1696496,
            28.5515335
          ],
          [
            77.1696227,
            28.5514906
          ],
          [
            77.169558,
            28.5513925
          ],
          [
            77.1693812,
            28.5511241
          ],
          [
            77.1692105,
            28.5509008
          ],
          [
            77.1688714,
            28.5504061
          ],
          [
            77.1687551,
            28.5502332
          ],
          [
            77.1686906,
            28.5501243
          ],
          [
            77.1685607,
            28.5498914
          ],
          [
            77.168349,
            28.5494495
          ],
          [
            77.1683054,
            28.5493659
          ],
          [
            77.1682599,
            28.5492855
          ],
          [
            77.1682223,
            28.549237
          ],
          [
            77.1680998,
            28.5490964
          ],
          [
            77.1680445,
            28.5490163
          ],
          [
            77.167946,
            28.5488428
          ],
          [
            77.1678452,
            28.5486726
          ],
          [
            77.1677894,
            28.5485841
          ],
          [
            77.1677407,
            28.5485304
          ],
          [
            77.1676,
            28.5483832
          ],
          [
            77.167406,
            28.5482151
          ],
          [
            77.1673246,
            28.5481356
          ],
          [
            77.1670773,
            28.5477954
          ],
          [
            77.1670332,
            28.5477309
          ],
          [
            77.1669776,
            28.5476609
          ],
          [
            77.1668817,
            28.5475483
          ],
          [
            77.1667592,
            28.5474114
          ],
          [
            77.1666932,
            28.5473396
          ],
          [
            77.1665892,
            28.5472144
          ],
          [
            77.1665469,
            28.5471557
          ],
          [
            77.1664904,
            28.5470675
          ],
          [
            77.1663419,
            28.5468339
          ],
          [
            77.1660967,
            28.5465286
          ],
          [
            77.1654996,
            28.5459137
          ],
          [
            77.1651377,
            28.5456531
          ],
          [
            77.1649831,
            28.5455183
          ],
          [
            77.164805,
            28.545354
          ],
          [
            77.1646223,
            28.5451806
          ],
          [
            77.1641533,
            28.5446966
          ]
        ]
      }
    },
    {
      "type": "Feature",
      "id": "osm-29530408",
      "properties": {
        "osmid": 29530408,
        "name": "Shaheed Jeet Singh Marg",
        "highway": "secondary",
        "highwayCategory": "Municipal Thoroughfare",
        "isGalli": false
      },
      "geometry": {
        "type": "LineString",
        "coordinates": [
          [
            77.1969809,
            28.5364272
          ],
          [
            77.1965624,
            28.536615
          ],
          [
            77.1958932,
            28.5368777
          ],
          [
            77.1949249,
            28.5372347
          ],
          [
            77.1945736,
            28.5373537
          ],
          [
            77.1940465,
            28.5375481
          ],
          [
            77.1932432,
            28.5378344
          ],
          [
            77.1923621,
            28.5381525
          ],
          [
            77.1915869,
            28.5384152
          ],
          [
            77.1907434,
            28.538731
          ],
          [
            77.1899615,
            28.5390043
          ],
          [
            77.1896611,
            28.5391021
          ],
          [
            77.1891461,
            28.5392888
          ],
          [
            77.1888741,
            28.5393895
          ],
          [
            77.1885802,
            28.539485
          ],
          [
            77.1882846,
            28.5395912
          ]
        ]
      }
    },
    {
      "type": "Feature",
      "id": "osm-29530426",
      "properties": {
        "osmid": 29530426,
        "name": "Basant Kaur Marg",
        "highway": "secondary",
        "highwayCategory": "Municipal Thoroughfare",
        "isGalli": false
      },
      "geometry": {
        "type": "LineString",
        "coordinates": [
          [
            77.2005689,
            28.5315602
          ],
          [
            77.2008182,
            28.5317065
          ],
          [
            77.2012764,
            28.5319098
          ],
          [
            77.2018141,
            28.5320755
          ],
          [
            77.2027093,
            28.5322571
          ],
          [
            77.2030924,
            28.5323435
          ],
          [
            77.203536,
            28.5324435
          ],
          [
            77.2038452,
            28.5325132
          ],
          [
            77.2043099,
            28.5326087
          ],
          [
            77.2046347,
            28.532681
          ],
          [
            77.2051405,
            28.5328197
          ],
          [
            77.2055274,
            28.5329557
          ],
          [
            77.2058021,
            28.5330957
          ],
          [
            77.2061745,
            28.5333162
          ],
          [
            77.2064491,
            28.5335381
          ],
          [
            77.2064994,
            28.5335857
          ],
          [
            77.2066928,
            28.5337685
          ],
          [
            77.2068828,
            28.5339498
          ],
          [
            77.2069199,
            28.5339852
          ],
          [
            77.2069807,
            28.5340432
          ],
          [
            77.2075532,
            28.5346063
          ],
          [
            77.2075773,
            28.53463
          ],
          [
            77.207677,
            28.534728
          ],
          [
            77.208876,
            28.5359265
          ],
          [
            77.2092995,
            28.5363067
          ],
          [
            77.2095193,
            28.5365237
          ],
          [
            77.209797,
            28.5367981
          ],
          [
            77.2100449,
            28.5370397
          ],
          [
            77.2100684,
            28.5370598
          ],
          [
            77.21073,
            28.5377198
          ],
          [
            77.2107822,
            28.5377713
          ],
          [
            77.2108914,
            28.537884
          ],
          [
            77.2110443,
            28.5380264
          ]
        ]
      }
    },
    {
      "type": "Feature",
      "id": "osm-29534845",
      "properties": {
        "osmid": 29534845,
        "name": "Tamil Sangam Marg",
        "highway": "tertiary",
        "highwayCategory": "Municipal Thoroughfare",
        "isGalli": false
      },
      "geometry": {
        "type": "LineString",
        "coordinates": [
          [
            77.1725552,
            28.5714509
          ],
          [
            77.1726113,
            28.571301
          ],
          [
            77.1726291,
            28.5712536
          ],
          [
            77.172697,
            28.571085
          ],
          [
            77.1730711,
            28.5701563
          ],
          [
            77.1731439,
            28.5699945
          ],
          [
            77.1733144,
            28.5696156
          ],
          [
            77.1734144,
            28.5694653
          ],
          [
            77.1740842,
            28.5687707
          ],
          [
            77.1741219,
            28.568725
          ],
          [
            77.1749106,
            28.5679519
          ],
          [
            77.1753238,
            28.5675502
          ],
          [
            77.1754951,
            28.5673837
          ],
          [
            77.1756469,
            28.5672361
          ],
          [
            77.1758177,
            28.567062
          ],
          [
            77.1765084,
            28.566358
          ],
          [
            77.1767529,
            28.5661312
          ],
          [
            77.1768074,
            28.5660807
          ]
        ]
      }
    },
    {
      "type": "Feature",
      "id": "osm-29534879",
      "properties": {
        "osmid": 29534879,
        "name": "Aurobindo Marg",
        "highway": "trunk",
        "highwayCategory": "Municipal Thoroughfare",
        "isGalli": false
      },
      "geometry": {
        "type": "LineString",
        "coordinates": [
          [
            77.2052988,
            28.5537429
          ],
          [
            77.2054907,
            28.5541557
          ],
          [
            77.2061045,
            28.555517
          ],
          [
            77.2060936,
            28.5556845
          ],
          [
            77.2061876,
            28.5560719
          ],
          [
            77.2062865,
            28.5562667
          ],
          [
            77.2063039,
            28.556335
          ],
          [
            77.2063589,
            28.5565501
          ],
          [
            77.2064828,
            28.5570812
          ],
          [
            77.2064911,
            28.5571166
          ],
          [
            77.206504,
            28.5571722
          ],
          [
            77.2065569,
            28.5574927
          ],
          [
            77.2065617,
            28.5575244
          ],
          [
            77.2066565,
            28.5578922
          ],
          [
            77.2067237,
            28.5582102
          ],
          [
            77.2068125,
            28.5586623
          ],
          [
            77.2068683,
            28.5589662
          ],
          [
            77.2069228,
            28.5592742
          ],
          [
            77.2069588,
            28.5594777
          ],
          [
            77.2069674,
            28.559538
          ],
          [
            77.206972,
            28.5595672
          ],
          [
            77.2070406,
            28.5598832
          ],
          [
            77.2070704,
            28.5600239
          ],
          [
            77.2071305,
            28.5603079
          ],
          [
            77.2072573,
            28.561319
          ],
          [
            77.2073072,
            28.5617169
          ],
          [
            77.2074201,
            28.5624336
          ],
          [
            77.207524,
            28.5632159
          ],
          [
            77.2075314,
            28.5637267
          ],
          [
            77.2075337,
            28.5640369
          ],
          [
            77.2074821,
            28.5642851
          ],
          [
            77.2073905,
            28.5645082
          ],
          [
            77.2073511,
            28.5647654
          ],
          [
            77.2073355,
            28.5650147
          ],
          [
            77.2073315,
            28.5651301
          ],
          [
            77.2073328,
            28.5651866
          ],
          [
            77.2073422,
            28.5652396
          ],
          [
            77.2073877,
            28.5654088
          ],
          [
            77.2074665,
            28.5657235
          ]
        ]
      }
    },
    {
      "type": "Feature",
      "id": "osm-30068288",
      "properties": {
        "osmid": 30068288,
        "name": "BRT to Hansraj Gupta Marg",
        "highway": "tertiary",
        "highwayCategory": "Municipal Thoroughfare",
        "isGalli": false
      },
      "geometry": {
        "type": "LineString",
        "coordinates": [
          [
            77.2318396,
            28.5530438
          ],
          [
            77.2311937,
            28.5531068
          ],
          [
            77.2303293,
            28.5531704
          ],
          [
            77.2300412,
            28.5531841
          ],
          [
            77.2299673,
            28.5531876
          ],
          [
            77.2297925,
            28.5532521
          ],
          [
            77.2296712,
            28.5533003
          ],
          [
            77.2288048,
            28.5537849
          ],
          [
            77.2285077,
            28.5538754
          ],
          [
            77.2283338,
            28.5539284
          ]
        ]
      }
    },
    {
      "type": "Feature",
      "id": "osm-31056641",
      "properties": {
        "osmid": 31056641,
        "name": "Local Corridor",
        "highway": "tertiary",
        "highwayCategory": "Municipal Thoroughfare",
        "isGalli": false
      },
      "geometry": {
        "type": "LineString",
        "coordinates": [
          [
            77.2164245,
            28.6329636
          ],
          [
            77.216192,
            28.6330133
          ]
        ]
      }
    },
    {
      "type": "Feature",
      "id": "osm-31056642",
      "properties": {
        "osmid": 31056642,
        "name": "Local Corridor",
        "highway": "tertiary",
        "highwayCategory": "Municipal Thoroughfare",
        "isGalli": false
      },
      "geometry": {
        "type": "LineString",
        "coordinates": [
          [
            77.2058886,
            28.6337254
          ],
          [
            77.2058686,
            28.6336372
          ],
          [
            77.2058159,
            28.63356
          ],
          [
            77.2057367,
            28.6335028
          ],
          [
            77.2056402,
            28.6334724
          ],
          [
            77.2055377,
            28.6334722
          ],
          [
            77.2054523,
            28.633497
          ],
          [
            77.2053792,
            28.6335429
          ],
          [
            77.2053247,
            28.6336057
          ],
          [
            77.2052939,
            28.6336799
          ],
          [
            77.2052895,
            28.6337587
          ],
          [
            77.2053119,
            28.6338352
          ]
        ]
      }
    },
    {
      "type": "Feature",
      "id": "osm-31056643",
      "properties": {
        "osmid": 31056643,
        "name": "Peshwa Road",
        "highway": "tertiary",
        "highwayCategory": "Municipal Thoroughfare",
        "isGalli": false
      },
      "geometry": {
        "type": "LineString",
        "coordinates": [
          [
            77.2053119,
            28.6338352
          ],
          [
            77.2051228,
            28.6339519
          ],
          [
            77.204615,
            28.6342653
          ],
          [
            77.2032938,
            28.6349972
          ],
          [
            77.2025502,
            28.6354048
          ],
          [
            77.202059,
            28.635674
          ],
          [
            77.2018715,
            28.6357927
          ],
          [
            77.2018392,
            28.6358131
          ],
          [
            77.2018164,
            28.6358276
          ],
          [
            77.2016814,
            28.6358937
          ]
        ]
      }
    },
    {
      "type": "Feature",
      "id": "osm-31056644",
      "properties": {
        "osmid": 31056644,
        "name": "Peshwa Road",
        "highway": "tertiary",
        "highwayCategory": "Municipal Thoroughfare",
        "isGalli": false
      },
      "geometry": {
        "type": "LineString",
        "coordinates": [
          [
            77.2018833,
            28.6359205
          ],
          [
            77.2019476,
            28.6358846
          ],
          [
            77.2026072,
            28.6355155
          ],
          [
            77.2033984,
            28.6350729
          ],
          [
            77.2045996,
            28.6343726
          ],
          [
            77.2051838,
            28.6340321
          ],
          [
            77.2051977,
            28.634024
          ],
          [
            77.205377,
            28.6339194
          ]
        ]
      }
    },
    {
      "type": "Feature",
      "id": "osm-31056645",
      "properties": {
        "osmid": 31056645,
        "name": "Mandir Marg",
        "highway": "tertiary",
        "highwayCategory": "Municipal Thoroughfare",
        "isGalli": false
      },
      "geometry": {
        "type": "LineString",
        "coordinates": [
          [
            77.2017427,
            28.6359892
          ],
          [
            77.2017639,
            28.6360239
          ],
          [
            77.2018325,
            28.636136
          ],
          [
            77.2026718,
            28.637279
          ],
          [
            77.2029495,
            28.6377503
          ],
          [
            77.2032941,
            28.6383402
          ],
          [
            77.2033308,
            28.6384085
          ],
          [
            77.2034062,
            28.6385489
          ],
          [
            77.2034775,
            28.6386817
          ],
          [
            77.2036753,
            28.6389607
          ],
          [
            77.2038872,
            28.6392549
          ],
          [
            77.2041866,
            28.639667
          ],
          [
            77.2042095,
            28.6396986
          ],
          [
            77.2044486,
            28.6400265
          ],
          [
            77.2046019,
            28.6402373
          ],
          [
            77.2046936,
            28.6403633
          ],
          [
            77.2049717,
            28.6407467
          ]
        ]
      }
    },
    {
      "type": "Feature",
      "id": "osm-31056646",
      "properties": {
        "osmid": 31056646,
        "name": "Mandir Marg",
        "highway": "tertiary",
        "highwayCategory": "Municipal Thoroughfare",
        "isGalli": false
      },
      "geometry": {
        "type": "LineString",
        "coordinates": [
          [
            77.2054196,
            28.6411042
          ],
          [
            77.2052337,
            28.6410017
          ],
          [
            77.2051445,
            28.6408703
          ],
          [
            77.2049933,
            28.6406477
          ],
          [
            77.2048198,
            28.6403811
          ],
          [
            77.2047136,
            28.6402085
          ],
          [
            77.2044938,
            28.6398855
          ],
          [
            77.2043822,
            28.6397344
          ],
          [
            77.204296,
            28.6396125
          ],
          [
            77.2040541,
            28.63929
          ],
          [
            77.2037832,
            28.6389122
          ],
          [
            77.2035938,
            28.6386025
          ],
          [
            77.2034331,
            28.6382792
          ],
          [
            77.2028213,
            28.6370929
          ],
          [
            77.2026002,
            28.6368199
          ],
          [
            77.2022029,
            28.6363295
          ],
          [
            77.2019883,
            28.6360645
          ],
          [
            77.2019058,
            28.6359514
          ],
          [
            77.2018986,
            28.6359415
          ],
          [
            77.2018833,
            28.6359205
          ]
        ]
      }
    },
    {
      "type": "Feature",
      "id": "osm-31056831",
      "properties": {
        "osmid": 31056831,
        "name": "Dr K S Krishnan Road",
        "highway": "tertiary",
        "highwayCategory": "Municipal Thoroughfare",
        "isGalli": false
      },
      "geometry": {
        "type": "LineString",
        "coordinates": [
          [
            77.1747659,
            28.6415234
          ],
          [
            77.1746698,
            28.6412928
          ],
          [
            77.1745474,
            28.6409988
          ],
          [
            77.1744503,
            28.6407655
          ],
          [
            77.1743752,
            28.6405852
          ],
          [
            77.1743149,
            28.6403988
          ],
          [
            77.1742894,
            28.6402086
          ],
          [
            77.1742693,
            28.6400486
          ],
          [
            77.1743228,
            28.6397379
          ],
          [
            77.1744238,
            28.6394638
          ],
          [
            77.1746489,
            28.638926
          ],
          [
            77.1747185,
            28.638476
          ],
          [
            77.1746747,
            28.6378036
          ],
          [
            77.174667,
            28.6377453
          ],
          [
            77.17453,
            28.6368091
          ],
          [
            77.1744487,
            28.6362536
          ],
          [
            77.1741864,
            28.6344608
          ],
          [
            77.1740335,
            28.6338947
          ],
          [
            77.1738991,
            28.6336878
          ],
          [
            77.1738172,
            28.6335616
          ]
        ]
      }
    },
    {
      "type": "Feature",
      "id": "osm-31058500",
      "properties": {
        "osmid": 31058500,
        "name": "Pusa Road",
        "highway": "secondary",
        "highwayCategory": "Municipal Thoroughfare",
        "isGalli": false
      },
      "geometry": {
        "type": "LineString",
        "coordinates": [
          [
            77.196921,
            28.6451177
          ],
          [
            77.194791,
            28.6447996
          ],
          [
            77.1929719,
            28.6445128
          ],
          [
            77.1924647,
            28.6444437
          ],
          [
            77.1917299,
            28.6443302
          ],
          [
            77.1916749,
            28.6443217
          ],
          [
            77.1915443,
            28.6443015
          ],
          [
            77.1901201,
            28.6441092
          ],
          [
            77.1890139,
            28.6439456
          ],
          [
            77.1885443,
            28.6438768
          ],
          [
            77.1869856,
            28.6436487
          ],
          [
            77.1869009,
            28.6436366
          ],
          [
            77.1867697,
            28.6436179
          ],
          [
            77.1867161,
            28.6436145
          ],
          [
            77.1861173,
            28.6435247
          ],
          [
            77.1858077,
            28.6435065
          ],
          [
            77.1843817,
            28.6432708
          ],
          [
            77.1835423,
            28.6431422
          ]
        ]
      }
    },
    {
      "type": "Feature",
      "id": "osm-31058505",
      "properties": {
        "osmid": 31058505,
        "name": "Link Road",
        "highway": "secondary",
        "highwayCategory": "Municipal Thoroughfare",
        "isGalli": false
      },
      "geometry": {
        "type": "LineString",
        "coordinates": [
          [
            77.1978036,
            28.6453559
          ],
          [
            77.1979608,
            28.6452703
          ],
          [
            77.1979948,
            28.6452518
          ],
          [
            77.1986482,
            28.6449796
          ],
          [
            77.1987519,
            28.6449322
          ],
          [
            77.1989305,
            28.6448505
          ],
          [
            77.1994985,
            28.6445928
          ],
          [
            77.1997951,
            28.644455
          ],
          [
            77.200227,
            28.6442574
          ],
          [
            77.20037,
            28.6442033
          ],
          [
            77.2004122,
            28.6441881
          ],
          [
            77.2015878,
            28.6436265
          ],
          [
            77.2021302,
            28.643414
          ],
          [
            77.2028629,
            28.6431269
          ],
          [
            77.2029256,
            28.6431054
          ],
          [
            77.2029582,
            28.6431095
          ],
          [
            77.2029878,
            28.6431267
          ],
          [
            77.2031009,
            28.6431992
          ]
        ]
      }
    },
    {
      "type": "Feature",
      "id": "osm-31058508",
      "properties": {
        "osmid": 31058508,
        "name": "Panchkuian Road",
        "highway": "secondary",
        "highwayCategory": "Municipal Thoroughfare",
        "isGalli": false
      },
      "geometry": {
        "type": "LineString",
        "coordinates": [
          [
            77.2076279,
            28.6397089
          ],
          [
            77.2070375,
            28.6400336
          ],
          [
            77.206524,
            28.6403103
          ],
          [
            77.2064343,
            28.6403587
          ],
          [
            77.206141,
            28.6405168
          ],
          [
            77.2060557,
            28.6405628
          ],
          [
            77.2052898,
            28.6409715
          ],
          [
            77.2052337,
            28.6410017
          ]
        ]
      }
    },
    {
      "type": "Feature",
      "id": "osm-31058510",
      "properties": {
        "osmid": 31058510,
        "name": "Panchkuian Road",
        "highway": "secondary",
        "highwayCategory": "Municipal Thoroughfare",
        "isGalli": false
      },
      "geometry": {
        "type": "LineString",
        "coordinates": [
          [
            77.2054196,
            28.6411042
          ],
          [
            77.2066641,
            28.6404166
          ],
          [
            77.2076823,
            28.6398541
          ],
          [
            77.2079363,
            28.6397138
          ]
        ]
      }
    },
    {
      "type": "Feature",
      "id": "osm-31059203",
      "properties": {
        "osmid": 31059203,
        "name": "Local Corridor",
        "highway": "tertiary",
        "highwayCategory": "Municipal Thoroughfare",
        "isGalli": false
      },
      "geometry": {
        "type": "LineString",
        "coordinates": [
          [
            77.1951635,
            28.581958
          ],
          [
            77.1951434,
            28.5816501
          ],
          [
            77.1950832,
            28.5810319
          ],
          [
            77.1951238,
            28.5796155
          ]
        ]
      }
    },
    {
      "type": "Feature",
      "id": "osm-31059204",
      "properties": {
        "osmid": 31059204,
        "name": "G-Avenue",
        "highway": "tertiary",
        "highwayCategory": "Municipal Thoroughfare",
        "isGalli": false
      },
      "geometry": {
        "type": "LineString",
        "coordinates": [
          [
            77.1951635,
            28.581958
          ],
          [
            77.1952114,
            28.5825111
          ],
          [
            77.1952494,
            28.5829526
          ],
          [
            77.1952999,
            28.5834533
          ],
          [
            77.1953227,
            28.5836941
          ],
          [
            77.1954179,
            28.5842414
          ],
          [
            77.1954499,
            28.5846236
          ],
          [
            77.1954548,
            28.584673
          ]
        ]
      }
    },
    {
      "type": "Feature",
      "id": "osm-31059207",
      "properties": {
        "osmid": 31059207,
        "name": "Local Corridor",
        "highway": "tertiary",
        "highwayCategory": "Municipal Thoroughfare",
        "isGalli": false
      },
      "geometry": {
        "type": "LineString",
        "coordinates": [
          [
            77.1993178,
            28.5694268
          ],
          [
            77.1993387,
            28.5690715
          ],
          [
            77.1993555,
            28.5681881
          ],
          [
            77.1993599,
            28.5680934
          ],
          [
            77.1993531,
            28.5677074
          ],
          [
            77.1994249,
            28.5674027
          ],
          [
            77.1995074,
            28.5670904
          ],
          [
            77.1996226,
            28.5668581
          ],
          [
            77.1999745,
            28.5662752
          ],
          [
            77.2001349,
            28.5659852
          ],
          [
            77.2001583,
            28.565891
          ],
          [
            77.2002145,
            28.5656281
          ],
          [
            77.200255,
            28.5653965
          ],
          [
            77.2002642,
            28.5653445
          ]
        ]
      }
    },
    {
      "type": "Feature",
      "id": "osm-31059210",
      "properties": {
        "osmid": 31059210,
        "name": "Local Corridor",
        "highway": "service",
        "highwayCategory": "Galli / Local Lane",
        "isGalli": true
      },
      "geometry": {
        "type": "LineString",
        "coordinates": [
          [
            77.2039878,
            28.5694773
          ],
          [
            77.2039864,
            28.569457
          ],
          [
            77.2039841,
            28.5694326
          ],
          [
            77.2039815,
            28.5693471
          ],
          [
            77.2039618,
            28.5692042
          ],
          [
            77.2039289,
            28.5690451
          ],
          [
            77.2038909,
            28.5688698
          ],
          [
            77.2038557,
            28.5687512
          ],
          [
            77.2037976,
            28.5686012
          ],
          [
            77.2037641,
            28.5685115
          ],
          [
            77.2037101,
            28.568382
          ],
          [
            77.203637,
            28.5681805
          ],
          [
            77.2035175,
            28.5678763
          ],
          [
            77.2035051,
            28.5678314
          ],
          [
            77.203348,
            28.5672605
          ],
          [
            77.2032968,
            28.5672239
          ]
        ]
      }
    },
    {
      "type": "Feature",
      "id": "osm-31059775",
      "properties": {
        "osmid": 31059775,
        "name": "AIIMS Flyover",
        "highway": "primary_link",
        "highwayCategory": "Galli / Local Lane",
        "isGalli": true
      },
      "geometry": {
        "type": "LineString",
        "coordinates": [
          [
            77.2089584,
            28.5697338
          ],
          [
            77.2089818,
            28.5696869
          ],
          [
            77.2090061,
            28.5696459
          ],
          [
            77.2090362,
            28.569608
          ],
          [
            77.2090715,
            28.5695737
          ],
          [
            77.2091115,
            28.5695436
          ],
          [
            77.2091554,
            28.5695182
          ],
          [
            77.2092027,
            28.5694979
          ],
          [
            77.2092525,
            28.5694831
          ],
          [
            77.2093041,
            28.5694739
          ],
          [
            77.2093566,
            28.5694705
          ],
          [
            77.2094091,
            28.5694729
          ],
          [
            77.2094609,
            28.5694812
          ],
          [
            77.209511,
            28.5694952
          ],
          [
            77.2095588,
            28.5695147
          ],
          [
            77.2096033,
            28.5695393
          ],
          [
            77.2096439,
            28.5695687
          ],
          [
            77.20968,
            28.5696024
          ],
          [
            77.2097109,
            28.5696398
          ],
          [
            77.2097361,
            28.5696803
          ],
          [
            77.2097553,
            28.5697233
          ],
          [
            77.2097682,
            28.5697681
          ],
          [
            77.2097745,
            28.569814
          ],
          [
            77.2097739,
            28.5698602
          ]
        ]
      }
    },
    {
      "type": "Feature",
      "id": "osm-31060395",
      "properties": {
        "osmid": 31060395,
        "name": "Panchkuian Road",
        "highway": "secondary",
        "highwayCategory": "Municipal Thoroughfare",
        "isGalli": false
      },
      "geometry": {
        "type": "LineString",
        "coordinates": [
          [
            77.2036923,
            28.642988
          ],
          [
            77.2037221,
            28.6427645
          ],
          [
            77.2037575,
            28.6426022
          ],
          [
            77.2038146,
            28.6424806
          ],
          [
            77.203912,
            28.6423137
          ],
          [
            77.2042948,
            28.6418725
          ],
          [
            77.2043498,
            28.6418313
          ],
          [
            77.2047988,
            28.6414944
          ],
          [
            77.2048674,
            28.6414505
          ],
          [
            77.2052099,
            28.6412314
          ],
          [
            77.205265,
            28.6411962
          ],
          [
            77.2052862,
            28.6411826
          ],
          [
            77.2053421,
            28.6411482
          ],
          [
            77.2054196,
            28.6411042
          ]
        ]
      }
    },
    {
      "type": "Feature",
      "id": "osm-31536251",
      "properties": {
        "osmid": 31536251,
        "name": "Local Corridor",
        "highway": "service",
        "highwayCategory": "Galli / Local Lane",
        "isGalli": true
      },
      "geometry": {
        "type": "LineString",
        "coordinates": [
          [
            77.1847765,
            28.5387303
          ],
          [
            77.1849062,
            28.5390371
          ],
          [
            77.1851246,
            28.5394572
          ],
          [
            77.185165,
            28.5395128
          ],
          [
            77.1851926,
            28.5395473
          ],
          [
            77.1852227,
            28.539585
          ],
          [
            77.1852612,
            28.5396369
          ],
          [
            77.1853037,
            28.5397066
          ],
          [
            77.1854627,
            28.540051
          ],
          [
            77.1854905,
            28.540137
          ],
          [
            77.185524,
            28.5402871
          ],
          [
            77.1855256,
            28.5402958
          ]
        ]
      }
    },
    {
      "type": "Feature",
      "id": "osm-31565513",
      "properties": {
        "osmid": 31565513,
        "name": "Local Corridor",
        "highway": "service",
        "highwayCategory": "Galli / Local Lane",
        "isGalli": true
      },
      "geometry": {
        "type": "LineString",
        "coordinates": [
          [
            77.1861119,
            28.5385541
          ],
          [
            77.1860547,
            28.538576
          ],
          [
            77.1854911,
            28.5387567
          ]
        ]
      }
    },
    {
      "type": "Feature",
      "id": "osm-31566523",
      "properties": {
        "osmid": 31566523,
        "name": "Chaudhary Dalip Singh Marg",
        "highway": "tertiary",
        "highwayCategory": "Municipal Thoroughfare",
        "isGalli": false
      },
      "geometry": {
        "type": "LineString",
        "coordinates": [
          [
            77.206168,
            28.5499519
          ],
          [
            77.206912,
            28.5497993
          ],
          [
            77.2074254,
            28.5496603
          ],
          [
            77.2078817,
            28.5495412
          ],
          [
            77.2080021,
            28.5495111
          ],
          [
            77.2081275,
            28.5494787
          ],
          [
            77.2085952,
            28.5493852
          ],
          [
            77.2088167,
            28.5493526
          ],
          [
            77.2092155,
            28.549294
          ],
          [
            77.209456,
            28.5492586
          ],
          [
            77.2095249,
            28.5492461
          ],
          [
            77.209678,
            28.5492291
          ]
        ]
      }
    },
    {
      "type": "Feature",
      "id": "osm-31756483",
      "properties": {
        "osmid": 31756483,
        "name": "Aurobindo Marg Flyover",
        "highway": "secondary",
        "highwayCategory": "Municipal Thoroughfare",
        "isGalli": false
      },
      "geometry": {
        "type": "LineString",
        "coordinates": [
          [
            77.2123384,
            28.582224
          ],
          [
            77.2115407,
            28.5794322
          ],
          [
            77.2114341,
            28.5791334
          ],
          [
            77.2111538,
            28.578414
          ]
        ]
      }
    },
    {
      "type": "Feature",
      "id": "osm-31756484",
      "properties": {
        "osmid": 31756484,
        "name": "Aurobindo Marg",
        "highway": "secondary",
        "highwayCategory": "Municipal Thoroughfare",
        "isGalli": false
      },
      "geometry": {
        "type": "LineString",
        "coordinates": [
          [
            77.2124326,
            28.5834334
          ],
          [
            77.2124272,
            28.5836153
          ],
          [
            77.212425,
            28.583744
          ],
          [
            77.2124208,
            28.5838039
          ],
          [
            77.212413,
            28.5839152
          ],
          [
            77.2124074,
            28.5839941
          ],
          [
            77.2124011,
            28.5841233
          ],
          [
            77.2123936,
            28.584238
          ],
          [
            77.2123921,
            28.584311
          ],
          [
            77.2123901,
            28.5844107
          ],
          [
            77.2123806,
            28.584598
          ],
          [
            77.2123746,
            28.5848236
          ],
          [
            77.2123653,
            28.5849479
          ],
          [
            77.2123593,
            28.5850411
          ],
          [
            77.212366,
            28.5853096
          ],
          [
            77.2123726,
            28.585471
          ],
          [
            77.2123798,
            28.5855435
          ],
          [
            77.2124321,
            28.5858198
          ],
          [
            77.2124745,
            28.5861873
          ],
          [
            77.212537,
            28.5867318
          ],
          [
            77.2125701,
            28.5870283
          ],
          [
            77.2126831,
            28.5879907
          ],
          [
            77.2128154,
            28.5892278
          ],
          [
            77.2128291,
            28.5893559
          ],
          [
            77.2128306,
            28.5894262
          ],
          [
            77.2128325,
            28.5895147
          ]
        ]
      }
    },
    {
      "type": "Feature",
      "id": "osm-31756485",
      "properties": {
        "osmid": 31756485,
        "name": "Aurobindo Marg",
        "highway": "secondary",
        "highwayCategory": "Municipal Thoroughfare",
        "isGalli": false
      },
      "geometry": {
        "type": "LineString",
        "coordinates": [
          [
            77.2102961,
            28.5764204
          ],
          [
            77.2101773,
            28.5761593
          ],
          [
            77.2099733,
            28.5756545
          ],
          [
            77.2097869,
            28.5751934
          ],
          [
            77.2096332,
            28.5748132
          ],
          [
            77.2095424,
            28.5742832
          ],
          [
            77.2094834,
            28.5737613
          ],
          [
            77.2094732,
            28.5736829
          ],
          [
            77.2094574,
            28.573436
          ],
          [
            77.2094553,
            28.5733477
          ],
          [
            77.2094509,
            28.5732444
          ],
          [
            77.2094403,
            28.5731384
          ],
          [
            77.2094039,
            28.5728814
          ]
        ]
      }
    },
    {
      "type": "Feature",
      "id": "osm-31756488",
      "properties": {
        "osmid": 31756488,
        "name": "Local Corridor",
        "highway": "secondary",
        "highwayCategory": "Municipal Thoroughfare",
        "isGalli": false
      },
      "geometry": {
        "type": "LineString",
        "coordinates": [
          [
            77.1982308,
            28.6232092
          ],
          [
            77.1981137,
            28.6232341
          ],
          [
            77.1980129,
            28.6232875
          ],
          [
            77.1979413,
            28.6234015
          ]
        ]
      }
    },
    {
      "type": "Feature",
      "id": "osm-31756489",
      "properties": {
        "osmid": 31756489,
        "name": "Kumaraswami Kamaraj Marg",
        "highway": "secondary",
        "highwayCategory": "Municipal Thoroughfare",
        "isGalli": false
      },
      "geometry": {
        "type": "LineString",
        "coordinates": [
          [
            77.2089828,
            28.6093585
          ],
          [
            77.2090481,
            28.6093517
          ],
          [
            77.2091219,
            28.6093446
          ],
          [
            77.2091889,
            28.609347
          ],
          [
            77.2092721,
            28.6093488
          ]
        ]
      }
    },
    {
      "type": "Feature",
      "id": "osm-31756491",
      "properties": {
        "osmid": 31756491,
        "name": "Local Corridor",
        "highway": "residential",
        "highwayCategory": "Galli / Local Lane",
        "isGalli": true
      },
      "geometry": {
        "type": "LineString",
        "coordinates": [
          [
            77.2164911,
            28.5413935
          ],
          [
            77.2157286,
            28.5414877
          ],
          [
            77.2151553,
            28.5415668
          ]
        ]
      }
    },
    {
      "type": "Feature",
      "id": "osm-31756492",
      "properties": {
        "osmid": 31756492,
        "name": "R.M. Vats Marg",
        "highway": "residential",
        "highwayCategory": "Galli / Local Lane",
        "isGalli": true
      },
      "geometry": {
        "type": "LineString",
        "coordinates": [
          [
            77.2105373,
            28.5431554
          ],
          [
            77.2110203,
            28.5431181
          ],
          [
            77.2111884,
            28.5431055
          ],
          [
            77.211394,
            28.5430892
          ],
          [
            77.2121947,
            28.5430274
          ],
          [
            77.2144143,
            28.5428854
          ],
          [
            77.2152848,
            28.5428146
          ]
        ]
      }
    },
    {
      "type": "Feature",
      "id": "osm-31756494",
      "properties": {
        "osmid": 31756494,
        "name": "Malviya Nagar Chowk",
        "highway": "residential",
        "highwayCategory": "Galli / Local Lane",
        "isGalli": true
      },
      "geometry": {
        "type": "LineString",
        "coordinates": [
          [
            77.2077693,
            28.5310852
          ],
          [
            77.2077895,
            28.5310902
          ],
          [
            77.2078102,
            28.5310934
          ],
          [
            77.2078313,
            28.5310946
          ],
          [
            77.2078523,
            28.5310939
          ],
          [
            77.2078731,
            28.5310912
          ],
          [
            77.2078935,
            28.5310866
          ],
          [
            77.2079133,
            28.5310802
          ],
          [
            77.2079321,
            28.5310719
          ],
          [
            77.2079498,
            28.5310619
          ],
          [
            77.2079663,
            28.5310504
          ],
          [
            77.2079812,
            28.5310374
          ],
          [
            77.2079945,
            28.531023
          ],
          [
            77.208006,
            28.5310075
          ],
          [
            77.2080156,
            28.5309911
          ],
          [
            77.2080232,
            28.5309738
          ],
          [
            77.2080275,
            28.5309601
          ],
          [
            77.2080306,
            28.5309462
          ],
          [
            77.2080324,
            28.5309321
          ],
          [
            77.2080328,
            28.5309179
          ],
          [
            77.208032,
            28.5309037
          ],
          [
            77.2080298,
            28.5308896
          ],
          [
            77.2080264,
            28.5308758
          ],
          [
            77.2080217,
            28.5308622
          ],
          [
            77.2080157,
            28.530849
          ],
          [
            77.2080086,
            28.5308363
          ],
          [
            77.2080016,
            28.530826
          ],
          [
            77.207994,
            28.5308162
          ],
          [
            77.2079855,
            28.5308068
          ],
          [
            77.2079764,
            28.530798
          ],
          [
            77.2079666,
            28.5307897
          ],
          [
            77.2079561,
            28.5307821
          ],
          [
            77.2079451,
            28.5307751
          ],
          [
            77.2079336,
            28.5307687
          ],
          [
            77.2079216,
            28.5307631
          ],
          [
            77.2079092,
            28.5307582
          ],
          [
            77.2078965,
            28.5307541
          ],
          [
            77.2078834,
            28.5307507
          ],
          [
            77.2078702,
            28.5307481
          ],
          [
            77.2078567,
            28.5307464
          ],
          [
            77.2078432,
            28.5307454
          ],
          [
            77.2078296,
            28.5307453
          ],
          [
            77.207816,
            28.5307459
          ],
          [
            77.2078025,
            28.5307474
          ],
          [
            77.2077892,
            28.5307497
          ],
          [
            77.2077761,
            28.5307528
          ],
          [
            77.2077632,
            28.5307566
          ],
          [
            77.2077507,
            28.5307613
          ],
          [
            77.2077385,
            28.5307666
          ],
          [
            77.2077269,
            28.5307727
          ],
          [
            77.2077157,
            28.5307795
          ],
          [
            77.207705,
            28.5307869
          ],
          [
            77.207695,
            28.530795
          ],
          [
            77.2076856,
            28.5308036
          ],
          [
            77.2076739,
            28.5308163
          ],
          [
            77.2076635,
            28.5308299
          ],
          [
            77.2076547,
            28.5308443
          ],
          [
            77.2076474,
            28.5308594
          ],
          [
            77.2076418,
            28.530875
          ],
          [
            77.2076378,
            28.530891
          ],
          [
            77.2076356,
            28.5309073
          ],
          [
            77.2076351,
            28.5309236
          ],
          [
            77.2076364,
            28.53094
          ],
          [
            77.2076394,
            28.5309561
          ],
          [
            77.2076441,
            28.5309719
          ],
          [
            77.2076505,
            28.5309873
          ],
          [
            77.2076585,
            28.5310021
          ],
          [
            77.207668,
            28.5310162
          ],
          [
            77.207679,
            28.5310294
          ],
          [
            77.2076913,
            28.5310417
          ],
          [
            77.2077049,
            28.5310529
          ],
          [
            77.2077196,
            28.5310629
          ],
          [
            77.2077353,
            28.5310717
          ],
          [
            77.2077519,
            28.5310791
          ],
          [
            77.2077693,
            28.5310852
          ]
        ]
      }
    },
    {
      "type": "Feature",
      "id": "osm-31756495",
      "properties": {
        "osmid": 31756495,
        "name": "HU Bijlani Marg",
        "highway": "residential",
        "highwayCategory": "Galli / Local Lane",
        "isGalli": true
      },
      "geometry": {
        "type": "LineString",
        "coordinates": [
          [
            77.2152917,
            28.5429075
          ],
          [
            77.2152848,
            28.5428146
          ],
          [
            77.2152192,
            28.5421699
          ],
          [
            77.2151803,
            28.5418027
          ],
          [
            77.2151553,
            28.5415668
          ],
          [
            77.214829,
            28.5402223
          ],
          [
            77.2146585,
            28.5395817
          ],
          [
            77.2146598,
            28.5395186
          ],
          [
            77.2146744,
            28.5394762
          ],
          [
            77.2147183,
            28.5394399
          ],
          [
            77.2152782,
            28.5392177
          ],
          [
            77.2155842,
            28.5390672
          ],
          [
            77.2158328,
            28.5388282
          ],
          [
            77.2158489,
            28.5388171
          ],
          [
            77.2159256,
            28.5387423
          ]
        ]
      }
    },
    {
      "type": "Feature",
      "id": "osm-31756498",
      "properties": {
        "osmid": 31756498,
        "name": "Lal Bahadur Shastri Marg",
        "highway": "secondary",
        "highwayCategory": "Municipal Thoroughfare",
        "isGalli": false
      },
      "geometry": {
        "type": "LineString",
        "coordinates": [
          [
            77.2266537,
            28.5161695
          ],
          [
            77.2267154,
            28.5165489
          ],
          [
            77.2270507,
            28.5177532
          ],
          [
            77.2272819,
            28.5182919
          ],
          [
            77.2280248,
            28.5200348
          ],
          [
            77.2283748,
            28.520745
          ],
          [
            77.2286189,
            28.5212493
          ],
          [
            77.2289246,
            28.5220977
          ],
          [
            77.2294235,
            28.5231865
          ],
          [
            77.2294852,
            28.5233279
          ],
          [
            77.2296791,
            28.5236743
          ],
          [
            77.229807,
            28.5239288
          ],
          [
            77.229884,
            28.5241269
          ],
          [
            77.2299881,
            28.5243936
          ],
          [
            77.2304443,
            28.5255622
          ],
          [
            77.2308778,
            28.5266672
          ],
          [
            77.2311674,
            28.5274148
          ],
          [
            77.2312107,
            28.5275257
          ],
          [
            77.2312216,
            28.5275614
          ]
        ]
      }
    },
    {
      "type": "Feature",
      "id": "osm-31756505",
      "properties": {
        "osmid": 31756505,
        "name": "Local Corridor",
        "highway": "residential",
        "highwayCategory": "Galli / Local Lane",
        "isGalli": true
      },
      "geometry": {
        "type": "LineString",
        "coordinates": [
          [
            77.2123052,
            28.5685159
          ],
          [
            77.2122715,
            28.5677088
          ],
          [
            77.2122551,
            28.5671971
          ],
          [
            77.2122507,
            28.5670149
          ],
          [
            77.2122349,
            28.5667388
          ],
          [
            77.2122105,
            28.5665659
          ],
          [
            77.2121545,
            28.5664037
          ],
          [
            77.2120777,
            28.5662279
          ],
          [
            77.2119702,
            28.5661028
          ],
          [
            77.2118,
            28.5659777
          ],
          [
            77.2116525,
            28.5658945
          ],
          [
            77.2114254,
            28.5657303
          ],
          [
            77.2110716,
            28.5654744
          ],
          [
            77.2108346,
            28.5652741
          ],
          [
            77.2107598,
            28.5651761
          ],
          [
            77.2106138,
            28.5648099
          ],
          [
            77.2105711,
            28.5646091
          ],
          [
            77.2105286,
            28.5643948
          ],
          [
            77.2105202,
            28.5643335
          ],
          [
            77.2105122,
            28.5642745
          ],
          [
            77.2104816,
            28.5640237
          ],
          [
            77.210475,
            28.5639058
          ],
          [
            77.2104777,
            28.5637107
          ],
          [
            77.2104617,
            28.5635812
          ],
          [
            77.2104348,
            28.56354
          ],
          [
            77.2104067,
            28.5635058
          ],
          [
            77.2103563,
            28.563489
          ],
          [
            77.2097079,
            28.5635315
          ],
          [
            77.2092693,
            28.563547
          ],
          [
            77.2085802,
            28.5635923
          ],
          [
            77.2081352,
            28.5636216
          ],
          [
            77.2081038,
            28.5636123
          ],
          [
            77.2080763,
            28.563586
          ],
          [
            77.2080524,
            28.5635547
          ],
          [
            77.2079828,
            28.5634328
          ],
          [
            77.2079817,
            28.5634309
          ],
          [
            77.207929,
            28.5633112
          ],
          [
            77.2079258,
            28.5632353
          ]
        ]
      }
    },
    {
      "type": "Feature",
      "id": "osm-31756510",
      "properties": {
        "osmid": 31756510,
        "name": "Pandit Trilok Chandra Sharma Marg",
        "highway": "secondary",
        "highwayCategory": "Municipal Thoroughfare",
        "isGalli": false
      },
      "geometry": {
        "type": "LineString",
        "coordinates": [
          [
            77.2087047,
            28.5280819
          ],
          [
            77.2094175,
            28.5281578
          ],
          [
            77.2098254,
            28.5281968
          ],
          [
            77.2100501,
            28.5282111
          ],
          [
            77.2105869,
            28.5282388
          ],
          [
            77.2106106,
            28.5282411
          ],
          [
            77.2109876,
            28.5282774
          ],
          [
            77.2114691,
            28.528324
          ],
          [
            77.2117983,
            28.5283727
          ],
          [
            77.2120331,
            28.5284309
          ],
          [
            77.21252,
            28.5285853
          ],
          [
            77.212984,
            28.528763
          ],
          [
            77.2138267,
            28.5290608
          ],
          [
            77.2138835,
            28.5290765
          ],
          [
            77.2144116,
            28.5292229
          ],
          [
            77.2145739,
            28.5292619
          ]
        ]
      }
    },
    {
      "type": "Feature",
      "id": "osm-31756512",
      "properties": {
        "osmid": 31756512,
        "name": "Local Corridor",
        "highway": "residential",
        "highwayCategory": "Galli / Local Lane",
        "isGalli": true
      },
      "geometry": {
        "type": "LineString",
        "coordinates": [
          [
            77.2038452,
            28.5325132
          ],
          [
            77.2038602,
            28.5324592
          ]
        ]
      }
    },
    {
      "type": "Feature",
      "id": "osm-31756514",
      "properties": {
        "osmid": 31756514,
        "name": "Local Corridor",
        "highway": "residential",
        "highwayCategory": "Galli / Local Lane",
        "isGalli": true
      },
      "geometry": {
        "type": "LineString",
        "coordinates": [
          [
            77.2108425,
            28.5377223
          ],
          [
            77.2107822,
            28.5377713
          ]
        ]
      }
    },
    {
      "type": "Feature",
      "id": "osm-31756515",
      "properties": {
        "osmid": 31756515,
        "name": "Basant Kaur Marg",
        "highway": "secondary",
        "highwayCategory": "Municipal Thoroughfare",
        "isGalli": false
      },
      "geometry": {
        "type": "LineString",
        "coordinates": [
          [
            77.2089324,
            28.5358606
          ],
          [
            77.2087448,
            28.5356666
          ],
          [
            77.208592,
            28.535499
          ],
          [
            77.20816,
            28.5350801
          ],
          [
            77.2077786,
            28.5347102
          ],
          [
            77.2076015,
            28.5345384
          ],
          [
            77.2073206,
            28.534265
          ],
          [
            77.2071638,
            28.5341138
          ],
          [
            77.2071482,
            28.5340972
          ],
          [
            77.2069815,
            28.5339321
          ],
          [
            77.2069252,
            28.5338764
          ],
          [
            77.2066177,
            28.53357
          ],
          [
            77.2062879,
            28.5333022
          ],
          [
            77.2060588,
            28.5331499
          ],
          [
            77.2058325,
            28.5330222
          ],
          [
            77.205627,
            28.5329308
          ],
          [
            77.2054077,
            28.532841
          ],
          [
            77.2052913,
            28.5328018
          ],
          [
            77.2051525,
            28.5327619
          ],
          [
            77.2050161,
            28.5327255
          ],
          [
            77.2046053,
            28.532616
          ],
          [
            77.2045392,
            28.5325984
          ],
          [
            77.2043248,
            28.5325507
          ]
        ]
      }
    },
    {
      "type": "Feature",
      "id": "osm-31756516",
      "properties": {
        "osmid": 31756516,
        "name": "Pandit Trilok Chandra Sharma Marg",
        "highway": "secondary",
        "highwayCategory": "Municipal Thoroughfare",
        "isGalli": false
      },
      "geometry": {
        "type": "LineString",
        "coordinates": [
          [
            77.231504,
            28.5329264
          ],
          [
            77.2311876,
            28.5329026
          ],
          [
            77.2308423,
            28.5328763
          ],
          [
            77.2306602,
            28.5328625
          ],
          [
            77.229742,
            28.5326731
          ],
          [
            77.2290294,
            28.5325082
          ],
          [
            77.2284159,
            28.5323663
          ],
          [
            77.2282962,
            28.5323381
          ],
          [
            77.2281938,
            28.5323144
          ],
          [
            77.2272086,
            28.5320861
          ],
          [
            77.2265206,
            28.5319231
          ],
          [
            77.2253271,
            28.5316751
          ],
          [
            77.2251808,
            28.5316447
          ],
          [
            77.2250803,
            28.5316206
          ],
          [
            77.2247262,
            28.5315355
          ]
        ]
      }
    },
    {
      "type": "Feature",
      "id": "osm-31756517",
      "properties": {
        "osmid": 31756517,
        "name": "Local Corridor",
        "highway": "residential",
        "highwayCategory": "Galli / Local Lane",
        "isGalli": true
      },
      "geometry": {
        "type": "LineString",
        "coordinates": [
          [
            77.1971047,
            28.5312775
          ],
          [
            77.1971217,
            28.5314863
          ],
          [
            77.1971343,
            28.5316551
          ],
          [
            77.1971485,
            28.5318445
          ],
          [
            77.1972451,
            28.5321532
          ],
          [
            77.1973751,
            28.5323927
          ],
          [
            77.197638,
            28.5328157
          ],
          [
            77.1976931,
            28.5329135
          ],
          [
            77.1977547,
            28.5330698
          ],
          [
            77.1979249,
            28.5334295
          ]
        ]
      }
    },
    {
      "type": "Feature",
      "id": "osm-32905262",
      "properties": {
        "osmid": 32905262,
        "name": "Tees January Road",
        "highway": "secondary",
        "highwayCategory": "Municipal Thoroughfare",
        "isGalli": false
      },
      "geometry": {
        "type": "LineString",
        "coordinates": [
          [
            77.2172213,
            28.6006682
          ],
          [
            77.2171707,
            28.6007901
          ],
          [
            77.2171018,
            28.6008642
          ]
        ]
      }
    },
    {
      "type": "Feature",
      "id": "osm-32905321",
      "properties": {
        "osmid": 32905321,
        "name": "Agrangzeb road",
        "highway": "residential",
        "highwayCategory": "Galli / Local Lane",
        "isGalli": true
      },
      "geometry": {
        "type": "LineString",
        "coordinates": [
          [
            77.2127321,
            28.5984211
          ],
          [
            77.2123731,
            28.5991573
          ],
          [
            77.2123529,
            28.5992218
          ],
          [
            77.2123554,
            28.5992864
          ],
          [
            77.2123831,
            28.5993557
          ],
          [
            77.21285,
            28.5999327
          ],
          [
            77.212894,
            28.5999925
          ],
          [
            77.212946,
            28.6000588
          ],
          [
            77.2133447,
            28.6006056
          ]
        ]
      }
    },
    {
      "type": "Feature",
      "id": "osm-32905324",
      "properties": {
        "osmid": 32905324,
        "name": "Local Corridor",
        "highway": "residential",
        "highwayCategory": "Galli / Local Lane",
        "isGalli": true
      },
      "geometry": {
        "type": "LineString",
        "coordinates": [
          [
            77.2136024,
            28.6007382
          ],
          [
            77.2155045,
            28.6006585
          ],
          [
            77.2161335,
            28.601413
          ]
        ]
      }
    },
    {
      "type": "Feature",
      "id": "osm-32905331",
      "properties": {
        "osmid": 32905331,
        "name": "Local Corridor",
        "highway": "residential",
        "highwayCategory": "Galli / Local Lane",
        "isGalli": true
      },
      "geometry": {
        "type": "LineString",
        "coordinates": [
          [
            77.2133215,
            28.6008713
          ],
          [
            77.212525,
            28.602383
          ]
        ]
      }
    },
    {
      "type": "Feature",
      "id": "osm-33050218",
      "properties": {
        "osmid": 33050218,
        "name": "Hauz Khas Village Road",
        "highway": "residential",
        "highwayCategory": "Galli / Local Lane",
        "isGalli": true
      },
      "geometry": {
        "type": "LineString",
        "coordinates": [
          [
            77.203998,
            28.5525255
          ],
          [
            77.2035962,
            28.5526268
          ],
          [
            77.2035039,
            28.55265
          ],
          [
            77.2034259,
            28.5526696
          ],
          [
            77.2033046,
            28.5526989
          ],
          [
            77.2016463,
            28.5531428
          ]
        ]
      }
    },
    {
      "type": "Feature",
      "id": "osm-33050221",
      "properties": {
        "osmid": 33050221,
        "name": "Choudhary Hukum Chand Marg",
        "highway": "tertiary",
        "highwayCategory": "Municipal Thoroughfare",
        "isGalli": false
      },
      "geometry": {
        "type": "LineString",
        "coordinates": [
          [
            77.2069588,
            28.5594777
          ],
          [
            77.206835,
            28.5595034
          ],
          [
            77.2056677,
            28.5597455
          ],
          [
            77.2050917,
            28.5598769
          ],
          [
            77.2050724,
            28.5598813
          ],
          [
            77.2043866,
            28.5600378
          ],
          [
            77.204031,
            28.5601113
          ],
          [
            77.2035216,
            28.5602307
          ],
          [
            77.2034261,
            28.5602528
          ]
        ]
      }
    },
    {
      "type": "Feature",
      "id": "osm-33491982",
      "properties": {
        "osmid": 33491982,
        "name": "Éamon de Valera Marg",
        "highway": "residential",
        "highwayCategory": "Galli / Local Lane",
        "isGalli": true
      },
      "geometry": {
        "type": "LineString",
        "coordinates": [
          [
            77.1919378,
            28.5923772
          ],
          [
            77.1918715,
            28.5924038
          ],
          [
            77.1904766,
            28.592963
          ],
          [
            77.189261,
            28.593455
          ],
          [
            77.1887992,
            28.5936447
          ],
          [
            77.1887307,
            28.5936724
          ],
          [
            77.1882843,
            28.5938551
          ],
          [
            77.1878895,
            28.5940159
          ],
          [
            77.1869057,
            28.5944166
          ],
          [
            77.185733,
            28.5948943
          ],
          [
            77.1856325,
            28.5949353
          ],
          [
            77.1845702,
            28.5953789
          ],
          [
            77.1844062,
            28.5954473
          ],
          [
            77.1834636,
            28.5958409
          ],
          [
            77.1833978,
            28.5958687
          ]
        ]
      }
    },
    {
      "type": "Feature",
      "id": "osm-34404739",
      "properties": {
        "osmid": 34404739,
        "name": "Shankar Road",
        "highway": "secondary",
        "highwayCategory": "Municipal Thoroughfare",
        "isGalli": false
      },
      "geometry": {
        "type": "LineString",
        "coordinates": [
          [
            77.1950036,
            28.6267113
          ],
          [
            77.1948953,
            28.6267701
          ],
          [
            77.1944818,
            28.6270104
          ],
          [
            77.1923096,
            28.628273
          ],
          [
            77.1917915,
            28.6286086
          ],
          [
            77.1912439,
            28.629188
          ],
          [
            77.1908989,
            28.6297937
          ],
          [
            77.1906363,
            28.6304456
          ],
          [
            77.1896325,
            28.6335875
          ],
          [
            77.1895877,
            28.6337631
          ]
        ]
      }
    },
    {
      "type": "Feature",
      "id": "osm-34404740",
      "properties": {
        "osmid": 34404740,
        "name": "Bhavbhuti Marg",
        "highway": "tertiary",
        "highwayCategory": "Municipal Thoroughfare",
        "isGalli": false
      },
      "geometry": {
        "type": "LineString",
        "coordinates": [
          [
            77.2234059,
            28.6396684
          ],
          [
            77.2234222,
            28.6399775
          ],
          [
            77.2234341,
            28.6402035
          ],
          [
            77.2234444,
            28.640291
          ],
          [
            77.2234942,
            28.6407125
          ],
          [
            77.2235375,
            28.6411568
          ],
          [
            77.2235436,
            28.6412195
          ],
          [
            77.2235863,
            28.6416577
          ],
          [
            77.2235906,
            28.6417013
          ],
          [
            77.2235974,
            28.6417713
          ]
        ]
      }
    },
    {
      "type": "Feature",
      "id": "osm-34404758",
      "properties": {
        "osmid": 34404758,
        "name": "Sardar Patel Marg",
        "highway": "secondary",
        "highwayCategory": "Municipal Thoroughfare",
        "isGalli": false
      },
      "geometry": {
        "type": "LineString",
        "coordinates": [
          [
            77.1685074,
            28.5955861
          ],
          [
            77.1690725,
            28.5958879
          ],
          [
            77.171561,
            28.5971952
          ],
          [
            77.1734944,
            28.5982286
          ],
          [
            77.1753508,
            28.5992113
          ],
          [
            77.1753743,
            28.5992237
          ],
          [
            77.1803254,
            28.6018372
          ],
          [
            77.1805555,
            28.6019587
          ]
        ]
      }
    },
    {
      "type": "Feature",
      "id": "osm-34404760",
      "properties": {
        "osmid": 34404760,
        "name": "NH48",
        "highway": "trunk",
        "highwayCategory": "Municipal Thoroughfare",
        "isGalli": false
      },
      "geometry": {
        "type": "LineString",
        "coordinates": [
          [
            77.1608232,
            28.5918288
          ],
          [
            77.160739,
            28.5917928
          ],
          [
            77.1595722,
            28.5912935
          ],
          [
            77.1580389,
            28.5906483
          ],
          [
            77.1575365,
            28.5904641
          ],
          [
            77.1573313,
            28.5903888
          ],
          [
            77.1570167,
            28.5902735
          ],
          [
            77.1562151,
            28.5899803
          ],
          [
            77.1559547,
            28.5898856
          ],
          [
            77.1549508,
            28.5894867
          ],
          [
            77.1539209,
            28.5890605
          ],
          [
            77.1538257,
            28.5890211
          ],
          [
            77.1537357,
            28.5889814
          ],
          [
            77.1537087,
            28.5889705
          ],
          [
            77.1509957,
            28.5878721
          ],
          [
            77.1496239,
            28.5873141
          ],
          [
            77.1493087,
            28.5871846
          ],
          [
            77.1487387,
            28.5869165
          ],
          [
            77.1485239,
            28.5867929
          ],
          [
            77.1483397,
            28.5866695
          ]
        ]
      }
    },
    {
      "type": "Feature",
      "id": "osm-34404761",
      "properties": {
        "osmid": 34404761,
        "name": "Dhaula Kuan Flyover",
        "highway": "secondary",
        "highwayCategory": "Municipal Thoroughfare",
        "isGalli": false
      },
      "geometry": {
        "type": "LineString",
        "coordinates": [
          [
            77.1655298,
            28.5940555
          ],
          [
            77.1664199,
            28.5945041
          ],
          [
            77.1670798,
            28.5948392
          ],
          [
            77.1674837,
            28.5950505
          ]
        ]
      }
    },
    {
      "type": "Feature",
      "id": "osm-34940853",
      "properties": {
        "osmid": 34940853,
        "name": "New Delhi Railway Station Flyover",
        "highway": "secondary",
        "highwayCategory": "Municipal Thoroughfare",
        "isGalli": false
      },
      "geometry": {
        "type": "LineString",
        "coordinates": [
          [
            77.223311,
            28.645127
          ],
          [
            77.2212906,
            28.6447973
          ]
        ]
      }
    },
    {
      "type": "Feature",
      "id": "osm-35152828",
      "properties": {
        "osmid": 35152828,
        "name": "Swami Vivekananda Marg",
        "highway": "tertiary",
        "highwayCategory": "Municipal Thoroughfare",
        "isGalli": false
      },
      "geometry": {
        "type": "LineString",
        "coordinates": [
          [
            77.1841217,
            28.5689174
          ],
          [
            77.1838059,
            28.5685064
          ],
          [
            77.1837901,
            28.5684859
          ],
          [
            77.1837452,
            28.5684274
          ],
          [
            77.1832265,
            28.567792
          ],
          [
            77.1828624,
            28.5673144
          ],
          [
            77.1827725,
            28.5671996
          ],
          [
            77.1824004,
            28.5667525
          ],
          [
            77.1822014,
            28.5665101
          ],
          [
            77.1818153,
            28.5659808
          ],
          [
            77.181738,
            28.5658757
          ],
          [
            77.1816936,
            28.565805
          ],
          [
            77.1816346,
            28.5657408
          ],
          [
            77.1809112,
            28.5649155
          ]
        ]
      }
    },
    {
      "type": "Feature",
      "id": "osm-35152830",
      "properties": {
        "osmid": 35152830,
        "name": "Church Road",
        "highway": "tertiary",
        "highwayCategory": "Municipal Thoroughfare",
        "isGalli": false
      },
      "geometry": {
        "type": "LineString",
        "coordinates": [
          [
            77.181576,
            28.5658527
          ],
          [
            77.1816936,
            28.565805
          ],
          [
            77.1819853,
            28.5656642
          ],
          [
            77.1829811,
            28.5651772
          ],
          [
            77.1838072,
            28.5647626
          ],
          [
            77.1840278,
            28.5646483
          ],
          [
            77.1845378,
            28.5643975
          ],
          [
            77.1849129,
            28.5642149
          ],
          [
            77.1851905,
            28.5640535
          ],
          [
            77.1854266,
            28.5639039
          ],
          [
            77.1861025,
            28.5634434
          ],
          [
            77.1864184,
            28.5632574
          ],
          [
            77.1865262,
            28.5631984
          ],
          [
            77.1866376,
            28.5631387
          ],
          [
            77.1874648,
            28.5628017
          ],
          [
            77.1882663,
            28.5625771
          ]
        ]
      }
    },
    {
      "type": "Feature",
      "id": "osm-35152833",
      "properties": {
        "osmid": 35152833,
        "name": "Local Corridor",
        "highway": "residential",
        "highwayCategory": "Galli / Local Lane",
        "isGalli": true
      },
      "geometry": {
        "type": "LineString",
        "coordinates": [
          [
            77.1861025,
            28.5634434
          ],
          [
            77.1860536,
            28.5633884
          ],
          [
            77.1859447,
            28.5632588
          ],
          [
            77.1857773,
            28.5630594
          ],
          [
            77.1853629,
            28.5625564
          ],
          [
            77.1850812,
            28.5622349
          ],
          [
            77.1849444,
            28.56209
          ],
          [
            77.1847983,
            28.5619534
          ],
          [
            77.1846789,
            28.5618391
          ],
          [
            77.1845134,
            28.5616883
          ],
          [
            77.1843175,
            28.5615423
          ],
          [
            77.184172,
            28.5614416
          ],
          [
            77.1838689,
            28.5612525
          ],
          [
            77.1837281,
            28.561183
          ],
          [
            77.1836107,
            28.5611335
          ],
          [
            77.1833056,
            28.5610322
          ],
          [
            77.1824528,
            28.5607741
          ],
          [
            77.1816032,
            28.5605465
          ],
          [
            77.1815225,
            28.5605225
          ],
          [
            77.1814523,
            28.5605016
          ],
          [
            77.1813332,
            28.5604712
          ]
        ]
      }
    },
    {
      "type": "Feature",
      "id": "osm-35152834",
      "properties": {
        "osmid": 35152834,
        "name": "Local Corridor",
        "highway": "service",
        "highwayCategory": "Galli / Local Lane",
        "isGalli": true
      },
      "geometry": {
        "type": "LineString",
        "coordinates": [
          [
            77.1756469,
            28.5672361
          ],
          [
            77.175825,
            28.5673158
          ],
          [
            77.1759467,
            28.5673702
          ],
          [
            77.1765218,
            28.5675963
          ],
          [
            77.177364,
            28.5679683
          ],
          [
            77.177842,
            28.5681748
          ],
          [
            77.1779641,
            28.5682813
          ],
          [
            77.1781412,
            28.568501
          ],
          [
            77.1782771,
            28.5686697
          ],
          [
            77.1786332,
            28.5691115
          ],
          [
            77.1781853,
            28.5692749
          ],
          [
            77.178125,
            28.5692982
          ],
          [
            77.1779493,
            28.5693627
          ],
          [
            77.1778064,
            28.5694152
          ],
          [
            77.17732,
            28.5695939
          ],
          [
            77.1771498,
            28.5696583
          ],
          [
            77.1768993,
            28.5697531
          ],
          [
            77.1763333,
            28.5699673
          ],
          [
            77.1757364,
            28.5702054
          ],
          [
            77.1757136,
            28.5702251
          ],
          [
            77.1756989,
            28.5702625
          ],
          [
            77.1756982,
            28.5702836
          ],
          [
            77.1757076,
            28.5703114
          ],
          [
            77.1757122,
            28.5703207
          ],
          [
            77.1760086,
            28.5709196
          ],
          [
            77.1761478,
            28.5712009
          ],
          [
            77.1761493,
            28.5712094
          ],
          [
            77.1761497,
            28.5712216
          ],
          [
            77.1761477,
            28.5712277
          ],
          [
            77.1761429,
            28.5712336
          ],
          [
            77.1753682,
            28.5717435
          ]
        ]
      }
    },
    {
      "type": "Feature",
      "id": "osm-35152839",
      "properties": {
        "osmid": 35152839,
        "name": "Amar Shaheed Prem Nath Dogra Marg",
        "highway": "residential",
        "highwayCategory": "Galli / Local Lane",
        "isGalli": true
      },
      "geometry": {
        "type": "LineString",
        "coordinates": [
          [
            77.1665861,
            28.5657075
          ],
          [
            77.1667058,
            28.5657552
          ],
          [
            77.1680332,
            28.5662847
          ],
          [
            77.16884,
            28.5666252
          ],
          [
            77.1694951,
            28.5669616
          ],
          [
            77.1702084,
            28.5673036
          ],
          [
            77.170704,
            28.5674894
          ]
        ]
      }
    },
    {
      "type": "Feature",
      "id": "osm-35152847",
      "properties": {
        "osmid": 35152847,
        "name": "Paschimi Marg",
        "highway": "secondary",
        "highwayCategory": "Municipal Thoroughfare",
        "isGalli": false
      },
      "geometry": {
        "type": "LineString",
        "coordinates": [
          [
            77.1635763,
            28.5697919
          ],
          [
            77.1634635,
            28.5697268
          ],
          [
            77.1626201,
            28.5692265
          ],
          [
            77.1620882,
            28.5689092
          ],
          [
            77.1619986,
            28.5688579
          ],
          [
            77.1614709,
            28.56857
          ],
          [
            77.1613454,
            28.5684987
          ],
          [
            77.1604311,
            28.5679825
          ],
          [
            77.1598461,
            28.5676687
          ],
          [
            77.159503,
            28.5674722
          ],
          [
            77.1590183,
            28.567203
          ],
          [
            77.158701,
            28.5670119
          ],
          [
            77.1583039,
            28.5667892
          ],
          [
            77.1579181,
            28.5665584
          ],
          [
            77.1576163,
            28.5663875
          ],
          [
            77.1574752,
            28.5663015
          ],
          [
            77.1573012,
            28.566179
          ],
          [
            77.1571041,
            28.5660315
          ],
          [
            77.1569524,
            28.5658927
          ],
          [
            77.156781,
            28.565734
          ],
          [
            77.156625,
            28.5655754
          ],
          [
            77.1563365,
            28.5652531
          ],
          [
            77.1561296,
            28.5649859
          ],
          [
            77.1559982,
            28.564777
          ],
          [
            77.1559011,
            28.5645531
          ],
          [
            77.155764,
            28.5641406
          ],
          [
            77.1557077,
            28.5639327
          ],
          [
            77.1556625,
            28.5637055
          ],
          [
            77.1556164,
            28.5633788
          ],
          [
            77.1555963,
            28.5630809
          ],
          [
            77.1555988,
            28.5628851
          ],
          [
            77.1556156,
            28.5626734
          ],
          [
            77.1556348,
            28.5624955
          ],
          [
            77.1556905,
            28.5621638
          ],
          [
            77.1557692,
            28.5618232
          ],
          [
            77.1560076,
            28.56118
          ]
        ]
      }
    },
    {
      "type": "Feature",
      "id": "osm-35152848",
      "properties": {
        "osmid": 35152848,
        "name": "Poorvi Marg",
        "highway": "secondary",
        "highwayCategory": "Municipal Thoroughfare",
        "isGalli": false
      },
      "geometry": {
        "type": "LineString",
        "coordinates": [
          [
            77.1560223,
            28.5611451
          ],
          [
            77.1561334,
            28.5611609
          ],
          [
            77.1562829,
            28.5611812
          ],
          [
            77.1565268,
            28.5612119
          ],
          [
            77.1566766,
            28.5612207
          ],
          [
            77.1568006,
            28.5612175
          ],
          [
            77.1570577,
            28.5611953
          ],
          [
            77.1573579,
            28.5611574
          ]
        ]
      }
    },
    {
      "type": "Feature",
      "id": "osm-35152874",
      "properties": {
        "osmid": 35152874,
        "name": "Arjan Path",
        "highway": "secondary",
        "highwayCategory": "Municipal Thoroughfare",
        "isGalli": false
      },
      "geometry": {
        "type": "LineString",
        "coordinates": [
          [
            77.1538257,
            28.5890211
          ],
          [
            77.1538598,
            28.5889003
          ],
          [
            77.1539287,
            28.5886563
          ],
          [
            77.1539797,
            28.5884644
          ],
          [
            77.1540663,
            28.5881166
          ],
          [
            77.1540862,
            28.5880161
          ],
          [
            77.1540963,
            28.5879651
          ],
          [
            77.1541106,
            28.5878927
          ],
          [
            77.1541285,
            28.5878026
          ],
          [
            77.1541464,
            28.5876477
          ],
          [
            77.1541576,
            28.587362
          ],
          [
            77.154172,
            28.5869639
          ]
        ]
      }
    },
    {
      "type": "Feature",
      "id": "osm-35152876",
      "properties": {
        "osmid": 35152876,
        "name": "Arjan Path",
        "highway": "secondary",
        "highwayCategory": "Municipal Thoroughfare",
        "isGalli": false
      },
      "geometry": {
        "type": "LineString",
        "coordinates": [
          [
            77.1483861,
            28.578046
          ],
          [
            77.1483779,
            28.5781341
          ],
          [
            77.1482642,
            28.5787978
          ],
          [
            77.1482425,
            28.5790739
          ],
          [
            77.1482354,
            28.5791636
          ],
          [
            77.1482186,
            28.5793777
          ],
          [
            77.1482116,
            28.579519
          ],
          [
            77.1482196,
            28.5796391
          ],
          [
            77.1482417,
            28.5797414
          ],
          [
            77.1483633,
            28.5802225
          ],
          [
            77.1486064,
            28.5808936
          ],
          [
            77.1489155,
            28.5817882
          ],
          [
            77.1491054,
            28.5822343
          ],
          [
            77.1492523,
            28.5825621
          ],
          [
            77.1494173,
            28.5828545
          ],
          [
            77.1495537,
            28.5830645
          ],
          [
            77.1495918,
            28.5831183
          ],
          [
            77.1496372,
            28.5831639
          ],
          [
            77.1497327,
            28.5832502
          ],
          [
            77.1499309,
            28.5834171
          ],
          [
            77.1501848,
            28.5835775
          ],
          [
            77.1510524,
            28.5841215
          ],
          [
            77.1516534,
            28.5845043
          ],
          [
            77.1518192,
            28.5846312
          ],
          [
            77.1519957,
            28.5847759
          ],
          [
            77.1521316,
            28.5849151
          ],
          [
            77.1522971,
            28.5850993
          ],
          [
            77.1525975,
            28.5854671
          ],
          [
            77.1529538,
            28.585872
          ],
          [
            77.1533097,
            28.5862658
          ],
          [
            77.1534915,
            28.5864448
          ],
          [
            77.1535908,
            28.5865343
          ],
          [
            77.1537016,
            28.5866153
          ],
          [
            77.1538228,
            28.5866933
          ],
          [
            77.1538657,
            28.5867251
          ],
          [
            77.1539073,
            28.5867733
          ],
          [
            77.1539868,
            28.5868724
          ]
        ]
      }
    },
    {
      "type": "Feature",
      "id": "osm-35152878",
      "properties": {
        "osmid": 35152878,
        "name": "Local Corridor",
        "highway": "service",
        "highwayCategory": "Galli / Local Lane",
        "isGalli": true
      },
      "geometry": {
        "type": "LineString",
        "coordinates": [
          [
            77.1591584,
            28.5832383
          ],
          [
            77.1591382,
            28.5832263
          ],
          [
            77.1584045,
            28.5827491
          ],
          [
            77.157592,
            28.5822255
          ],
          [
            77.1573016,
            28.5820394
          ],
          [
            77.1568633,
            28.5817585
          ]
        ]
      }
    },
    {
      "type": "Feature",
      "id": "osm-35152880",
      "properties": {
        "osmid": 35152880,
        "name": "Local Corridor",
        "highway": "secondary",
        "highwayCategory": "Municipal Thoroughfare",
        "isGalli": false
      },
      "geometry": {
        "type": "LineString",
        "coordinates": [
          [
            77.1590914,
            28.5809315
          ],
          [
            77.1596462,
            28.5819865
          ],
          [
            77.160113,
            28.5828741
          ],
          [
            77.1601394,
            28.5829578
          ],
          [
            77.1601531,
            28.583041
          ],
          [
            77.1601756,
            28.5832569
          ],
          [
            77.1601756,
            28.5834336
          ],
          [
            77.1601596,
            28.5835613
          ],
          [
            77.1601434,
            28.5836302
          ],
          [
            77.1601246,
            28.5836985
          ],
          [
            77.160028,
            28.5839301
          ],
          [
            77.1599726,
            28.5840408
          ],
          [
            77.1599248,
            28.5841272
          ],
          [
            77.1598712,
            28.5842038
          ],
          [
            77.1597947,
            28.5842838
          ],
          [
            77.1596454,
            28.5844351
          ],
          [
            77.1592438,
            28.5848027
          ],
          [
            77.1589675,
            28.5850484
          ],
          [
            77.1587688,
            28.5852424
          ],
          [
            77.1586196,
            28.5854199
          ],
          [
            77.1582848,
            28.5858004
          ]
        ]
      }
    },
    {
      "type": "Feature",
      "id": "osm-35152881",
      "properties": {
        "osmid": 35152881,
        "name": "Local Corridor",
        "highway": "secondary",
        "highwayCategory": "Municipal Thoroughfare",
        "isGalli": false
      },
      "geometry": {
        "type": "LineString",
        "coordinates": [
          [
            77.1582277,
            28.5858919
          ],
          [
            77.1581702,
            28.5860924
          ],
          [
            77.1578881,
            28.5866702
          ],
          [
            77.1577892,
            28.586858
          ],
          [
            77.1571777,
            28.5880179
          ],
          [
            77.1567764,
            28.5887164
          ],
          [
            77.1565232,
            28.5891348
          ],
          [
            77.1563362,
            28.5894112
          ],
          [
            77.1562561,
            28.5895414
          ],
          [
            77.1562182,
            28.5895955
          ],
          [
            77.1561757,
            28.5896561
          ],
          [
            77.1561377,
            28.589705
          ],
          [
            77.1560933,
            28.5897656
          ],
          [
            77.1560399,
            28.5898066
          ],
          [
            77.1559547,
            28.5898856
          ]
        ]
      }
    },
    {
      "type": "Feature",
      "id": "osm-35152882",
      "properties": {
        "osmid": 35152882,
        "name": "Local Corridor",
        "highway": "service",
        "highwayCategory": "Galli / Local Lane",
        "isGalli": true
      },
      "geometry": {
        "type": "LineString",
        "coordinates": [
          [
            77.1550698,
            28.5892153
          ],
          [
            77.1550821,
            28.5891745
          ],
          [
            77.1550982,
            28.589085
          ],
          [
            77.1551162,
            28.5889748
          ],
          [
            77.1551183,
            28.5887058
          ],
          [
            77.1551223,
            28.5886563
          ],
          [
            77.1551344,
            28.5886081
          ],
          [
            77.1551609,
            28.5885591
          ],
          [
            77.1553304,
            28.5882768
          ],
          [
            77.155483,
            28.5879951
          ],
          [
            77.1556478,
            28.587691
          ]
        ]
      }
    },
    {
      "type": "Feature",
      "id": "osm-35152883",
      "properties": {
        "osmid": 35152883,
        "name": "Local Corridor",
        "highway": "service",
        "highwayCategory": "Galli / Local Lane",
        "isGalli": true
      },
      "geometry": {
        "type": "LineString",
        "coordinates": [
          [
            77.1542762,
            28.5868013
          ],
          [
            77.1546119,
            28.5864357
          ],
          [
            77.1546685,
            28.5863843
          ],
          [
            77.1548459,
            28.5862234
          ],
          [
            77.1557175,
            28.5854331
          ],
          [
            77.1561631,
            28.5851174
          ],
          [
            77.1562006,
            28.5850929
          ],
          [
            77.1562344,
            28.5850704
          ],
          [
            77.1562609,
            28.5850528
          ],
          [
            77.1563343,
            28.584996
          ]
        ]
      }
    },
    {
      "type": "Feature",
      "id": "osm-35424133",
      "properties": {
        "osmid": 35424133,
        "name": "Local Corridor",
        "highway": "secondary",
        "highwayCategory": "Municipal Thoroughfare",
        "isGalli": false
      },
      "geometry": {
        "type": "LineString",
        "coordinates": [
          [
            77.2149901,
            28.5288021
          ],
          [
            77.2152607,
            28.5279703
          ],
          [
            77.2153005,
            28.5278382
          ],
          [
            77.2153881,
            28.5275563
          ],
          [
            77.2155556,
            28.5270135
          ],
          [
            77.2155841,
            28.5269475
          ],
          [
            77.215883,
            28.5259712
          ],
          [
            77.2159213,
            28.5258478
          ]
        ]
      }
    },
    {
      "type": "Feature",
      "id": "osm-35424409",
      "properties": {
        "osmid": 35424409,
        "name": "Shaheed Lieutenant Pankaj Juyal Marg",
        "highway": "residential",
        "highwayCategory": "Galli / Local Lane",
        "isGalli": true
      },
      "geometry": {
        "type": "LineString",
        "coordinates": [
          [
            77.2218673,
            28.5271424
          ],
          [
            77.2217761,
            28.5272083
          ],
          [
            77.2215291,
            28.527951
          ],
          [
            77.2214021,
            28.5283666
          ],
          [
            77.2211151,
            28.5292051
          ],
          [
            77.2207327,
            28.5303221
          ],
          [
            77.2206715,
            28.5305001
          ],
          [
            77.2206433,
            28.5305849
          ],
          [
            77.2206038,
            28.5307038
          ]
        ]
      }
    },
    {
      "type": "Feature",
      "id": "osm-35424418",
      "properties": {
        "osmid": 35424418,
        "name": "NBCC Plaza Road",
        "highway": "tertiary",
        "highwayCategory": "Municipal Thoroughfare",
        "isGalli": false
      },
      "geometry": {
        "type": "LineString",
        "coordinates": [
          [
            77.2228492,
            28.521075
          ],
          [
            77.2235338,
            28.521009
          ],
          [
            77.2237888,
            28.5209844
          ],
          [
            77.2238537,
            28.5209699
          ],
          [
            77.2244658,
            28.5208334
          ],
          [
            77.2247037,
            28.5207804
          ],
          [
            77.2253417,
            28.5206381
          ],
          [
            77.2261402,
            28.5204623
          ],
          [
            77.2262907,
            28.5204292
          ],
          [
            77.2269799,
            28.5202744
          ],
          [
            77.2269984,
            28.5202702
          ],
          [
            77.2271594,
            28.5202318
          ],
          [
            77.2279346,
            28.5200599
          ],
          [
            77.2280248,
            28.5200348
          ]
        ]
      }
    },
    {
      "type": "Feature",
      "id": "osm-35424422",
      "properties": {
        "osmid": 35424422,
        "name": "Local Corridor",
        "highway": "residential",
        "highwayCategory": "Galli / Local Lane",
        "isGalli": true
      },
      "geometry": {
        "type": "LineString",
        "coordinates": [
          [
            77.2213973,
            28.5204856
          ],
          [
            77.221052,
            28.5192099
          ],
          [
            77.22066,
            28.5178438
          ],
          [
            77.2204316,
            28.5170211
          ],
          [
            77.2204099,
            28.5169561
          ]
        ]
      }
    },
    {
      "type": "Feature",
      "id": "osm-36326989",
      "properties": {
        "osmid": 36326989,
        "name": "Local Corridor",
        "highway": "residential",
        "highwayCategory": "Galli / Local Lane",
        "isGalli": true
      },
      "geometry": {
        "type": "LineString",
        "coordinates": [
          [
            77.1909683,
            28.566182
          ],
          [
            77.1909617,
            28.5660762
          ],
          [
            77.1909394,
            28.5656283
          ],
          [
            77.1909066,
            28.5649957
          ],
          [
            77.1908796,
            28.5644754
          ]
        ]
      }
    },
    {
      "type": "Feature",
      "id": "osm-36326990",
      "properties": {
        "osmid": 36326990,
        "name": "Local Corridor",
        "highway": "residential",
        "highwayCategory": "Galli / Local Lane",
        "isGalli": true
      },
      "geometry": {
        "type": "LineString",
        "coordinates": [
          [
            77.1909394,
            28.5656283
          ],
          [
            77.1903583,
            28.5656638
          ]
        ]
      }
    },
    {
      "type": "Feature",
      "id": "osm-36326991",
      "properties": {
        "osmid": 36326991,
        "name": "Local Corridor",
        "highway": "secondary_link",
        "highwayCategory": "Galli / Local Lane",
        "isGalli": true
      },
      "geometry": {
        "type": "LineString",
        "coordinates": [
          [
            77.1894316,
            28.5687271
          ],
          [
            77.1893262,
            28.5689108
          ],
          [
            77.1892273,
            28.5690686
          ],
          [
            77.1892147,
            28.5690844
          ],
          [
            77.1890995,
            28.5692285
          ],
          [
            77.1889302,
            28.5693986
          ],
          [
            77.1889052,
            28.5694302
          ],
          [
            77.1888671,
            28.5694755
          ]
        ]
      }
    },
    {
      "type": "Feature",
      "id": "osm-36326992",
      "properties": {
        "osmid": 36326992,
        "name": "Local Corridor",
        "highway": "tertiary",
        "highwayCategory": "Municipal Thoroughfare",
        "isGalli": false
      },
      "geometry": {
        "type": "LineString",
        "coordinates": [
          [
            77.1902924,
            28.5692765
          ],
          [
            77.1896961,
            28.569368
          ],
          [
            77.1895156,
            28.5693767
          ],
          [
            77.1888671,
            28.5694755
          ],
          [
            77.1887195,
            28.5694861
          ],
          [
            77.1882755,
            28.5695312
          ],
          [
            77.1881933,
            28.5695396
          ],
          [
            77.1869119,
            28.5696701
          ],
          [
            77.1862777,
            28.5698102
          ]
        ]
      }
    },
    {
      "type": "Feature",
      "id": "osm-36326993",
      "properties": {
        "osmid": 36326993,
        "name": "Chaudhary Jhandu Singh Marg",
        "highway": "tertiary",
        "highwayCategory": "Municipal Thoroughfare",
        "isGalli": false
      },
      "geometry": {
        "type": "LineString",
        "coordinates": [
          [
            77.1967505,
            28.5653937
          ],
          [
            77.1957998,
            28.5656096
          ],
          [
            77.1951546,
            28.5657598
          ],
          [
            77.1945202,
            28.5658989
          ],
          [
            77.1944957,
            28.5659042
          ],
          [
            77.1938023,
            28.5659716
          ],
          [
            77.1928496,
            28.56605
          ],
          [
            77.1915694,
            28.566121
          ],
          [
            77.1914507,
            28.5661276
          ],
          [
            77.1909683,
            28.566182
          ],
          [
            77.1899829,
            28.566274
          ],
          [
            77.1896567,
            28.5663131
          ],
          [
            77.1894625,
            28.5663319
          ],
          [
            77.189386,
            28.5663393
          ],
          [
            77.1893543,
            28.5663429
          ],
          [
            77.1892684,
            28.5663547
          ]
        ]
      }
    },
    {
      "type": "Feature",
      "id": "osm-36326994",
      "properties": {
        "osmid": 36326994,
        "name": "Africa Avenue",
        "highway": "secondary",
        "highwayCategory": "Municipal Thoroughfare",
        "isGalli": false
      },
      "geometry": {
        "type": "LineString",
        "coordinates": [
          [
            77.1895647,
            28.5697216
          ],
          [
            77.1896159,
            28.5702093
          ],
          [
            77.1896424,
            28.5705315
          ],
          [
            77.1896638,
            28.5709004
          ],
          [
            77.1896599,
            28.5710294
          ],
          [
            77.1896801,
            28.5713274
          ],
          [
            77.1896883,
            28.5716282
          ],
          [
            77.1896962,
            28.571916
          ],
          [
            77.1897049,
            28.5722381
          ],
          [
            77.1897128,
            28.5725247
          ],
          [
            77.1897389,
            28.5734821
          ],
          [
            77.1898073,
            28.5742051
          ],
          [
            77.1899201,
            28.5753977
          ],
          [
            77.1899176,
            28.5754469
          ],
          [
            77.1898458,
            28.5768584
          ],
          [
            77.1898409,
            28.5769554
          ],
          [
            77.1898343,
            28.5770574
          ],
          [
            77.1897862,
            28.5778072
          ],
          [
            77.1897622,
            28.5782196
          ],
          [
            77.1897496,
            28.5789436
          ],
          [
            77.1897809,
            28.5792721
          ]
        ]
      }
    },
    {
      "type": "Feature",
      "id": "osm-36326997",
      "properties": {
        "osmid": 36326997,
        "name": "Mahatma Gandhi Marg",
        "highway": "tertiary",
        "highwayCategory": "Municipal Thoroughfare",
        "isGalli": false
      },
      "geometry": {
        "type": "LineString",
        "coordinates": [
          [
            77.1895647,
            28.5697216
          ],
          [
            77.1897259,
            28.5697067
          ],
          [
            77.1900856,
            28.5696649
          ],
          [
            77.1904547,
            28.5696214
          ],
          [
            77.1908666,
            28.5695728
          ],
          [
            77.1911238,
            28.5695425
          ],
          [
            77.1919379,
            28.5694839
          ],
          [
            77.1925975,
            28.5694693
          ],
          [
            77.1927626,
            28.5694454
          ],
          [
            77.1931345,
            28.5693807
          ]
        ]
      }
    },
    {
      "type": "Feature",
      "id": "osm-36326998",
      "properties": {
        "osmid": 36326998,
        "name": "Bikaji Cama Place Flyover",
        "highway": "primary",
        "highwayCategory": "Municipal Thoroughfare",
        "isGalli": false
      },
      "geometry": {
        "type": "LineString",
        "coordinates": [
          [
            77.1872013,
            28.5698743
          ],
          [
            77.189387,
            28.5696228
          ],
          [
            77.1911331,
            28.5694443
          ],
          [
            77.1918254,
            28.5694017
          ],
          [
            77.1924339,
            28.5693801
          ]
        ]
      }
    },
    {
      "type": "Feature",
      "id": "osm-36326999",
      "properties": {
        "osmid": 36326999,
        "name": "Mahatma Gandhi Marg",
        "highway": "primary",
        "highwayCategory": "Municipal Thoroughfare",
        "isGalli": false
      },
      "geometry": {
        "type": "LineString",
        "coordinates": [
          [
            77.1931345,
            28.5693807
          ],
          [
            77.1934253,
            28.5693982
          ],
          [
            77.1938865,
            28.569426
          ],
          [
            77.1939281,
            28.5694285
          ],
          [
            77.1939635,
            28.569431
          ],
          [
            77.1948749,
            28.5694948
          ],
          [
            77.1960163,
            28.5696241
          ],
          [
            77.1962995,
            28.5696327
          ],
          [
            77.1964845,
            28.5696383
          ]
        ]
      }
    },
    {
      "type": "Feature",
      "id": "osm-36807194",
      "properties": {
        "osmid": 36807194,
        "name": "Mahatma Gandhi Road",
        "highway": "trunk_link",
        "highwayCategory": "Galli / Local Lane",
        "isGalli": true
      },
      "geometry": {
        "type": "LineString",
        "coordinates": [
          [
            77.2300551,
            28.6758351
          ],
          [
            77.2300251,
            28.676412
          ],
          [
            77.2300419,
            28.6764923
          ],
          [
            77.2300766,
            28.676568
          ],
          [
            77.2301276,
            28.6766362
          ],
          [
            77.2301931,
            28.6766941
          ],
          [
            77.2302704,
            28.6767395
          ],
          [
            77.2303564,
            28.6767706
          ],
          [
            77.2304477,
            28.6767861
          ],
          [
            77.2305407,
            28.6767854
          ],
          [
            77.2306317,
            28.6767685
          ],
          [
            77.230717,
            28.6767361
          ],
          [
            77.2307934,
            28.6766895
          ],
          [
            77.2308576,
            28.6766305
          ],
          [
            77.2309073,
            28.6765616
          ],
          [
            77.2309404,
            28.6764853
          ],
          [
            77.2309556,
            28.6764048
          ],
          [
            77.2309524,
            28.6763233
          ],
          [
            77.2308353,
            28.6758613
          ],
          [
            77.2307656,
            28.6755777
          ],
          [
            77.2306895,
            28.6752498
          ],
          [
            77.2306515,
            28.6748551
          ]
        ]
      }
    },
    {
      "type": "Feature",
      "id": "osm-36807195",
      "properties": {
        "osmid": 36807195,
        "name": "Local Corridor",
        "highway": "trunk_link",
        "highwayCategory": "Galli / Local Lane",
        "isGalli": true
      },
      "geometry": {
        "type": "LineString",
        "coordinates": [
          [
            77.2306912,
            28.6726663
          ],
          [
            77.2304678,
            28.6734653
          ],
          [
            77.2303018,
            28.6739846
          ],
          [
            77.2302333,
            28.6741991
          ],
          [
            77.229985,
            28.6750554
          ]
        ]
      }
    },
    {
      "type": "Feature",
      "id": "osm-36807196",
      "properties": {
        "osmid": 36807196,
        "name": "Local Corridor",
        "highway": "trunk_link",
        "highwayCategory": "Galli / Local Lane",
        "isGalli": true
      },
      "geometry": {
        "type": "LineString",
        "coordinates": [
          [
            77.2301066,
            28.6776012
          ],
          [
            77.2303347,
            28.6774567
          ],
          [
            77.2305945,
            28.6772455
          ],
          [
            77.2309747,
            28.6768563
          ],
          [
            77.2311394,
            28.6765784
          ],
          [
            77.2311964,
            28.6763894
          ],
          [
            77.2311838,
            28.6761448
          ],
          [
            77.2311711,
            28.6757167
          ],
          [
            77.2311653,
            28.6756369
          ],
          [
            77.2311592,
            28.6755519
          ]
        ]
      }
    },
    {
      "type": "Feature",
      "id": "osm-36807197",
      "properties": {
        "osmid": 36807197,
        "name": "Local Corridor",
        "highway": "trunk_link",
        "highwayCategory": "Galli / Local Lane",
        "isGalli": true
      },
      "geometry": {
        "type": "LineString",
        "coordinates": [
          [
            77.229985,
            28.6750554
          ],
          [
            77.2299449,
            28.6752311
          ],
          [
            77.2299299,
            28.6753238
          ],
          [
            77.2299193,
            28.6754102
          ],
          [
            77.2299268,
            28.6754968
          ],
          [
            77.2299521,
            28.6755809
          ],
          [
            77.2299944,
            28.6756595
          ],
          [
            77.2300523,
            28.67573
          ],
          [
            77.2301238,
            28.6757902
          ],
          [
            77.2302066,
            28.6758379
          ],
          [
            77.2302979,
            28.6758716
          ],
          [
            77.2303947,
            28.6758902
          ],
          [
            77.2304937,
            28.6758931
          ],
          [
            77.2305917,
            28.6758801
          ],
          [
            77.2306853,
            28.6758517
          ],
          [
            77.2307715,
            28.6758089
          ],
          [
            77.2308474,
            28.675753
          ],
          [
            77.2309104,
            28.6756859
          ],
          [
            77.2309585,
            28.6756099
          ],
          [
            77.2309901,
            28.6755276
          ],
          [
            77.2310156,
            28.6753246
          ]
        ]
      }
    },
    {
      "type": "Feature",
      "id": "osm-36807198",
      "properties": {
        "osmid": 36807198,
        "name": "Local Corridor",
        "highway": "trunk_link",
        "highwayCategory": "Galli / Local Lane",
        "isGalli": true
      },
      "geometry": {
        "type": "LineString",
        "coordinates": [
          [
            77.2310156,
            28.6753246
          ],
          [
            77.2310127,
            28.6749607
          ],
          [
            77.2309747,
            28.6744826
          ],
          [
            77.2309493,
            28.6741268
          ],
          [
            77.230943,
            28.6739378
          ],
          [
            77.230943,
            28.6737321
          ],
          [
            77.2309493,
            28.6735487
          ],
          [
            77.2309991,
            28.6733141
          ]
        ]
      }
    },
    {
      "type": "Feature",
      "id": "osm-36807199",
      "properties": {
        "osmid": 36807199,
        "name": "Local Corridor",
        "highway": "trunk_link",
        "highwayCategory": "Galli / Local Lane",
        "isGalli": true
      },
      "geometry": {
        "type": "LineString",
        "coordinates": [
          [
            77.2318571,
            28.6710948
          ],
          [
            77.2320251,
            28.6709702
          ],
          [
            77.2322088,
            28.6708643
          ],
          [
            77.2324057,
            28.6707783
          ],
          [
            77.2326129,
            28.6707137
          ],
          [
            77.2328274,
            28.6706714
          ],
          [
            77.2330462,
            28.6706518
          ],
          [
            77.2332661,
            28.6706554
          ],
          [
            77.2334838,
            28.6706821
          ]
        ]
      }
    },
    {
      "type": "Feature",
      "id": "osm-37194987",
      "properties": {
        "osmid": 37194987,
        "name": "Babu Ram Solanki Marg",
        "highway": "secondary",
        "highwayCategory": "Municipal Thoroughfare",
        "isGalli": false
      },
      "geometry": {
        "type": "LineString",
        "coordinates": [
          [
            77.218022,
            28.6441051
          ],
          [
            77.218021,
            28.6441805
          ],
          [
            77.2180093,
            28.6444029
          ],
          [
            77.2179722,
            28.6445053
          ],
          [
            77.217946,
            28.6447214
          ],
          [
            77.2179413,
            28.6447615
          ],
          [
            77.2179277,
            28.6448773
          ],
          [
            77.2178965,
            28.6453015
          ],
          [
            77.2178965,
            28.6453805
          ],
          [
            77.2178911,
            28.6455788
          ],
          [
            77.2178662,
            28.6457028
          ],
          [
            77.2178741,
            28.646056
          ],
          [
            77.2178707,
            28.6461712
          ],
          [
            77.2178673,
            28.6463133
          ],
          [
            77.2178589,
            28.646697
          ],
          [
            77.2178549,
            28.6468491
          ],
          [
            77.217836,
            28.6473646
          ],
          [
            77.2178205,
            28.6477783
          ],
          [
            77.2178089,
            28.6480891
          ],
          [
            77.2177592,
            28.6486011
          ]
        ]
      }
    },
    {
      "type": "Feature",
      "id": "osm-37222895",
      "properties": {
        "osmid": 37222895,
        "name": "Akbar Road",
        "highway": "secondary",
        "highwayCategory": "Municipal Thoroughfare",
        "isGalli": false
      },
      "geometry": {
        "type": "LineString",
        "coordinates": [
          [
            77.2112125,
            28.603848
          ],
          [
            77.2111296,
            28.6038434
          ],
          [
            77.2110516,
            28.6038329
          ],
          [
            77.2109554,
            28.6037866
          ],
          [
            77.2105627,
            28.6036218
          ],
          [
            77.2098464,
            28.6032966
          ],
          [
            77.2091775,
            28.6029738
          ],
          [
            77.2086695,
            28.602765
          ],
          [
            77.2082944,
            28.602604
          ],
          [
            77.2076596,
            28.6023233
          ],
          [
            77.2066681,
            28.601872
          ],
          [
            77.2059328,
            28.6015425
          ],
          [
            77.2056626,
            28.6014291
          ],
          [
            77.205519,
            28.6013667
          ],
          [
            77.2054701,
            28.6013049
          ],
          [
            77.2054475,
            28.6012475
          ]
        ]
      }
    },
    {
      "type": "Feature",
      "id": "osm-37222896",
      "properties": {
        "osmid": 37222896,
        "name": "Akbar Road",
        "highway": "secondary",
        "highwayCategory": "Municipal Thoroughfare",
        "isGalli": false
      },
      "geometry": {
        "type": "LineString",
        "coordinates": [
          [
            77.2173762,
            28.6065751
          ],
          [
            77.2172858,
            28.6065803
          ],
          [
            77.2171838,
            28.6065756
          ],
          [
            77.2171072,
            28.6065466
          ],
          [
            77.2169193,
            28.6064611
          ],
          [
            77.2161859,
            28.6061272
          ],
          [
            77.2150672,
            28.6056083
          ],
          [
            77.2140529,
            28.6051683
          ],
          [
            77.2131076,
            28.6047304
          ],
          [
            77.2123307,
            28.6044079
          ],
          [
            77.212253,
            28.6043756
          ],
          [
            77.2121359,
            28.6043173
          ],
          [
            77.2120614,
            28.604258
          ],
          [
            77.2120501,
            28.604249
          ],
          [
            77.211983,
            28.6041596
          ],
          [
            77.2119611,
            28.6041302
          ]
        ]
      }
    },
    {
      "type": "Feature",
      "id": "osm-37222897",
      "properties": {
        "osmid": 37222897,
        "name": "Tughlaq Road",
        "highway": "secondary",
        "highwayCategory": "Municipal Thoroughfare",
        "isGalli": false
      },
      "geometry": {
        "type": "LineString",
        "coordinates": [
          [
            77.2110539,
            28.5977849
          ],
          [
            77.2111023,
            28.5980085
          ],
          [
            77.2111602,
            28.5983862
          ],
          [
            77.2111975,
            28.598958
          ],
          [
            77.2112405,
            28.5996024
          ],
          [
            77.2112716,
            28.6001326
          ],
          [
            77.2112754,
            28.6001982
          ],
          [
            77.2113183,
            28.6007634
          ],
          [
            77.2113452,
            28.6012933
          ],
          [
            77.2113505,
            28.6013941
          ],
          [
            77.21138,
            28.6019574
          ],
          [
            77.2114041,
            28.6021702
          ],
          [
            77.2114578,
            28.6029817
          ],
          [
            77.2114755,
            28.6034088
          ],
          [
            77.2114828,
            28.6035802
          ],
          [
            77.2114583,
            28.6036518
          ],
          [
            77.2114016,
            28.603728
          ]
        ]
      }
    },
    {
      "type": "Feature",
      "id": "osm-37222898",
      "properties": {
        "osmid": 37222898,
        "name": "Tughlaq Road",
        "highway": "secondary",
        "highwayCategory": "Municipal Thoroughfare",
        "isGalli": false
      },
      "geometry": {
        "type": "LineString",
        "coordinates": [
          [
            77.2116804,
            28.6037265
          ],
          [
            77.2116014,
            28.6036349
          ],
          [
            77.2115796,
            28.6035644
          ],
          [
            77.2115694,
            28.6034771
          ],
          [
            77.2115499,
            28.6033562
          ],
          [
            77.2115272,
            28.6031838
          ],
          [
            77.2115119,
            28.6028426
          ],
          [
            77.2114792,
            28.6023923
          ],
          [
            77.2114778,
            28.6021666
          ],
          [
            77.2114656,
            28.6019044
          ],
          [
            77.2114635,
            28.6018382
          ],
          [
            77.2114144,
            28.6013941
          ],
          [
            77.2114094,
            28.6013449
          ],
          [
            77.211375,
            28.6006616
          ],
          [
            77.2113736,
            28.6004293
          ],
          [
            77.2113427,
            28.600063
          ],
          [
            77.2112953,
            28.5995574
          ],
          [
            77.2112865,
            28.5995116
          ],
          [
            77.2112575,
            28.5989546
          ],
          [
            77.2112118,
            28.5983824
          ],
          [
            77.2112017,
            28.598116
          ],
          [
            77.2112045,
            28.597992
          ]
        ]
      }
    },
    {
      "type": "Feature",
      "id": "osm-37222899",
      "properties": {
        "osmid": 37222899,
        "name": "Tees January Road",
        "highway": "secondary",
        "highwayCategory": "Municipal Thoroughfare",
        "isGalli": false
      },
      "geometry": {
        "type": "LineString",
        "coordinates": [
          [
            77.2119617,
            28.604017
          ],
          [
            77.2120576,
            28.6038696
          ],
          [
            77.2122163,
            28.6037669
          ],
          [
            77.212793,
            28.6034208
          ],
          [
            77.2130243,
            28.6032992
          ],
          [
            77.2135816,
            28.6029592
          ],
          [
            77.2138417,
            28.602803
          ],
          [
            77.2143165,
            28.6025188
          ],
          [
            77.214565,
            28.6023922
          ],
          [
            77.2146699,
            28.602337
          ],
          [
            77.2153267,
            28.6019914
          ],
          [
            77.2154162,
            28.6019443
          ],
          [
            77.215958,
            28.6016146
          ],
          [
            77.2160665,
            28.6015448
          ],
          [
            77.2167546,
            28.6011412
          ],
          [
            77.2169397,
            28.6010353
          ],
          [
            77.217048,
            28.6009676
          ],
          [
            77.2171167,
            28.6009246
          ],
          [
            77.2172052,
            28.6008987
          ],
          [
            77.2173179,
            28.6008916
          ],
          [
            77.2173964,
            28.6008948
          ]
        ]
      }
    },
    {
      "type": "Feature",
      "id": "osm-37222900",
      "properties": {
        "osmid": 37222900,
        "name": "Doctor Avul Pakir Jainulabdeen Abdul Kalam Marg",
        "highway": "secondary",
        "highwayCategory": "Municipal Thoroughfare",
        "isGalli": false
      },
      "geometry": {
        "type": "LineString",
        "coordinates": [
          [
            77.2112686,
            28.5977689
          ],
          [
            77.2113446,
            28.5977927
          ],
          [
            77.2114716,
            28.5978391
          ],
          [
            77.2115405,
            28.5978666
          ]
        ]
      }
    },
    {
      "type": "Feature",
      "id": "osm-37222901",
      "properties": {
        "osmid": 37222901,
        "name": "Tees January Road",
        "highway": "secondary",
        "highwayCategory": "Municipal Thoroughfare",
        "isGalli": false
      },
      "geometry": {
        "type": "LineString",
        "coordinates": [
          [
            77.2171018,
            28.6008642
          ],
          [
            77.2170018,
            28.6009173
          ],
          [
            77.2168741,
            28.6009851
          ],
          [
            77.2161335,
            28.601413
          ],
          [
            77.2160092,
            28.6014791
          ],
          [
            77.2152029,
            28.6019712
          ],
          [
            77.214987,
            28.6020778
          ],
          [
            77.2145152,
            28.6023277
          ],
          [
            77.2143459,
            28.6024285
          ],
          [
            77.214021,
            28.6026209
          ],
          [
            77.2138042,
            28.6027543
          ],
          [
            77.2132934,
            28.6030562
          ],
          [
            77.2129701,
            28.6032464
          ],
          [
            77.2125657,
            28.6034716
          ],
          [
            77.2121837,
            28.6037071
          ],
          [
            77.2120849,
            28.6037669
          ],
          [
            77.2119825,
            28.6037989
          ],
          [
            77.2118693,
            28.6038405
          ]
        ]
      }
    },
    {
      "type": "Feature",
      "id": "osm-37222902",
      "properties": {
        "osmid": 37222902,
        "name": "Janpath",
        "highway": "secondary",
        "highwayCategory": "Municipal Thoroughfare",
        "isGalli": false
      },
      "geometry": {
        "type": "LineString",
        "coordinates": [
          [
            77.2175704,
            28.6009605
          ],
          [
            77.2176202,
            28.6010172
          ],
          [
            77.2176621,
            28.6011013
          ],
          [
            77.2176939,
            28.6011716
          ],
          [
            77.2176961,
            28.6011811
          ],
          [
            77.2176995,
            28.6012539
          ],
          [
            77.2177032,
            28.6014045
          ],
          [
            77.2177224,
            28.60178
          ],
          [
            77.2177474,
            28.602209
          ],
          [
            77.2177955,
            28.602972
          ],
          [
            77.2178382,
            28.603534
          ],
          [
            77.2178398,
            28.6035742
          ],
          [
            77.217843,
            28.6036523
          ],
          [
            77.2178474,
            28.6037621
          ],
          [
            77.2178915,
            28.6043915
          ],
          [
            77.217931,
            28.605224
          ],
          [
            77.2179373,
            28.6053798
          ],
          [
            77.2179507,
            28.6059596
          ],
          [
            77.2179367,
            28.6060471
          ],
          [
            77.2178978,
            28.6061519
          ],
          [
            77.2178314,
            28.6062271
          ]
        ]
      }
    },
    {
      "type": "Feature",
      "id": "osm-37222903",
      "properties": {
        "osmid": 37222903,
        "name": "Doctor A.P.J. Abdul Kalam Marg",
        "highway": "secondary",
        "highwayCategory": "Municipal Thoroughfare",
        "isGalli": false
      },
      "geometry": {
        "type": "LineString",
        "coordinates": [
          [
            77.2179443,
            28.6008756
          ],
          [
            77.2180233,
            28.6008681
          ],
          [
            77.218195,
            28.6008622
          ],
          [
            77.2183449,
            28.6008888
          ],
          [
            77.2186321,
            28.6010262
          ],
          [
            77.2191478,
            28.6012723
          ],
          [
            77.2193415,
            28.6013485
          ],
          [
            77.2194511,
            28.6014036
          ],
          [
            77.2194865,
            28.6014171
          ],
          [
            77.2199311,
            28.6016226
          ],
          [
            77.220029,
            28.6016632
          ],
          [
            77.2201213,
            28.6017012
          ],
          [
            77.2206587,
            28.6019355
          ],
          [
            77.2207659,
            28.6019802
          ],
          [
            77.2210114,
            28.602088
          ],
          [
            77.2212791,
            28.6022096
          ],
          [
            77.2223253,
            28.6026903
          ],
          [
            77.2229391,
            28.6029688
          ],
          [
            77.2231785,
            28.6030582
          ],
          [
            77.2234228,
            28.6031681
          ],
          [
            77.223556,
            28.6032703
          ],
          [
            77.2235968,
            28.603338
          ]
        ]
      }
    },
    {
      "type": "Feature",
      "id": "osm-37222906",
      "properties": {
        "osmid": 37222906,
        "name": "Doctor A.P.J. Abdul Kalam Marg",
        "highway": "secondary",
        "highwayCategory": "Municipal Thoroughfare",
        "isGalli": false
      },
      "geometry": {
        "type": "LineString",
        "coordinates": [
          [
            77.2107896,
            28.5974426
          ],
          [
            77.2106928,
            28.597411
          ],
          [
            77.2096639,
            28.596949
          ],
          [
            77.2093412,
            28.5968042
          ],
          [
            77.2089191,
            28.5966147
          ],
          [
            77.2082782,
            28.5963269
          ],
          [
            77.2080182,
            28.5962102
          ]
        ]
      }
    },
    {
      "type": "Feature",
      "id": "osm-37222911",
      "properties": {
        "osmid": 37222911,
        "name": "Tughlaq Road",
        "highway": "secondary",
        "highwayCategory": "Municipal Thoroughfare",
        "isGalli": false
      },
      "geometry": {
        "type": "LineString",
        "coordinates": [
          [
            77.2112045,
            28.597992
          ],
          [
            77.2112099,
            28.597795
          ]
        ]
      }
    },
    {
      "type": "Feature",
      "id": "osm-37222913",
      "properties": {
        "osmid": 37222913,
        "name": "Aurobindo Marg",
        "highway": "secondary",
        "highwayCategory": "Municipal Thoroughfare",
        "isGalli": false
      },
      "geometry": {
        "type": "LineString",
        "coordinates": [
          [
            77.2128325,
            28.5895147
          ],
          [
            77.2128135,
            28.5896831
          ],
          [
            77.2127113,
            28.5911822
          ],
          [
            77.2126963,
            28.5914419
          ],
          [
            77.212684,
            28.5915512
          ]
        ]
      }
    },
    {
      "type": "Feature",
      "id": "osm-37222914",
      "properties": {
        "osmid": 37222914,
        "name": "Doctor A.P.J. Abdul Kalam Marg",
        "highway": "secondary",
        "highwayCategory": "Municipal Thoroughfare",
        "isGalli": false
      },
      "geometry": {
        "type": "LineString",
        "coordinates": [
          [
            77.2073915,
            28.5960773
          ],
          [
            77.2075782,
            28.5961006
          ],
          [
            77.2076873,
            28.596149
          ]
        ]
      }
    },
    {
      "type": "Feature",
      "id": "osm-37222915",
      "properties": {
        "osmid": 37222915,
        "name": "rotary no 10",
        "highway": "secondary",
        "highwayCategory": "Municipal Thoroughfare",
        "isGalli": false
      },
      "geometry": {
        "type": "LineString",
        "coordinates": [
          [
            77.2110299,
            28.5974679
          ],
          [
            77.2110047,
            28.5974854
          ],
          [
            77.2109828,
            28.597506
          ],
          [
            77.2109647,
            28.5975294
          ],
          [
            77.210951,
            28.5975549
          ],
          [
            77.2109419,
            28.597582
          ],
          [
            77.2109376,
            28.59761
          ],
          [
            77.2109383,
            28.5976382
          ],
          [
            77.2109466,
            28.5976746
          ],
          [
            77.2109632,
            28.5977089
          ],
          [
            77.2109874,
            28.5977395
          ],
          [
            77.211018,
            28.5977651
          ],
          [
            77.2110539,
            28.5977849
          ]
        ]
      }
    },
    {
      "type": "Feature",
      "id": "osm-37222917",
      "properties": {
        "osmid": 37222917,
        "name": "Rajesh Pilot Marg",
        "highway": "secondary",
        "highwayCategory": "Municipal Thoroughfare",
        "isGalli": false
      },
      "geometry": {
        "type": "LineString",
        "coordinates": [
          [
            77.2190133,
            28.5981597
          ],
          [
            77.2189547,
            28.5982554
          ],
          [
            77.2188853,
            28.5983689
          ]
        ]
      }
    },
    {
      "type": "Feature",
      "id": "osm-37222918",
      "properties": {
        "osmid": 37222918,
        "name": "Doctor A.P.J. Abdul Kalam Marg",
        "highway": "secondary",
        "highwayCategory": "Municipal Thoroughfare",
        "isGalli": false
      },
      "geometry": {
        "type": "LineString",
        "coordinates": [
          [
            77.2236446,
            28.6032453
          ],
          [
            77.223505,
            28.6031455
          ],
          [
            77.2233488,
            28.6030693
          ],
          [
            77.2233119,
            28.6030513
          ],
          [
            77.223206,
            28.6029997
          ],
          [
            77.2229444,
            28.6028723
          ],
          [
            77.2221451,
            28.6025167
          ],
          [
            77.2215443,
            28.6022483
          ],
          [
            77.220798,
            28.6019254
          ],
          [
            77.2206753,
            28.6018644
          ],
          [
            77.2201582,
            28.6016363
          ],
          [
            77.2199681,
            28.6015525
          ],
          [
            77.2194881,
            28.6013386
          ],
          [
            77.2190982,
            28.6011627
          ],
          [
            77.2186697,
            28.600957
          ],
          [
            77.2183758,
            28.600825
          ],
          [
            77.2183694,
            28.6008216
          ],
          [
            77.2182055,
            28.6007398
          ],
          [
            77.2180952,
            28.6006526
          ]
        ]
      }
    },
    {
      "type": "Feature",
      "id": "osm-37222919",
      "properties": {
        "osmid": 37222919,
        "name": "Janpath",
        "highway": "secondary",
        "highwayCategory": "Municipal Thoroughfare",
        "isGalli": false
      },
      "geometry": {
        "type": "LineString",
        "coordinates": [
          [
            77.2181424,
            28.6062102
          ],
          [
            77.2180874,
            28.6061407
          ],
          [
            77.2180431,
            28.6060559
          ],
          [
            77.2180089,
            28.6059599
          ],
          [
            77.2180081,
            28.6057789
          ],
          [
            77.2180061,
            28.6052204
          ],
          [
            77.2179416,
            28.6043885
          ],
          [
            77.2178925,
            28.60376
          ],
          [
            77.2178903,
            28.6036496
          ],
          [
            77.2178542,
            28.6029659
          ],
          [
            77.2178039,
            28.6022071
          ],
          [
            77.2177861,
            28.6020724
          ],
          [
            77.2177754,
            28.6017887
          ],
          [
            77.2177539,
            28.6014307
          ],
          [
            77.2177459,
            28.6012859
          ],
          [
            77.2177462,
            28.6011811
          ],
          [
            77.2177477,
            28.6011708
          ],
          [
            77.217776,
            28.6010494
          ],
          [
            77.2178379,
            28.600934
          ]
        ]
      }
    },
    {
      "type": "Feature",
      "id": "osm-37222923",
      "properties": {
        "osmid": 37222923,
        "name": "Krishna Menon Marg",
        "highway": "secondary",
        "highwayCategory": "Municipal Thoroughfare",
        "isGalli": false
      },
      "geometry": {
        "type": "LineString",
        "coordinates": [
          [
            77.2091333,
            28.608342
          ],
          [
            77.2094532,
            28.6078147
          ],
          [
            77.2097729,
            28.6073056
          ],
          [
            77.2101135,
            28.6066745
          ],
          [
            77.2103029,
            28.6063485
          ],
          [
            77.2105266,
            28.6059633
          ],
          [
            77.2107799,
            28.6054901
          ],
          [
            77.2108128,
            28.6054324
          ],
          [
            77.2108449,
            28.6053697
          ],
          [
            77.2108946,
            28.6052802
          ],
          [
            77.2111398,
            28.6048393
          ],
          [
            77.2111529,
            28.6048072
          ]
        ]
      }
    },
    {
      "type": "Feature",
      "id": "osm-37222924",
      "properties": {
        "osmid": 37222924,
        "name": "Akbar Road",
        "highway": "secondary",
        "highwayCategory": "Municipal Thoroughfare",
        "isGalli": false
      },
      "geometry": {
        "type": "LineString",
        "coordinates": [
          [
            77.2053465,
            28.6014404
          ],
          [
            77.2054024,
            28.6014346
          ],
          [
            77.2054882,
            28.6014346
          ],
          [
            77.2055579,
            28.6014605
          ],
          [
            77.2056228,
            28.601489
          ],
          [
            77.2059442,
            28.6016301
          ],
          [
            77.2064699,
            28.6018585
          ],
          [
            77.2066066,
            28.6019199
          ],
          [
            77.207068,
            28.602127
          ],
          [
            77.2076983,
            28.6024048
          ],
          [
            77.2082965,
            28.6026662
          ],
          [
            77.2089348,
            28.6029488
          ],
          [
            77.2093264,
            28.6031254
          ],
          [
            77.2097804,
            28.6033395
          ],
          [
            77.210451,
            28.6036409
          ],
          [
            77.210904,
            28.60384
          ],
          [
            77.2109167,
            28.6038485
          ],
          [
            77.2109828,
            28.603893
          ],
          [
            77.2110562,
            28.6039508
          ],
          [
            77.2111226,
            28.6040333
          ]
        ]
      }
    },
    {
      "type": "Feature",
      "id": "osm-37683065",
      "properties": {
        "osmid": 37683065,
        "name": "Local Corridor",
        "highway": "trunk",
        "highwayCategory": "Municipal Thoroughfare",
        "isGalli": false
      },
      "geometry": {
        "type": "LineString",
        "coordinates": [
          [
            77.269647,
            28.5805598
          ],
          [
            77.2692112,
            28.5801202
          ],
          [
            77.2688962,
            28.5797866
          ],
          [
            77.2687608,
            28.579632
          ],
          [
            77.2686782,
            28.5794769
          ],
          [
            77.2686546,
            28.5793678
          ],
          [
            77.2686385,
            28.5792658
          ],
          [
            77.2686379,
            28.5791528
          ],
          [
            77.2686559,
            28.5790431
          ],
          [
            77.2687005,
            28.5789483
          ],
          [
            77.2687534,
            28.5788648
          ],
          [
            77.268822,
            28.5787929
          ],
          [
            77.26903,
            28.5786703
          ],
          [
            77.2693236,
            28.5785648
          ],
          [
            77.2695613,
            28.5785191
          ],
          [
            77.2696786,
            28.5785109
          ],
          [
            77.2698127,
            28.5785264
          ],
          [
            77.269915,
            28.5785496
          ],
          [
            77.2700251,
            28.5785909
          ],
          [
            77.2701099,
            28.5786379
          ],
          [
            77.2701967,
            28.5787014
          ],
          [
            77.2702556,
            28.5787758
          ],
          [
            77.2702931,
            28.5788745
          ],
          [
            77.2703305,
            28.5789739
          ],
          [
            77.2703562,
            28.5792274
          ],
          [
            77.2703244,
            28.5793521
          ],
          [
            77.270277,
            28.5794788
          ],
          [
            77.2701179,
            28.5797172
          ],
          [
            77.2698325,
            28.5800265
          ]
        ]
      }
    },
    {
      "type": "Feature",
      "id": "osm-37703536",
      "properties": {
        "osmid": 37703536,
        "name": "Mata Mandir Road",
        "highway": "tertiary",
        "highwayCategory": "Municipal Thoroughfare",
        "isGalli": false
      },
      "geometry": {
        "type": "LineString",
        "coordinates": [
          [
            77.2649849,
            28.564155
          ],
          [
            77.2652672,
            28.5643116
          ],
          [
            77.2654596,
            28.5644647
          ],
          [
            77.2654673,
            28.5644716
          ],
          [
            77.2662559,
            28.5652178
          ],
          [
            77.2663455,
            28.5652901
          ],
          [
            77.266446,
            28.5653858
          ],
          [
            77.2666536,
            28.5655865
          ],
          [
            77.2671252,
            28.5660199
          ],
          [
            77.267234,
            28.5661217
          ],
          [
            77.2672945,
            28.5661717
          ],
          [
            77.2677168,
            28.5665256
          ],
          [
            77.2684057,
            28.5670047
          ]
        ]
      }
    },
    {
      "type": "Feature",
      "id": "osm-37703539",
      "properties": {
        "osmid": 37703539,
        "name": "C.V. Raman Marg",
        "highway": "secondary",
        "highwayCategory": "Municipal Thoroughfare",
        "isGalli": false
      },
      "geometry": {
        "type": "LineString",
        "coordinates": [
          [
            77.272695,
            28.5609572
          ],
          [
            77.2726607,
            28.561069
          ],
          [
            77.2725764,
            28.5613442
          ],
          [
            77.2725218,
            28.5615225
          ],
          [
            77.2722192,
            28.5621255
          ],
          [
            77.2719679,
            28.5625449
          ],
          [
            77.2705142,
            28.5649888
          ],
          [
            77.2703744,
            28.5652093
          ],
          [
            77.2702996,
            28.5653209
          ],
          [
            77.2702256,
            28.5654527
          ],
          [
            77.2701839,
            28.5655284
          ],
          [
            77.2699359,
            28.5659784
          ],
          [
            77.2695696,
            28.5666429
          ],
          [
            77.2691231,
            28.5673619
          ],
          [
            77.2690727,
            28.5674215
          ],
          [
            77.2688544,
            28.5678565
          ],
          [
            77.2686853,
            28.5681058
          ],
          [
            77.2681591,
            28.5688817
          ],
          [
            77.2679883,
            28.569106
          ],
          [
            77.2677001,
            28.5694846
          ],
          [
            77.2675869,
            28.5696334
          ],
          [
            77.2675265,
            28.5697034
          ],
          [
            77.2672445,
            28.5700826
          ],
          [
            77.2670597,
            28.5703312
          ],
          [
            77.2666307,
            28.5708884
          ],
          [
            77.2665459,
            28.5710394
          ],
          [
            77.2664883,
            28.5711518
          ],
          [
            77.26642,
            28.5712935
          ],
          [
            77.2663,
            28.571586
          ],
          [
            77.2655587,
            28.5729707
          ],
          [
            77.2654863,
            28.573072
          ],
          [
            77.265458,
            28.5731116
          ],
          [
            77.2654192,
            28.5731659
          ],
          [
            77.2639126,
            28.5748902
          ],
          [
            77.2636626,
            28.5751859
          ],
          [
            77.2634551,
            28.5754139
          ],
          [
            77.2633941,
            28.5754542
          ],
          [
            77.2632471,
            28.5755322
          ]
        ]
      }
    },
    {
      "type": "Feature",
      "id": "osm-37751252",
      "properties": {
        "osmid": 37751252,
        "name": "Nelson Mandela Marg",
        "highway": "primary",
        "highwayCategory": "Municipal Thoroughfare",
        "isGalli": false
      },
      "geometry": {
        "type": "LineString",
        "coordinates": [
          [
            77.1512618,
            28.5333589
          ],
          [
            77.1513103,
            28.5334224
          ],
          [
            77.1513204,
            28.5334368
          ],
          [
            77.151693,
            28.5339325
          ],
          [
            77.1521538,
            28.5345427
          ],
          [
            77.1521939,
            28.5345959
          ],
          [
            77.1522312,
            28.5346453
          ],
          [
            77.1523988,
            28.5348477
          ],
          [
            77.1534519,
            28.5362734
          ],
          [
            77.1536301,
            28.5364978
          ],
          [
            77.1537865,
            28.5367456
          ],
          [
            77.1538943,
            28.536968
          ],
          [
            77.1539182,
            28.5370173
          ],
          [
            77.1543097,
            28.5379547
          ],
          [
            77.1543511,
            28.5380341
          ],
          [
            77.1546126,
            28.5384398
          ],
          [
            77.1553091,
            28.5394023
          ],
          [
            77.1561191,
            28.5404755
          ],
          [
            77.1562641,
            28.5407493
          ],
          [
            77.15687,
            28.5415927
          ],
          [
            77.1569306,
            28.5416751
          ],
          [
            77.1576891,
            28.5427076
          ],
          [
            77.1584739,
            28.5437759
          ],
          [
            77.1588698,
            28.5443147
          ],
          [
            77.1588787,
            28.5443268
          ],
          [
            77.1590081,
            28.5445029
          ],
          [
            77.159092,
            28.5446171
          ],
          [
            77.1592276,
            28.5448017
          ],
          [
            77.1597067,
            28.5454396
          ],
          [
            77.1601982,
            28.5459853
          ],
          [
            77.1611678,
            28.5467601
          ],
          [
            77.1612537,
            28.5468287
          ],
          [
            77.1613302,
            28.5468823
          ],
          [
            77.1613812,
            28.5469365
          ],
          [
            77.1614133,
            28.5469791
          ]
        ]
      }
    },
    {
      "type": "Feature",
      "id": "osm-37751254",
      "properties": {
        "osmid": 37751254,
        "name": "Mahatma Gandhi Marg",
        "highway": "primary",
        "highwayCategory": "Municipal Thoroughfare",
        "isGalli": false
      },
      "geometry": {
        "type": "LineString",
        "coordinates": [
          [
            77.2585233,
            28.5724574
          ],
          [
            77.2582751,
            28.5723099
          ],
          [
            77.2581742,
            28.5722304
          ],
          [
            77.2578832,
            28.5720189
          ]
        ]
      }
    },
    {
      "type": "Feature",
      "id": "osm-37751255",
      "properties": {
        "osmid": 37751255,
        "name": "Mahatma Gandhi Marg",
        "highway": "primary",
        "highwayCategory": "Municipal Thoroughfare",
        "isGalli": false
      },
      "geometry": {
        "type": "LineString",
        "coordinates": [
          [
            77.2565459,
            28.5712807
          ],
          [
            77.257116,
            28.5718083
          ],
          [
            77.2576523,
            28.5722606
          ],
          [
            77.2577375,
            28.5723229
          ]
        ]
      }
    },
    {
      "type": "Feature",
      "id": "osm-37755457",
      "properties": {
        "osmid": 37755457,
        "name": "Guru Ravidas Marg",
        "highway": "secondary",
        "highwayCategory": "Municipal Thoroughfare",
        "isGalli": false
      },
      "geometry": {
        "type": "LineString",
        "coordinates": [
          [
            77.2574889,
            28.527773
          ],
          [
            77.2578485,
            28.5287015
          ],
          [
            77.2582834,
            28.5298498
          ],
          [
            77.258511,
            28.5304417
          ],
          [
            77.258776,
            28.5311283
          ],
          [
            77.2588901,
            28.531453
          ],
          [
            77.2593109,
            28.5325255
          ],
          [
            77.2594282,
            28.5328051
          ],
          [
            77.2594994,
            28.533004
          ],
          [
            77.259523,
            28.5330532
          ],
          [
            77.2595762,
            28.5331926
          ],
          [
            77.2596446,
            28.533401
          ],
          [
            77.2597267,
            28.5336008
          ],
          [
            77.2598085,
            28.5338143
          ],
          [
            77.2598872,
            28.534048
          ],
          [
            77.2599582,
            28.5342269
          ],
          [
            77.2600157,
            28.5343835
          ],
          [
            77.2600926,
            28.5345915
          ],
          [
            77.2601076,
            28.5346255
          ]
        ]
      }
    },
    {
      "type": "Feature",
      "id": "osm-37933970",
      "properties": {
        "osmid": 37933970,
        "name": "Indramohan Bhardwaj Marg",
        "highway": "tertiary",
        "highwayCategory": "Municipal Thoroughfare",
        "isGalli": false
      },
      "geometry": {
        "type": "LineString",
        "coordinates": [
          [
            77.2382321,
            28.5358808
          ],
          [
            77.2377708,
            28.5354964
          ],
          [
            77.2372285,
            28.5351036
          ],
          [
            77.2370848,
            28.5350108
          ],
          [
            77.2370123,
            28.5349639
          ],
          [
            77.23679,
            28.534841
          ],
          [
            77.2366378,
            28.534761
          ],
          [
            77.2365278,
            28.5347032
          ],
          [
            77.2362359,
            28.5345964
          ],
          [
            77.235952,
            28.5345061
          ],
          [
            77.2356278,
            28.5344539
          ],
          [
            77.2353222,
            28.5344111
          ],
          [
            77.2349551,
            28.5343981
          ],
          [
            77.2349086,
            28.5344064
          ],
          [
            77.2348818,
            28.5344507
          ],
          [
            77.2349018,
            28.534499
          ]
        ]
      }
    },
    {
      "type": "Feature",
      "id": "osm-38116048",
      "properties": {
        "osmid": 38116048,
        "name": "Local Corridor",
        "highway": "residential",
        "highwayCategory": "Galli / Local Lane",
        "isGalli": true
      },
      "geometry": {
        "type": "LineString",
        "coordinates": [
          [
            77.218008,
            28.5753312
          ],
          [
            77.2179944,
            28.5752625
          ],
          [
            77.217981,
            28.5752391
          ],
          [
            77.2179628,
            28.5752201
          ],
          [
            77.2178647,
            28.5751445
          ],
          [
            77.2174975,
            28.574883
          ],
          [
            77.2174606,
            28.5748521
          ],
          [
            77.2174443,
            28.5748125
          ],
          [
            77.2174506,
            28.5747777
          ],
          [
            77.2175496,
            28.5746431
          ],
          [
            77.2175751,
            28.5746271
          ],
          [
            77.2176086,
            28.5746175
          ],
          [
            77.2177215,
            28.5746198
          ],
          [
            77.2177837,
            28.5746316
          ],
          [
            77.2178203,
            28.5746385
          ],
          [
            77.2178803,
            28.5746734
          ],
          [
            77.2181452,
            28.5748273
          ],
          [
            77.2181845,
            28.5748307
          ],
          [
            77.2182121,
            28.5748224
          ],
          [
            77.2184479,
            28.5744854
          ],
          [
            77.2184738,
            28.5744209
          ],
          [
            77.2184801,
            28.5743418
          ],
          [
            77.218477,
            28.5742532
          ],
          [
            77.2183964,
            28.5738272
          ],
          [
            77.2183291,
            28.5735334
          ],
          [
            77.2183025,
            28.573474
          ],
          [
            77.218277,
            28.5734276
          ],
          [
            77.2181931,
            28.5733171
          ],
          [
            77.2179394,
            28.5731059
          ],
          [
            77.2179061,
            28.5730778
          ],
          [
            77.2178754,
            28.573033
          ],
          [
            77.2178256,
            28.5729355
          ],
          [
            77.2177908,
            28.5728365
          ],
          [
            77.2176697,
            28.5726528
          ]
        ]
      }
    },
    {
      "type": "Feature",
      "id": "osm-38116056",
      "properties": {
        "osmid": 38116056,
        "name": "Shri Jagannath Marg",
        "highway": "tertiary",
        "highwayCategory": "Municipal Thoroughfare",
        "isGalli": false
      },
      "geometry": {
        "type": "LineString",
        "coordinates": [
          [
            77.2143494,
            28.5793496
          ],
          [
            77.2124636,
            28.5795533
          ],
          [
            77.2121083,
            28.5795535
          ],
          [
            77.2119229,
            28.5795574
          ],
          [
            77.2118405,
            28.5795534
          ],
          [
            77.2116915,
            28.5795643
          ],
          [
            77.2116274,
            28.5795711
          ],
          [
            77.2109655,
            28.5796751
          ],
          [
            77.2108277,
            28.5796921
          ],
          [
            77.210721,
            28.579699
          ],
          [
            77.2106492,
            28.5796887
          ],
          [
            77.2105948,
            28.5796717
          ],
          [
            77.2105308,
            28.5796461
          ]
        ]
      }
    },
    {
      "type": "Feature",
      "id": "osm-38116061",
      "properties": {
        "osmid": 38116061,
        "name": "Local Corridor",
        "highway": "tertiary",
        "highwayCategory": "Municipal Thoroughfare",
        "isGalli": false
      },
      "geometry": {
        "type": "LineString",
        "coordinates": [
          [
            77.2106279,
            28.5763274
          ],
          [
            77.2107868,
            28.5763405
          ],
          [
            77.2109203,
            28.576336
          ],
          [
            77.2110498,
            28.5763193
          ],
          [
            77.211779,
            28.576176
          ],
          [
            77.2122473,
            28.5760403
          ],
          [
            77.212309,
            28.5760253
          ]
        ]
      }
    },
    {
      "type": "Feature",
      "id": "osm-38116062",
      "properties": {
        "osmid": 38116062,
        "name": "Local Corridor",
        "highway": "residential",
        "highwayCategory": "Galli / Local Lane",
        "isGalli": true
      },
      "geometry": {
        "type": "LineString",
        "coordinates": [
          [
            77.2153604,
            28.5740167
          ],
          [
            77.2152155,
            28.5742152
          ],
          [
            77.214988,
            28.5745268
          ],
          [
            77.2147782,
            28.5748178
          ],
          [
            77.2140515,
            28.5757398
          ],
          [
            77.2139728,
            28.5758104
          ],
          [
            77.2138797,
            28.5758675
          ],
          [
            77.213709,
            28.5759222
          ],
          [
            77.2131812,
            28.5760366
          ]
        ]
      }
    },
    {
      "type": "Feature",
      "id": "osm-38116063",
      "properties": {
        "osmid": 38116063,
        "name": "Local Corridor",
        "highway": "residential",
        "highwayCategory": "Galli / Local Lane",
        "isGalli": true
      },
      "geometry": {
        "type": "LineString",
        "coordinates": [
          [
            77.2177734,
            28.5709811
          ],
          [
            77.217743,
            28.5710457
          ],
          [
            77.2177494,
            28.5711322
          ],
          [
            77.2179367,
            28.5718438
          ],
          [
            77.2179412,
            28.5719249
          ]
        ]
      }
    },
    {
      "type": "Feature",
      "id": "osm-38116064",
      "properties": {
        "osmid": 38116064,
        "name": "Local Corridor",
        "highway": "residential",
        "highwayCategory": "Galli / Local Lane",
        "isGalli": true
      },
      "geometry": {
        "type": "LineString",
        "coordinates": [
          [
            77.2179412,
            28.5719249
          ],
          [
            77.2179669,
            28.5720109
          ],
          [
            77.218152,
            28.5725302
          ],
          [
            77.2182943,
            28.5728735
          ],
          [
            77.2183702,
            28.5730019
          ],
          [
            77.2184416,
            28.5731048
          ],
          [
            77.2186088,
            28.5733243
          ],
          [
            77.2187298,
            28.5735335
          ],
          [
            77.2187643,
            28.5736161
          ],
          [
            77.2187784,
            28.573687
          ],
          [
            77.2188245,
            28.5741041
          ],
          [
            77.2188936,
            28.5742926
          ]
        ]
      }
    },
    {
      "type": "Feature",
      "id": "osm-38116068",
      "properties": {
        "osmid": 38116068,
        "name": "Local Corridor",
        "highway": "residential",
        "highwayCategory": "Galli / Local Lane",
        "isGalli": true
      },
      "geometry": {
        "type": "LineString",
        "coordinates": [
          [
            77.2188936,
            28.5742926
          ],
          [
            77.2190829,
            28.5734074
          ],
          [
            77.2191668,
            28.5730635
          ],
          [
            77.2192455,
            28.5728434
          ],
          [
            77.2192549,
            28.5728186
          ],
          [
            77.2194388,
            28.5725435
          ],
          [
            77.2196126,
            28.5722485
          ],
          [
            77.2198286,
            28.5718781
          ],
          [
            77.2198561,
            28.5716603
          ],
          [
            77.219857,
            28.5713908
          ]
        ]
      }
    },
    {
      "type": "Feature",
      "id": "osm-38116070",
      "properties": {
        "osmid": 38116070,
        "name": "Local Corridor",
        "highway": "residential",
        "highwayCategory": "Galli / Local Lane",
        "isGalli": true
      },
      "geometry": {
        "type": "LineString",
        "coordinates": [
          [
            77.2190829,
            28.5734074
          ],
          [
            77.2190075,
            28.5733196
          ],
          [
            77.2187179,
            28.5729824
          ],
          [
            77.2186477,
            28.5728721
          ],
          [
            77.2185977,
            28.57276
          ],
          [
            77.2182151,
            28.5718814
          ],
          [
            77.2181811,
            28.5718033
          ]
        ]
      }
    },
    {
      "type": "Feature",
      "id": "osm-38116071",
      "properties": {
        "osmid": 38116071,
        "name": "Local Corridor",
        "highway": "residential",
        "highwayCategory": "Galli / Local Lane",
        "isGalli": true
      },
      "geometry": {
        "type": "LineString",
        "coordinates": [
          [
            77.2190767,
            28.5730016
          ],
          [
            77.2189932,
            28.5728878
          ],
          [
            77.2189356,
            28.5727904
          ],
          [
            77.2188806,
            28.5726768
          ],
          [
            77.2184547,
            28.5717344
          ],
          [
            77.218436,
            28.571693
          ]
        ]
      }
    },
    {
      "type": "Feature",
      "id": "osm-38116072",
      "properties": {
        "osmid": 38116072,
        "name": "Local Corridor",
        "highway": "residential",
        "highwayCategory": "Galli / Local Lane",
        "isGalli": true
      },
      "geometry": {
        "type": "LineString",
        "coordinates": [
          [
            77.2192549,
            28.5728186
          ],
          [
            77.2191987,
            28.5726925
          ],
          [
            77.2187407,
            28.5716654
          ],
          [
            77.2187053,
            28.571586
          ]
        ]
      }
    },
    {
      "type": "Feature",
      "id": "osm-38116073",
      "properties": {
        "osmid": 38116073,
        "name": "Local Corridor",
        "highway": "residential",
        "highwayCategory": "Galli / Local Lane",
        "isGalli": true
      },
      "geometry": {
        "type": "LineString",
        "coordinates": [
          [
            77.2210239,
            28.5696842
          ],
          [
            77.2206358,
            28.5697028
          ],
          [
            77.2203758,
            28.5697156
          ],
          [
            77.2200451,
            28.5697298
          ],
          [
            77.2197507,
            28.5697459
          ],
          [
            77.2194004,
            28.5697628
          ],
          [
            77.2192084,
            28.569772
          ],
          [
            77.218664,
            28.5698025
          ],
          [
            77.2184755,
            28.5698125
          ],
          [
            77.2182674,
            28.5698223
          ],
          [
            77.2173463,
            28.5698883
          ],
          [
            77.2173034,
            28.56987
          ]
        ]
      }
    },
    {
      "type": "Feature",
      "id": "osm-38116074",
      "properties": {
        "osmid": 38116074,
        "name": "Local Corridor",
        "highway": "residential",
        "highwayCategory": "Galli / Local Lane",
        "isGalli": true
      },
      "geometry": {
        "type": "LineString",
        "coordinates": [
          [
            77.2188436,
            28.5715193
          ],
          [
            77.2188321,
            28.5714098
          ],
          [
            77.2186728,
            28.5698865
          ],
          [
            77.218664,
            28.5698025
          ]
        ]
      }
    },
    {
      "type": "Feature",
      "id": "osm-38116075",
      "properties": {
        "osmid": 38116075,
        "name": "Local Corridor",
        "highway": "residential",
        "highwayCategory": "Galli / Local Lane",
        "isGalli": true
      },
      "geometry": {
        "type": "LineString",
        "coordinates": [
          [
            77.2192861,
            28.5714303
          ],
          [
            77.2192563,
            28.5713334
          ],
          [
            77.2192084,
            28.569772
          ]
        ]
      }
    },
    {
      "type": "Feature",
      "id": "osm-38116076",
      "properties": {
        "osmid": 38116076,
        "name": "Local Corridor",
        "highway": "residential",
        "highwayCategory": "Galli / Local Lane",
        "isGalli": true
      },
      "geometry": {
        "type": "LineString",
        "coordinates": [
          [
            77.2205047,
            28.5713503
          ],
          [
            77.2203758,
            28.5697156
          ]
        ]
      }
    },
    {
      "type": "Feature",
      "id": "osm-38116077",
      "properties": {
        "osmid": 38116077,
        "name": "Local Corridor",
        "highway": "residential",
        "highwayCategory": "Galli / Local Lane",
        "isGalli": true
      },
      "geometry": {
        "type": "LineString",
        "coordinates": [
          [
            77.2183775,
            28.5717191
          ],
          [
            77.2183699,
            28.5716408
          ],
          [
            77.2183402,
            28.5713354
          ],
          [
            77.2183161,
            28.570907
          ],
          [
            77.2182823,
            28.5701067
          ],
          [
            77.218268,
            28.5698917
          ],
          [
            77.2182674,
            28.5698223
          ]
        ]
      }
    },
    {
      "type": "Feature",
      "id": "osm-38116078",
      "properties": {
        "osmid": 38116078,
        "name": "Local Corridor",
        "highway": "residential",
        "highwayCategory": "Galli / Local Lane",
        "isGalli": true
      },
      "geometry": {
        "type": "LineString",
        "coordinates": [
          [
            77.2196126,
            28.5722485
          ],
          [
            77.2194848,
            28.5718993
          ],
          [
            77.2193907,
            28.5716791
          ],
          [
            77.2192861,
            28.5714303
          ]
        ]
      }
    },
    {
      "type": "Feature",
      "id": "osm-38116079",
      "properties": {
        "osmid": 38116079,
        "name": "Local Corridor",
        "highway": "residential",
        "highwayCategory": "Galli / Local Lane",
        "isGalli": true
      },
      "geometry": {
        "type": "LineString",
        "coordinates": [
          [
            77.2198286,
            28.5718781
          ],
          [
            77.2202503,
            28.5718569
          ],
          [
            77.2213006,
            28.5718025
          ]
        ]
      }
    },
    {
      "type": "Feature",
      "id": "osm-38116081",
      "properties": {
        "osmid": 38116081,
        "name": "Local Corridor",
        "highway": "residential",
        "highwayCategory": "Galli / Local Lane",
        "isGalli": true
      },
      "geometry": {
        "type": "LineString",
        "coordinates": [
          [
            77.2217976,
            28.5691342
          ],
          [
            77.2218029,
            28.5691968
          ],
          [
            77.2218421,
            28.569662
          ],
          [
            77.2218658,
            28.569964
          ],
          [
            77.2218887,
            28.5702307
          ],
          [
            77.2224156,
            28.5707052
          ],
          [
            77.2230224,
            28.5713291
          ]
        ]
      }
    },
    {
      "type": "Feature",
      "id": "osm-38116083",
      "properties": {
        "osmid": 38116083,
        "name": "Local Corridor",
        "highway": "residential",
        "highwayCategory": "Galli / Local Lane",
        "isGalli": true
      },
      "geometry": {
        "type": "LineString",
        "coordinates": [
          [
            77.2219231,
            28.5707313
          ],
          [
            77.2210905,
            28.5707691
          ]
        ]
      }
    },
    {
      "type": "Feature",
      "id": "osm-38116085",
      "properties": {
        "osmid": 38116085,
        "name": "Local Corridor",
        "highway": "residential",
        "highwayCategory": "Galli / Local Lane",
        "isGalli": true
      },
      "geometry": {
        "type": "LineString",
        "coordinates": [
          [
            77.2228221,
            28.5734295
          ],
          [
            77.2231081,
            28.5734059
          ],
          [
            77.2231506,
            28.5733999
          ],
          [
            77.2232336,
            28.573387
          ],
          [
            77.2233086,
            28.5733652
          ],
          [
            77.2234178,
            28.5733351
          ],
          [
            77.2235152,
            28.5732943
          ],
          [
            77.223874,
            28.5730801
          ],
          [
            77.2238928,
            28.5730708
          ],
          [
            77.2239069,
            28.5730705
          ],
          [
            77.2239201,
            28.573078
          ],
          [
            77.223925,
            28.5730948
          ],
          [
            77.2239836,
            28.5734741
          ],
          [
            77.223991,
            28.5735216
          ],
          [
            77.2240152,
            28.5737618
          ],
          [
            77.2240271,
            28.5738402
          ],
          [
            77.2240312,
            28.573856
          ],
          [
            77.2240569,
            28.5739638
          ],
          [
            77.2241041,
            28.5741149
          ],
          [
            77.2241534,
            28.5742308
          ],
          [
            77.2242076,
            28.57435
          ],
          [
            77.2242439,
            28.5744096
          ],
          [
            77.224278,
            28.5744662
          ],
          [
            77.2243445,
            28.5745982
          ],
          [
            77.2244163,
            28.5747732
          ],
          [
            77.2244414,
            28.5748433
          ],
          [
            77.224466,
            28.5749286
          ],
          [
            77.2245522,
            28.5752031
          ],
          [
            77.2246565,
            28.575568
          ],
          [
            77.224829,
            28.5759285
          ]
        ]
      }
    },
    {
      "type": "Feature",
      "id": "osm-38116086",
      "properties": {
        "osmid": 38116086,
        "name": "Local Corridor",
        "highway": "residential",
        "highwayCategory": "Galli / Local Lane",
        "isGalli": true
      },
      "geometry": {
        "type": "LineString",
        "coordinates": [
          [
            77.2245522,
            28.5752031
          ],
          [
            77.2251916,
            28.5750025
          ],
          [
            77.2253426,
            28.5749603
          ],
          [
            77.2255648,
            28.5749013
          ],
          [
            77.2257368,
            28.5748446
          ],
          [
            77.2265317,
            28.5745384
          ]
        ]
      }
    },
    {
      "type": "Feature",
      "id": "osm-38116087",
      "properties": {
        "osmid": 38116087,
        "name": "Local Corridor",
        "highway": "residential",
        "highwayCategory": "Galli / Local Lane",
        "isGalli": true
      },
      "geometry": {
        "type": "LineString",
        "coordinates": [
          [
            77.2258176,
            28.5732458
          ],
          [
            77.2262246,
            28.5730393
          ],
          [
            77.2266829,
            28.5728429
          ],
          [
            77.2270971,
            28.572663
          ],
          [
            77.2271728,
            28.5726374
          ],
          [
            77.2273558,
            28.5725594
          ],
          [
            77.2277586,
            28.5723946
          ]
        ]
      }
    },
    {
      "type": "Feature",
      "id": "osm-38116088",
      "properties": {
        "osmid": 38116088,
        "name": "Feroze Gandhi Road",
        "highway": "tertiary_link",
        "highwayCategory": "Galli / Local Lane",
        "isGalli": true
      },
      "geometry": {
        "type": "LineString",
        "coordinates": [
          [
            77.2363711,
            28.5707443
          ],
          [
            77.2366362,
            28.5705725
          ]
        ]
      }
    },
    {
      "type": "Feature",
      "id": "osm-38116089",
      "properties": {
        "osmid": 38116089,
        "name": "Shiv Mandir Marg",
        "highway": "tertiary",
        "highwayCategory": "Municipal Thoroughfare",
        "isGalli": false
      },
      "geometry": {
        "type": "LineString",
        "coordinates": [
          [
            77.2462119,
            28.5713723
          ],
          [
            77.2461933,
            28.571411
          ],
          [
            77.2461251,
            28.5715532
          ],
          [
            77.2460371,
            28.5717789
          ],
          [
            77.2459938,
            28.571971
          ],
          [
            77.2459647,
            28.5723324
          ],
          [
            77.2459655,
            28.5726152
          ],
          [
            77.2459693,
            28.572867
          ],
          [
            77.2459599,
            28.5731639
          ],
          [
            77.2459548,
            28.573399
          ],
          [
            77.2459631,
            28.5744122
          ],
          [
            77.2459439,
            28.574692
          ],
          [
            77.2459484,
            28.5749308
          ],
          [
            77.2458676,
            28.5758966
          ],
          [
            77.2458563,
            28.5760323
          ],
          [
            77.2458662,
            28.5765987
          ],
          [
            77.2458832,
            28.576755
          ],
          [
            77.2458733,
            28.5774909
          ],
          [
            77.2458619,
            28.5783437
          ]
        ]
      }
    },
    {
      "type": "Feature",
      "id": "osm-38116090",
      "properties": {
        "osmid": 38116090,
        "name": "Local Corridor",
        "highway": "residential",
        "highwayCategory": "Galli / Local Lane",
        "isGalli": true
      },
      "geometry": {
        "type": "LineString",
        "coordinates": [
          [
            77.2434409,
            28.5743807
          ],
          [
            77.2440819,
            28.5743917
          ],
          [
            77.2444289,
            28.5743917
          ],
          [
            77.2448858,
            28.5744015
          ],
          [
            77.2452767,
            28.5744005
          ],
          [
            77.2455838,
            28.5744085
          ],
          [
            77.2458432,
            28.574411
          ],
          [
            77.2459631,
            28.5744122
          ]
        ]
      }
    },
    {
      "type": "Feature",
      "id": "osm-38116091",
      "properties": {
        "osmid": 38116091,
        "name": "Vaishno Devi Marg",
        "highway": "tertiary",
        "highwayCategory": "Municipal Thoroughfare",
        "isGalli": false
      },
      "geometry": {
        "type": "LineString",
        "coordinates": [
          [
            77.2432708,
            28.5728265
          ],
          [
            77.2434949,
            28.5728272
          ],
          [
            77.2437651,
            28.572828
          ],
          [
            77.2438308,
            28.5728283
          ],
          [
            77.2440075,
            28.572831
          ],
          [
            77.2447332,
            28.5728479
          ],
          [
            77.2449242,
            28.5728508
          ],
          [
            77.2457748,
            28.572864
          ]
        ]
      }
    },
    {
      "type": "Feature",
      "id": "osm-38116092",
      "properties": {
        "osmid": 38116092,
        "name": "L Block Road",
        "highway": "residential",
        "highwayCategory": "Galli / Local Lane",
        "isGalli": true
      },
      "geometry": {
        "type": "LineString",
        "coordinates": [
          [
            77.2454264,
            28.5683889
          ],
          [
            77.2456033,
            28.5687618
          ],
          [
            77.2456417,
            28.5689566
          ],
          [
            77.2456235,
            28.5690819
          ],
          [
            77.245608,
            28.5691881
          ],
          [
            77.2455409,
            28.5694115
          ],
          [
            77.2454182,
            28.5696358
          ],
          [
            77.2453069,
            28.5697727
          ],
          [
            77.2450914,
            28.5699953
          ],
          [
            77.2446294,
            28.5702522
          ]
        ]
      }
    },
    {
      "type": "Feature",
      "id": "osm-38116093",
      "properties": {
        "osmid": 38116093,
        "name": "Local Corridor",
        "highway": "residential",
        "highwayCategory": "Galli / Local Lane",
        "isGalli": true
      },
      "geometry": {
        "type": "LineString",
        "coordinates": [
          [
            77.2392428,
            28.5720513
          ],
          [
            77.2393902,
            28.5720606
          ],
          [
            77.2395639,
            28.5720715
          ],
          [
            77.2396901,
            28.5720784
          ],
          [
            77.2401007,
            28.5720745
          ],
          [
            77.2401665,
            28.5720628
          ],
          [
            77.2404294,
            28.5719595
          ],
          [
            77.2406037,
            28.571891
          ],
          [
            77.2406442,
            28.5718724
          ]
        ]
      }
    },
    {
      "type": "Feature",
      "id": "osm-38116094",
      "properties": {
        "osmid": 38116094,
        "name": "Vaishno Devi Marg",
        "highway": "tertiary",
        "highwayCategory": "Municipal Thoroughfare",
        "isGalli": false
      },
      "geometry": {
        "type": "LineString",
        "coordinates": [
          [
            77.2386591,
            28.572713
          ],
          [
            77.2387075,
            28.5727336
          ],
          [
            77.2391123,
            28.5727356
          ],
          [
            77.239332,
            28.572723
          ],
          [
            77.2396268,
            28.5727345
          ],
          [
            77.240131,
            28.5727541
          ],
          [
            77.2405086,
            28.5727687
          ],
          [
            77.2406601,
            28.5727746
          ],
          [
            77.2412159,
            28.5727961
          ],
          [
            77.241539,
            28.5727961
          ],
          [
            77.2417896,
            28.5727916
          ],
          [
            77.2420464,
            28.5728052
          ],
          [
            77.2423011,
            28.5728085
          ]
        ]
      }
    },
    {
      "type": "Feature",
      "id": "osm-38235041",
      "properties": {
        "osmid": 38235041,
        "name": "Basant Road",
        "highway": "residential",
        "highwayCategory": "Galli / Local Lane",
        "isGalli": true
      },
      "geometry": {
        "type": "LineString",
        "coordinates": [
          [
            77.2170228,
            28.6403487
          ],
          [
            77.2167311,
            28.6399883
          ],
          [
            77.2165379,
            28.6397497
          ],
          [
            77.216243,
            28.6393854
          ],
          [
            77.2160105,
            28.6390935
          ],
          [
            77.2155295,
            28.638486
          ],
          [
            77.215087,
            28.6378947
          ],
          [
            77.2149349,
            28.6376914
          ],
          [
            77.2147056,
            28.6373862
          ],
          [
            77.2140997,
            28.6364741
          ]
        ]
      }
    },
    {
      "type": "Feature",
      "id": "osm-38235141",
      "properties": {
        "osmid": 38235141,
        "name": "Qutab Road",
        "highway": "secondary",
        "highwayCategory": "Municipal Thoroughfare",
        "isGalli": false
      },
      "geometry": {
        "type": "LineString",
        "coordinates": [
          [
            77.215994,
            28.6594885
          ],
          [
            77.215986,
            28.6593458
          ],
          [
            77.215943,
            28.6586821
          ],
          [
            77.2158667,
            28.6577045
          ],
          [
            77.2158948,
            28.6574724
          ],
          [
            77.2159323,
            28.6570722
          ],
          [
            77.2159216,
            28.6568698
          ],
          [
            77.2159484,
            28.6563426
          ],
          [
            77.216002,
            28.6557989
          ],
          [
            77.2160557,
            28.6553941
          ],
          [
            77.2160726,
            28.6552887
          ],
          [
            77.2161483,
            28.6550123
          ],
          [
            77.2163293,
            28.6544808
          ],
          [
            77.2165073,
            28.6539701
          ],
          [
            77.216619,
            28.6534264
          ],
          [
            77.2167733,
            28.6527127
          ],
          [
            77.2168886,
            28.6524185
          ],
          [
            77.2170415,
            28.6518489
          ],
          [
            77.2172372,
            28.6512456
          ],
          [
            77.2172507,
            28.6512039
          ],
          [
            77.2173768,
            28.650752
          ],
          [
            77.2174948,
            28.6503825
          ],
          [
            77.2176301,
            28.6500147
          ],
          [
            77.2176588,
            28.6499367
          ],
          [
            77.2177378,
            28.6497291
          ],
          [
            77.2178195,
            28.6494694
          ],
          [
            77.21786,
            28.6492569
          ],
          [
            77.2179067,
            28.6488106
          ],
          [
            77.2178756,
            28.6486032
          ],
          [
            77.2178703,
            28.6485677
          ]
        ]
      }
    },
    {
      "type": "Feature",
      "id": "osm-38235166",
      "properties": {
        "osmid": 38235166,
        "name": "Qutab Road",
        "highway": "secondary",
        "highwayCategory": "Municipal Thoroughfare",
        "isGalli": false
      },
      "geometry": {
        "type": "LineString",
        "coordinates": [
          [
            77.2177592,
            28.6486011
          ],
          [
            77.2176921,
            28.6488728
          ],
          [
            77.2176063,
            28.6492023
          ],
          [
            77.217572,
            28.649609
          ],
          [
            77.2175784,
            28.6498025
          ],
          [
            77.2175806,
            28.6499258
          ],
          [
            77.2175662,
            28.6500002
          ],
          [
            77.217418,
            28.650423
          ],
          [
            77.2173043,
            28.650752
          ],
          [
            77.2171617,
            28.6512393
          ],
          [
            77.2169445,
            28.6519696
          ],
          [
            77.2167394,
            28.6526595
          ],
          [
            77.2164296,
            28.6539548
          ],
          [
            77.2162456,
            28.654505
          ],
          [
            77.215974,
            28.6552687
          ],
          [
            77.2159573,
            28.6553603
          ],
          [
            77.2159193,
            28.6557919
          ],
          [
            77.2158871,
            28.656338
          ],
          [
            77.2158672,
            28.6568305
          ],
          [
            77.2158811,
            28.657028
          ],
          [
            77.2158066,
            28.657709
          ],
          [
            77.2159243,
            28.6594814
          ]
        ]
      }
    },
    {
      "type": "Feature",
      "id": "osm-38235201",
      "properties": {
        "osmid": 38235201,
        "name": "Shri Mata Maharani Chowk",
        "highway": "tertiary",
        "highwayCategory": "Municipal Thoroughfare",
        "isGalli": false
      },
      "geometry": {
        "type": "LineString",
        "coordinates": [
          [
            77.2095779,
            28.6457453
          ],
          [
            77.2096188,
            28.6458659
          ]
        ]
      }
    },
    {
      "type": "Feature",
      "id": "osm-38235230",
      "properties": {
        "osmid": 38235230,
        "name": "Idgah Road",
        "highway": "tertiary",
        "highwayCategory": "Municipal Thoroughfare",
        "isGalli": false
      },
      "geometry": {
        "type": "LineString",
        "coordinates": [
          [
            77.2165073,
            28.6539701
          ],
          [
            77.2164296,
            28.6539548
          ],
          [
            77.2154287,
            28.6538591
          ],
          [
            77.2149312,
            28.6538287
          ],
          [
            77.2146737,
            28.6538008
          ],
          [
            77.2145639,
            28.6538032
          ],
          [
            77.2144134,
            28.6537969
          ],
          [
            77.2140786,
            28.6537806
          ],
          [
            77.2135445,
            28.6537584
          ],
          [
            77.2130302,
            28.6537294
          ],
          [
            77.2128291,
            28.6537166
          ],
          [
            77.2120617,
            28.6536676
          ],
          [
            77.2118067,
            28.653661
          ],
          [
            77.2110889,
            28.6536271
          ],
          [
            77.2110204,
            28.6536287
          ]
        ]
      }
    },
    {
      "type": "Feature",
      "id": "osm-38235260",
      "properties": {
        "osmid": 38235260,
        "name": "Arya Nagar Road;Sang Trashan Marg",
        "highway": "residential",
        "highwayCategory": "Galli / Local Lane",
        "isGalli": true
      },
      "geometry": {
        "type": "LineString",
        "coordinates": [
          [
            77.2127098,
            28.6410398
          ],
          [
            77.2127392,
            28.6413992
          ],
          [
            77.2127425,
            28.6415405
          ],
          [
            77.2127221,
            28.6417065
          ],
          [
            77.2126884,
            28.6420278
          ],
          [
            77.2126596,
            28.6423054
          ],
          [
            77.2126419,
            28.6424831
          ],
          [
            77.2126363,
            28.6425784
          ],
          [
            77.2125822,
            28.6429663
          ],
          [
            77.2125208,
            28.6432264
          ],
          [
            77.2123954,
            28.6436371
          ],
          [
            77.2123856,
            28.6436962
          ],
          [
            77.2123467,
            28.6438333
          ],
          [
            77.2124001,
            28.6440508
          ],
          [
            77.2124303,
            28.6442542
          ],
          [
            77.2124486,
            28.6444579
          ],
          [
            77.2125024,
            28.6446832
          ],
          [
            77.2125531,
            28.6449207
          ],
          [
            77.2126245,
            28.6451895
          ]
        ]
      }
    },
    {
      "type": "Feature",
      "id": "osm-38235289",
      "properties": {
        "osmid": 38235289,
        "name": "Rajguru Marg",
        "highway": "residential",
        "highwayCategory": "Galli / Local Lane",
        "isGalli": true
      },
      "geometry": {
        "type": "LineString",
        "coordinates": [
          [
            77.2107854,
            28.640635
          ],
          [
            77.2106816,
            28.6409907
          ],
          [
            77.2104986,
            28.6418596
          ],
          [
            77.2104218,
            28.6422565
          ],
          [
            77.210403,
            28.6424026
          ],
          [
            77.21042,
            28.6425796
          ],
          [
            77.2104566,
            28.6427229
          ],
          [
            77.2104772,
            28.6428032
          ],
          [
            77.210536,
            28.6430208
          ],
          [
            77.2105766,
            28.6432229
          ],
          [
            77.2106154,
            28.6434358
          ],
          [
            77.2106573,
            28.6436553
          ],
          [
            77.2107027,
            28.643877
          ],
          [
            77.2107446,
            28.6440925
          ],
          [
            77.2107842,
            28.6442955
          ],
          [
            77.2108324,
            28.6445211
          ],
          [
            77.2108782,
            28.6447271
          ],
          [
            77.2109271,
            28.6449455
          ],
          [
            77.210977,
            28.6451683
          ],
          [
            77.2110464,
            28.6454785
          ]
        ]
      }
    },
    {
      "type": "Feature",
      "id": "osm-38235296",
      "properties": {
        "osmid": 38235296,
        "name": "Local Corridor",
        "highway": "residential",
        "highwayCategory": "Galli / Local Lane",
        "isGalli": true
      },
      "geometry": {
        "type": "LineString",
        "coordinates": [
          [
            77.2087776,
            28.6406969
          ],
          [
            77.2089442,
            28.6413694
          ],
          [
            77.2091289,
            28.6422156
          ],
          [
            77.2092089,
            28.6425823
          ],
          [
            77.2093361,
            28.642996
          ],
          [
            77.2093885,
            28.6432217
          ],
          [
            77.2094383,
            28.6434366
          ],
          [
            77.2094869,
            28.6436456
          ],
          [
            77.2095233,
            28.6438381
          ]
        ]
      }
    },
    {
      "type": "Feature",
      "id": "osm-38235302",
      "properties": {
        "osmid": 38235302,
        "name": "Lakshmi Narayan Street",
        "highway": "residential",
        "highwayCategory": "Galli / Local Lane",
        "isGalli": true
      },
      "geometry": {
        "type": "LineString",
        "coordinates": [
          [
            77.2118419,
            28.6412279
          ],
          [
            77.2118147,
            28.6411951
          ],
          [
            77.2117682,
            28.6411756
          ],
          [
            77.2113023,
            28.6411049
          ],
          [
            77.2106816,
            28.6409907
          ],
          [
            77.2101863,
            28.6409149
          ],
          [
            77.2097497,
            28.6408206
          ],
          [
            77.2094618,
            28.6407552
          ],
          [
            77.2087776,
            28.6406969
          ]
        ]
      }
    },
    {
      "type": "Feature",
      "id": "osm-38235310",
      "properties": {
        "osmid": 38235310,
        "name": "Tilak Gali",
        "highway": "residential",
        "highwayCategory": "Galli / Local Lane",
        "isGalli": true
      },
      "geometry": {
        "type": "LineString",
        "coordinates": [
          [
            77.2092089,
            28.6425823
          ],
          [
            77.2093697,
            28.6425984
          ],
          [
            77.2098256,
            28.6426672
          ],
          [
            77.2104566,
            28.6427229
          ],
          [
            77.2109042,
            28.642833
          ],
          [
            77.2112621,
            28.6428937
          ],
          [
            77.211451,
            28.6429258
          ],
          [
            77.211869,
            28.6429803
          ],
          [
            77.2119181,
            28.6430094
          ],
          [
            77.2119487,
            28.6430692
          ],
          [
            77.2119669,
            28.6432124
          ],
          [
            77.2119978,
            28.6434197
          ],
          [
            77.2120531,
            28.6436195
          ]
        ]
      }
    },
    {
      "type": "Feature",
      "id": "osm-38235311",
      "properties": {
        "osmid": 38235311,
        "name": "Local Corridor",
        "highway": "residential",
        "highwayCategory": "Galli / Local Lane",
        "isGalli": true
      },
      "geometry": {
        "type": "LineString",
        "coordinates": [
          [
            77.2092089,
            28.6425823
          ],
          [
            77.209031,
            28.642624
          ],
          [
            77.2089354,
            28.6426464
          ]
        ]
      }
    },
    {
      "type": "Feature",
      "id": "osm-38235325",
      "properties": {
        "osmid": 38235325,
        "name": "Tilak Gali",
        "highway": "residential",
        "highwayCategory": "Galli / Local Lane",
        "isGalli": true
      },
      "geometry": {
        "type": "LineString",
        "coordinates": [
          [
            77.2107027,
            28.643877
          ],
          [
            77.2120531,
            28.6436195
          ],
          [
            77.2123954,
            28.6436371
          ],
          [
            77.2127233,
            28.6436808
          ],
          [
            77.2128965,
            28.6436753
          ],
          [
            77.2130394,
            28.6436562
          ],
          [
            77.2138683,
            28.6435105
          ],
          [
            77.2142146,
            28.6434429
          ],
          [
            77.2145679,
            28.6433514
          ],
          [
            77.2150848,
            28.6432255
          ],
          [
            77.2161447,
            28.6429672
          ],
          [
            77.2165886,
            28.64287
          ],
          [
            77.2167314,
            28.6428388
          ],
          [
            77.2170961,
            28.6427693
          ],
          [
            77.217125,
            28.6427674
          ],
          [
            77.2171508,
            28.64278
          ],
          [
            77.2171751,
            28.6428134
          ],
          [
            77.2171936,
            28.6428335
          ],
          [
            77.2172289,
            28.6428352
          ],
          [
            77.217581,
            28.6427792
          ],
          [
            77.2177668,
            28.6427753
          ],
          [
            77.2179291,
            28.642791
          ],
          [
            77.2180907,
            28.6428155
          ],
          [
            77.2182369,
            28.6428336
          ]
        ]
      }
    },
    {
      "type": "Feature",
      "id": "osm-38235329",
      "properties": {
        "osmid": 38235329,
        "name": "Local Corridor",
        "highway": "residential",
        "highwayCategory": "Galli / Local Lane",
        "isGalli": true
      },
      "geometry": {
        "type": "LineString",
        "coordinates": [
          [
            77.2125822,
            28.6429663
          ],
          [
            77.2129227,
            28.6429772
          ],
          [
            77.2131173,
            28.6429904
          ],
          [
            77.2132686,
            28.6429932
          ],
          [
            77.2133411,
            28.6429868
          ],
          [
            77.2133889,
            28.6429826
          ],
          [
            77.2135025,
            28.6429607
          ],
          [
            77.2136535,
            28.6429013
          ],
          [
            77.2137859,
            28.6428174
          ],
          [
            77.2139153,
            28.6427323
          ],
          [
            77.2140648,
            28.6426687
          ],
          [
            77.2142504,
            28.6426095
          ],
          [
            77.2142862,
            28.6425826
          ],
          [
            77.2142912,
            28.6425422
          ],
          [
            77.2142648,
            28.6424283
          ],
          [
            77.2142671,
            28.6423323
          ],
          [
            77.2142903,
            28.6422548
          ],
          [
            77.2145104,
            28.642247
          ],
          [
            77.2146255,
            28.6422435
          ],
          [
            77.2147622,
            28.6422289
          ],
          [
            77.2149185,
            28.6422009
          ],
          [
            77.2152628,
            28.6421431
          ],
          [
            77.21551,
            28.6421077
          ],
          [
            77.2159896,
            28.6420329
          ],
          [
            77.2165368,
            28.6419743
          ],
          [
            77.2168591,
            28.6419656
          ],
          [
            77.2170233,
            28.6419662
          ],
          [
            77.2171617,
            28.6419864
          ],
          [
            77.2173384,
            28.6420414
          ],
          [
            77.2179478,
            28.642295
          ]
        ]
      }
    },
    {
      "type": "Feature",
      "id": "osm-38235349",
      "properties": {
        "osmid": 38235349,
        "name": "Local Corridor",
        "highway": "residential",
        "highwayCategory": "Galli / Local Lane",
        "isGalli": true
      },
      "geometry": {
        "type": "LineString",
        "coordinates": [
          [
            77.2157564,
            28.6404267
          ],
          [
            77.215513,
            28.6404448
          ],
          [
            77.215304,
            28.6404399
          ],
          [
            77.215013,
            28.6404098
          ],
          [
            77.2150106,
            28.6403732
          ],
          [
            77.215019,
            28.6401852
          ],
          [
            77.2149871,
            28.6401457
          ],
          [
            77.2149362,
            28.6401011
          ],
          [
            77.2146666,
            28.6399442
          ],
          [
            77.2144196,
            28.6398123
          ],
          [
            77.2142069,
            28.6397133
          ],
          [
            77.2139662,
            28.639656
          ],
          [
            77.2138802,
            28.6396386
          ],
          [
            77.2134884,
            28.6395868
          ],
          [
            77.2131038,
            28.6395647
          ]
        ]
      }
    },
    {
      "type": "Feature",
      "id": "osm-38235351",
      "properties": {
        "osmid": 38235351,
        "name": "Local Corridor",
        "highway": "living_street",
        "highwayCategory": "Galli / Local Lane",
        "isGalli": true
      },
      "geometry": {
        "type": "LineString",
        "coordinates": [
          [
            77.2155866,
            28.6394984
          ],
          [
            77.2156723,
            28.6396498
          ],
          [
            77.2156835,
            28.6396695
          ],
          [
            77.2157231,
            28.6397641
          ],
          [
            77.2157455,
            28.639893
          ],
          [
            77.2157498,
            28.6399847
          ],
          [
            77.2157567,
            28.6401322
          ],
          [
            77.2157575,
            28.6401933
          ],
          [
            77.2157564,
            28.6404267
          ]
        ]
      }
    },
    {
      "type": "Feature",
      "id": "osm-38235414",
      "properties": {
        "osmid": 38235414,
        "name": "Nabi Karim Road",
        "highway": "residential",
        "highwayCategory": "Galli / Local Lane",
        "isGalli": true
      },
      "geometry": {
        "type": "LineString",
        "coordinates": [
          [
            77.2145135,
            28.6511439
          ],
          [
            77.214588,
            28.6511658
          ],
          [
            77.2146971,
            28.6511664
          ],
          [
            77.2151005,
            28.6511244
          ],
          [
            77.2153993,
            28.6511164
          ],
          [
            77.2157022,
            28.6511306
          ],
          [
            77.2157574,
            28.6511342
          ],
          [
            77.2165869,
            28.6511854
          ],
          [
            77.2171617,
            28.6512393
          ]
        ]
      }
    },
    {
      "type": "Feature",
      "id": "osm-38235420",
      "properties": {
        "osmid": 38235420,
        "name": "Multani Dhanda",
        "highway": "residential",
        "highwayCategory": "Galli / Local Lane",
        "isGalli": true
      },
      "geometry": {
        "type": "LineString",
        "coordinates": [
          [
            77.2110735,
            28.6455874
          ],
          [
            77.2111,
            28.6456878
          ],
          [
            77.2111585,
            28.645909
          ],
          [
            77.2112169,
            28.6461307
          ],
          [
            77.2112752,
            28.6463481
          ],
          [
            77.2113297,
            28.6465545
          ],
          [
            77.2113887,
            28.6467768
          ],
          [
            77.2114519,
            28.6469984
          ],
          [
            77.2115013,
            28.6472144
          ],
          [
            77.2115624,
            28.6474081
          ],
          [
            77.2116118,
            28.6476204
          ],
          [
            77.2116604,
            28.6478504
          ],
          [
            77.2116933,
            28.6480492
          ],
          [
            77.2118135,
            28.6485818
          ],
          [
            77.2118274,
            28.6486432
          ]
        ]
      }
    },
    {
      "type": "Feature",
      "id": "osm-38235423",
      "properties": {
        "osmid": 38235423,
        "name": "Local Corridor",
        "highway": "residential",
        "highwayCategory": "Galli / Local Lane",
        "isGalli": true
      },
      "geometry": {
        "type": "LineString",
        "coordinates": [
          [
            77.2102581,
            28.6489922
          ],
          [
            77.2106087,
            28.6489309
          ],
          [
            77.2110041,
            28.648854
          ],
          [
            77.2113215,
            28.6488079
          ],
          [
            77.2115337,
            28.6487798
          ],
          [
            77.2117665,
            28.6487607
          ],
          [
            77.2118121,
            28.6487313
          ],
          [
            77.2118269,
            28.6487042
          ],
          [
            77.2118274,
            28.6486432
          ]
        ]
      }
    },
    {
      "type": "Feature",
      "id": "osm-38235427",
      "properties": {
        "osmid": 38235427,
        "name": "sneha",
        "highway": "residential",
        "highwayCategory": "Galli / Local Lane",
        "isGalli": true
      },
      "geometry": {
        "type": "LineString",
        "coordinates": [
          [
            77.2155625,
            28.6474354
          ],
          [
            77.2155747,
            28.6475074
          ],
          [
            77.2155908,
            28.6476628
          ],
          [
            77.2156221,
            28.6478738
          ],
          [
            77.2156594,
            28.6479854
          ],
          [
            77.215734,
            28.6480947
          ],
          [
            77.2157767,
            28.6481667
          ],
          [
            77.2158194,
            28.6482481
          ],
          [
            77.2159225,
            28.6485561
          ],
          [
            77.2159782,
            28.6487384
          ],
          [
            77.2160259,
            28.6489424
          ],
          [
            77.2160766,
            28.6491428
          ],
          [
            77.2161278,
            28.6493002
          ],
          [
            77.2161503,
            28.6493646
          ],
          [
            77.2162091,
            28.6495331
          ],
          [
            77.2162415,
            28.6497422
          ],
          [
            77.2162545,
            28.6499865
          ]
        ]
      }
    },
    {
      "type": "Feature",
      "id": "osm-38235475",
      "properties": {
        "osmid": 38235475,
        "name": "Local Corridor",
        "highway": "residential",
        "highwayCategory": "Galli / Local Lane",
        "isGalli": true
      },
      "geometry": {
        "type": "LineString",
        "coordinates": [
          [
            77.2134945,
            28.6503261
          ],
          [
            77.2136378,
            28.6502919
          ],
          [
            77.2137635,
            28.6502671
          ],
          [
            77.2139174,
            28.6502531
          ],
          [
            77.2140694,
            28.650224
          ],
          [
            77.2142395,
            28.6501708
          ],
          [
            77.2145049,
            28.6501009
          ],
          [
            77.2146143,
            28.65008
          ],
          [
            77.2147221,
            28.6500594
          ],
          [
            77.2149113,
            28.6500462
          ],
          [
            77.2150871,
            28.6500326
          ],
          [
            77.215279,
            28.6500079
          ],
          [
            77.2154648,
            28.6499829
          ],
          [
            77.2159092,
            28.6499413
          ],
          [
            77.2160739,
            28.6499488
          ],
          [
            77.2162545,
            28.6499865
          ],
          [
            77.2164856,
            28.6501114
          ],
          [
            77.2167367,
            28.6502347
          ],
          [
            77.2169394,
            28.6503152
          ],
          [
            77.2171635,
            28.650372
          ],
          [
            77.217418,
            28.650423
          ]
        ]
      }
    },
    {
      "type": "Feature",
      "id": "osm-38235485",
      "properties": {
        "osmid": 38235485,
        "name": "Local Corridor",
        "highway": "residential",
        "highwayCategory": "Galli / Local Lane",
        "isGalli": true
      },
      "geometry": {
        "type": "LineString",
        "coordinates": [
          [
            77.2176921,
            28.6488728
          ],
          [
            77.2175172,
            28.6488624
          ],
          [
            77.2171926,
            28.6488621
          ],
          [
            77.2168016,
            28.6488782
          ],
          [
            77.2165807,
            28.6489005
          ],
          [
            77.2163913,
            28.6489393
          ],
          [
            77.2162374,
            28.6490061
          ],
          [
            77.2160766,
            28.6491428
          ]
        ]
      }
    },
    {
      "type": "Feature",
      "id": "osm-38235491",
      "properties": {
        "osmid": 38235491,
        "name": "Local Corridor",
        "highway": "residential",
        "highwayCategory": "Galli / Local Lane",
        "isGalli": true
      },
      "geometry": {
        "type": "LineString",
        "coordinates": [
          [
            77.2177592,
            28.6486011
          ],
          [
            77.2167062,
            28.6486627
          ],
          [
            77.2164186,
            28.6478814
          ]
        ]
      }
    },
    {
      "type": "Feature",
      "id": "osm-38235532",
      "properties": {
        "osmid": 38235532,
        "name": "Jhandewalan Road",
        "highway": "residential",
        "highwayCategory": "Galli / Local Lane",
        "isGalli": true
      },
      "geometry": {
        "type": "LineString",
        "coordinates": [
          [
            77.2145639,
            28.6538032
          ],
          [
            77.2142563,
            28.6535863
          ],
          [
            77.2139982,
            28.6533784
          ],
          [
            77.2136931,
            28.6531103
          ],
          [
            77.2136043,
            28.6530064
          ],
          [
            77.2135119,
            28.652874
          ],
          [
            77.213374,
            28.6526599
          ],
          [
            77.2132857,
            28.6524939
          ],
          [
            77.2132491,
            28.6524258
          ],
          [
            77.2131002,
            28.6521248
          ],
          [
            77.2128748,
            28.6516762
          ],
          [
            77.2127569,
            28.6514469
          ],
          [
            77.2125509,
            28.6512134
          ],
          [
            77.2123092,
            28.6510494
          ],
          [
            77.2120544,
            28.650967
          ],
          [
            77.211715,
            28.6509524
          ],
          [
            77.2113549,
            28.6510215
          ],
          [
            77.2108632,
            28.6511675
          ],
          [
            77.2101095,
            28.6513855
          ]
        ]
      }
    },
    {
      "type": "Feature",
      "id": "osm-38235545",
      "properties": {
        "osmid": 38235545,
        "name": "Ram Kumar Marg",
        "highway": "tertiary",
        "highwayCategory": "Municipal Thoroughfare",
        "isGalli": false
      },
      "geometry": {
        "type": "LineString",
        "coordinates": [
          [
            77.2064061,
            28.6522213
          ],
          [
            77.2064015,
            28.6521777
          ],
          [
            77.206384,
            28.6521371
          ],
          [
            77.2063344,
            28.6520747
          ],
          [
            77.2052001,
            28.6507078
          ]
        ]
      }
    },
    {
      "type": "Feature",
      "id": "osm-38699434",
      "properties": {
        "osmid": 38699434,
        "name": "Mahatma Gandhi Marg",
        "highway": "trunk",
        "highwayCategory": "Municipal Thoroughfare",
        "isGalli": false
      },
      "geometry": {
        "type": "LineString",
        "coordinates": [
          [
            77.2317725,
            28.6701307
          ],
          [
            77.2318238,
            28.6699965
          ],
          [
            77.2324787,
            28.6684517
          ],
          [
            77.2326527,
            28.6681478
          ],
          [
            77.2329564,
            28.6678181
          ],
          [
            77.2334086,
            28.6674622
          ],
          [
            77.233915,
            28.6670781
          ],
          [
            77.2343598,
            28.6668225
          ],
          [
            77.2348321,
            28.6665907
          ],
          [
            77.2350226,
            28.6664654
          ],
          [
            77.2351765,
            28.6662377
          ],
          [
            77.2352497,
            28.6660338
          ],
          [
            77.2353375,
            28.6655633
          ],
          [
            77.2353826,
            28.6651022
          ]
        ]
      }
    },
    {
      "type": "Feature",
      "id": "osm-38699583",
      "properties": {
        "osmid": 38699583,
        "name": "Local Corridor",
        "highway": "secondary_link",
        "highwayCategory": "Galli / Local Lane",
        "isGalli": true
      },
      "geometry": {
        "type": "LineString",
        "coordinates": [
          [
            77.2412607,
            28.6267745
          ],
          [
            77.2411705,
            28.6270387
          ],
          [
            77.2410798,
            28.62718
          ],
          [
            77.2408891,
            28.6273005
          ],
          [
            77.2405503,
            28.627503
          ]
        ]
      }
    },
    {
      "type": "Feature",
      "id": "osm-38699585",
      "properties": {
        "osmid": 38699585,
        "name": "Jahangir Road",
        "highway": "tertiary",
        "highwayCategory": "Municipal Thoroughfare",
        "isGalli": false
      },
      "geometry": {
        "type": "LineString",
        "coordinates": [
          [
            77.2284016,
            28.6368453
          ],
          [
            77.2276511,
            28.6372661
          ],
          [
            77.2274051,
            28.6374024
          ],
          [
            77.2273142,
            28.6374543
          ],
          [
            77.2271797,
            28.6375218
          ],
          [
            77.2270336,
            28.6375922
          ],
          [
            77.2258029,
            28.6383228
          ],
          [
            77.2254404,
            28.6385396
          ],
          [
            77.2246665,
            28.6390025
          ],
          [
            77.2245324,
            28.6390827
          ],
          [
            77.2245114,
            28.6390953
          ],
          [
            77.2244473,
            28.6391336
          ]
        ]
      }
    },
    {
      "type": "Feature",
      "id": "osm-38699586",
      "properties": {
        "osmid": 38699586,
        "name": "Local Corridor",
        "highway": "tertiary",
        "highwayCategory": "Municipal Thoroughfare",
        "isGalli": false
      },
      "geometry": {
        "type": "LineString",
        "coordinates": [
          [
            77.2274106,
            28.6351945
          ],
          [
            77.2274807,
            28.6352828
          ],
          [
            77.2280256,
            28.6359691
          ],
          [
            77.2284558,
            28.6365532
          ]
        ]
      }
    },
    {
      "type": "Feature",
      "id": "osm-38699587",
      "properties": {
        "osmid": 38699587,
        "name": "Turkman Road",
        "highway": "residential",
        "highwayCategory": "Galli / Local Lane",
        "isGalli": true
      },
      "geometry": {
        "type": "LineString",
        "coordinates": [
          [
            77.2286984,
            28.6369148
          ],
          [
            77.2292173,
            28.6376221
          ],
          [
            77.2292611,
            28.6376852
          ],
          [
            77.2294822,
            28.6380037
          ],
          [
            77.2297306,
            28.6383616
          ],
          [
            77.2299026,
            28.6385657
          ]
        ]
      }
    },
    {
      "type": "Feature",
      "id": "osm-38699588",
      "properties": {
        "osmid": 38699588,
        "name": "Local Corridor",
        "highway": "residential",
        "highwayCategory": "Galli / Local Lane",
        "isGalli": true
      },
      "geometry": {
        "type": "LineString",
        "coordinates": [
          [
            77.2241641,
            28.6464634
          ],
          [
            77.224206,
            28.6461239
          ],
          [
            77.2242388,
            28.6459602
          ],
          [
            77.2244158,
            28.6457036
          ],
          [
            77.2246625,
            28.6453071
          ]
        ]
      }
    },
    {
      "type": "Feature",
      "id": "osm-38699589",
      "properties": {
        "osmid": 38699589,
        "name": "Local Corridor",
        "highway": "tertiary",
        "highwayCategory": "Municipal Thoroughfare",
        "isGalli": false
      },
      "geometry": {
        "type": "LineString",
        "coordinates": [
          [
            77.2235974,
            28.6417713
          ],
          [
            77.2242492,
            28.6417054
          ],
          [
            77.2244178,
            28.6416724
          ],
          [
            77.2244902,
            28.6416583
          ],
          [
            77.2246618,
            28.6415881
          ],
          [
            77.2256986,
            28.6410088
          ]
        ]
      }
    },
    {
      "type": "Feature",
      "id": "osm-38699590",
      "properties": {
        "osmid": 38699590,
        "name": "Local Corridor",
        "highway": "secondary_link",
        "highwayCategory": "Galli / Local Lane",
        "isGalli": true
      },
      "geometry": {
        "type": "LineString",
        "coordinates": [
          [
            77.2243346,
            28.6439347
          ],
          [
            77.2242415,
            28.6439456
          ],
          [
            77.2241478,
            28.6439408
          ],
          [
            77.2240568,
            28.6439204
          ],
          [
            77.2239719,
            28.6438853
          ],
          [
            77.2238962,
            28.6438366
          ],
          [
            77.2238323,
            28.6437762
          ],
          [
            77.2238002,
            28.6437346
          ]
        ]
      }
    },
    {
      "type": "Feature",
      "id": "osm-38699591",
      "properties": {
        "osmid": 38699591,
        "name": "Deen Dayal Upadhyay Road",
        "highway": "secondary",
        "highwayCategory": "Municipal Thoroughfare",
        "isGalli": false
      },
      "geometry": {
        "type": "LineString",
        "coordinates": [
          [
            77.2405503,
            28.627503
          ],
          [
            77.2385107,
            28.6286518
          ],
          [
            77.2384161,
            28.6287051
          ],
          [
            77.2381407,
            28.6288682
          ],
          [
            77.2380733,
            28.6289068
          ],
          [
            77.2370444,
            28.6294989
          ],
          [
            77.2353801,
            28.6304568
          ],
          [
            77.2350558,
            28.6306449
          ],
          [
            77.2312381,
            28.6328601
          ],
          [
            77.2292869,
            28.633989
          ],
          [
            77.2287135,
            28.6343208
          ],
          [
            77.228316,
            28.6345507
          ],
          [
            77.2275323,
            28.6350041
          ],
          [
            77.227479,
            28.6350327
          ],
          [
            77.227352,
            28.6351061
          ],
          [
            77.2264261,
            28.6356435
          ],
          [
            77.2259842,
            28.6359
          ],
          [
            77.2245864,
            28.6367112
          ],
          [
            77.2238048,
            28.6371557
          ],
          [
            77.2234908,
            28.6373343
          ],
          [
            77.2233159,
            28.6374873
          ],
          [
            77.2232308,
            28.6375495
          ]
        ]
      }
    },
    {
      "type": "Feature",
      "id": "osm-38699599",
      "properties": {
        "osmid": 38699599,
        "name": "Bahadur Shah Zafar Marg",
        "highway": "secondary",
        "highwayCategory": "Municipal Thoroughfare",
        "isGalli": false
      },
      "geometry": {
        "type": "LineString",
        "coordinates": [
          [
            77.2409817,
            28.640258
          ],
          [
            77.241027,
            28.6400647
          ],
          [
            77.2410495,
            28.6399314
          ],
          [
            77.2412035,
            28.6392386
          ],
          [
            77.2412172,
            28.6388819
          ],
          [
            77.2411906,
            28.6380987
          ],
          [
            77.2411864,
            28.6379753
          ]
        ]
      }
    },
    {
      "type": "Feature",
      "id": "osm-39013511",
      "properties": {
        "osmid": 39013511,
        "name": "Mathura Road",
        "highway": "primary",
        "highwayCategory": "Municipal Thoroughfare",
        "isGalli": false
      },
      "geometry": {
        "type": "LineString",
        "coordinates": [
          [
            77.2439853,
            28.5929987
          ],
          [
            77.2440179,
            28.5928708
          ],
          [
            77.2441018,
            28.5927002
          ],
          [
            77.244205,
            28.5925254
          ],
          [
            77.2448237,
            28.5916563
          ],
          [
            77.2451774,
            28.5911595
          ],
          [
            77.2451936,
            28.5911368
          ],
          [
            77.2460219,
            28.589973
          ],
          [
            77.2461073,
            28.589853
          ],
          [
            77.2461823,
            28.589747
          ],
          [
            77.2463501,
            28.5895097
          ],
          [
            77.2464599,
            28.5893034
          ],
          [
            77.2464801,
            28.5892655
          ],
          [
            77.2466077,
            28.5890258
          ],
          [
            77.246638,
            28.5889688
          ],
          [
            77.2466874,
            28.5888759
          ],
          [
            77.2467289,
            28.5887981
          ],
          [
            77.2467505,
            28.5887574
          ],
          [
            77.2467778,
            28.5887062
          ],
          [
            77.2468929,
            28.5884808
          ],
          [
            77.2473667,
            28.5875535
          ],
          [
            77.2475798,
            28.58728
          ],
          [
            77.2476564,
            28.5871822
          ],
          [
            77.2477688,
            28.5870361
          ]
        ]
      }
    },
    {
      "type": "Feature",
      "id": "osm-39013514",
      "properties": {
        "osmid": 39013514,
        "name": "Local Corridor",
        "highway": "primary_link",
        "highwayCategory": "Galli / Local Lane",
        "isGalli": true
      },
      "geometry": {
        "type": "LineString",
        "coordinates": [
          [
            77.2588993,
            28.5726995
          ],
          [
            77.2587117,
            28.5724605
          ],
          [
            77.258685,
            28.5723557
          ],
          [
            77.2586992,
            28.5722654
          ],
          [
            77.2587021,
            28.5722097
          ]
        ]
      }
    },
    {
      "type": "Feature",
      "id": "osm-39013515",
      "properties": {
        "osmid": 39013515,
        "name": "Local Corridor",
        "highway": "primary_link",
        "highwayCategory": "Galli / Local Lane",
        "isGalli": true
      },
      "geometry": {
        "type": "LineString",
        "coordinates": [
          [
            77.2586239,
            28.5718317
          ],
          [
            77.2584632,
            28.5719679
          ],
          [
            77.2583223,
            28.5720399
          ],
          [
            77.2582124,
            28.572056
          ],
          [
            77.2580813,
            28.5720376
          ],
          [
            77.2578832,
            28.5720189
          ]
        ]
      }
    },
    {
      "type": "Feature",
      "id": "osm-39013516",
      "properties": {
        "osmid": 39013516,
        "name": "Local Corridor",
        "highway": "primary_link",
        "highwayCategory": "Galli / Local Lane",
        "isGalli": true
      },
      "geometry": {
        "type": "LineString",
        "coordinates": [
          [
            77.2577375,
            28.5723229
          ],
          [
            77.257816,
            28.572429
          ],
          [
            77.2579021,
            28.5725303
          ],
          [
            77.2579633,
            28.5726723
          ],
          [
            77.2579574,
            28.5727291
          ]
        ]
      }
    },
    {
      "type": "Feature",
      "id": "osm-39013517",
      "properties": {
        "osmid": 39013517,
        "name": "Local Corridor",
        "highway": "primary_link",
        "highwayCategory": "Galli / Local Lane",
        "isGalli": true
      },
      "geometry": {
        "type": "LineString",
        "coordinates": [
          [
            77.2581204,
            28.5729384
          ],
          [
            77.2582723,
            28.5728871
          ],
          [
            77.2583602,
            28.5729014
          ],
          [
            77.2584555,
            28.5729373
          ],
          [
            77.2587041,
            28.5729798
          ]
        ]
      }
    },
    {
      "type": "Feature",
      "id": "osm-39013518",
      "properties": {
        "osmid": 39013518,
        "name": "Ashram Railway Flyover",
        "highway": "primary",
        "highwayCategory": "Municipal Thoroughfare",
        "isGalli": false
      },
      "geometry": {
        "type": "LineString",
        "coordinates": [
          [
            77.2543745,
            28.5697875
          ],
          [
            77.2544687,
            28.5699239
          ],
          [
            77.2546725,
            28.5701312
          ],
          [
            77.2549944,
            28.5703973
          ],
          [
            77.2550427,
            28.5704308
          ],
          [
            77.2560091,
            28.5709546
          ],
          [
            77.2563439,
            28.5711518
          ]
        ]
      }
    },
    {
      "type": "Feature",
      "id": "osm-39013520",
      "properties": {
        "osmid": 39013520,
        "name": "Ashram Railway Flyover",
        "highway": "primary",
        "highwayCategory": "Municipal Thoroughfare",
        "isGalli": false
      },
      "geometry": {
        "type": "LineString",
        "coordinates": [
          [
            77.2564193,
            28.5710359
          ],
          [
            77.2560639,
            28.5708195
          ],
          [
            77.255119,
            28.5703258
          ]
        ]
      }
    },
    {
      "type": "Feature",
      "id": "osm-39013521",
      "properties": {
        "osmid": 39013521,
        "name": "Ashram Railway Flyover",
        "highway": "primary",
        "highwayCategory": "Municipal Thoroughfare",
        "isGalli": false
      },
      "geometry": {
        "type": "LineString",
        "coordinates": [
          [
            77.2544314,
            28.5696252
          ],
          [
            77.2541064,
            28.5690057
          ]
        ]
      }
    },
    {
      "type": "Feature",
      "id": "osm-39013522",
      "properties": {
        "osmid": 39013522,
        "name": "Ashram Flyover",
        "highway": "motorway",
        "highwayCategory": "Municipal Thoroughfare",
        "isGalli": false
      },
      "geometry": {
        "type": "LineString",
        "coordinates": [
          [
            77.2603889,
            28.5739358
          ],
          [
            77.2619319,
            28.5749494
          ],
          [
            77.2633803,
            28.5758398
          ],
          [
            77.2647428,
            28.5767938
          ],
          [
            77.2658506,
            28.5775145
          ],
          [
            77.2664356,
            28.5780315
          ]
        ]
      }
    },
    {
      "type": "Feature",
      "id": "osm-39013523",
      "properties": {
        "osmid": 39013523,
        "name": "Mahatma Gandhi Marg",
        "highway": "primary",
        "highwayCategory": "Municipal Thoroughfare",
        "isGalli": false
      },
      "geometry": {
        "type": "LineString",
        "coordinates": [
          [
            77.2609611,
            28.5744115
          ],
          [
            77.2615551,
            28.5747921
          ],
          [
            77.2619831,
            28.5750663
          ],
          [
            77.2629977,
            28.5757164
          ],
          [
            77.2631738,
            28.5758033
          ],
          [
            77.263763,
            28.5761737
          ],
          [
            77.2641868,
            28.5764907
          ],
          [
            77.2645712,
            28.5767439
          ],
          [
            77.2652498,
            28.5772006
          ],
          [
            77.265665,
            28.5774699
          ],
          [
            77.2658267,
            28.5775651
          ]
        ]
      }
    },
    {
      "type": "Feature",
      "id": "osm-39013524",
      "properties": {
        "osmid": 39013524,
        "name": "Ashram Flyover",
        "highway": "motorway",
        "highwayCategory": "Municipal Thoroughfare",
        "isGalli": false
      },
      "geometry": {
        "type": "LineString",
        "coordinates": [
          [
            77.2604888,
            28.5738692
          ],
          [
            77.2603726,
            28.5737943
          ],
          [
            77.2582496,
            28.5724258
          ],
          [
            77.2575567,
            28.57194
          ],
          [
            77.2570573,
            28.5715633
          ]
        ]
      }
    },
    {
      "type": "Feature",
      "id": "osm-39013525",
      "properties": {
        "osmid": 39013525,
        "name": "Mahatma Gandhi Marg",
        "highway": "primary",
        "highwayCategory": "Municipal Thoroughfare",
        "isGalli": false
      },
      "geometry": {
        "type": "LineString",
        "coordinates": [
          [
            77.2570573,
            28.5715633
          ],
          [
            77.2567835,
            28.5712941
          ]
        ]
      }
    },
    {
      "type": "Feature",
      "id": "osm-40102589",
      "properties": {
        "osmid": 40102589,
        "name": "Local Corridor",
        "highway": "tertiary",
        "highwayCategory": "Municipal Thoroughfare",
        "isGalli": false
      },
      "geometry": {
        "type": "LineString",
        "coordinates": [
          [
            77.2631889,
            28.67022
          ],
          [
            77.2631511,
            28.6699907
          ],
          [
            77.2631201,
            28.6698328
          ],
          [
            77.2630787,
            28.6696232
          ],
          [
            77.2629724,
            28.6694306
          ],
          [
            77.2628658,
            28.6692877
          ],
          [
            77.2628045,
            28.6692374
          ],
          [
            77.2626339,
            28.6690976
          ],
          [
            77.2562156,
            28.6675146
          ],
          [
            77.2557267,
            28.6673935
          ],
          [
            77.2548906,
            28.6672087
          ],
          [
            77.2545464,
            28.667136
          ],
          [
            77.2542232,
            28.6670501
          ],
          [
            77.2538799,
            28.6669289
          ],
          [
            77.2538245,
            28.666885
          ],
          [
            77.253778,
            28.6667724
          ],
          [
            77.2537243,
            28.66663
          ],
          [
            77.2537123,
            28.6665265
          ],
          [
            77.2537149,
            28.66643
          ],
          [
            77.2537338,
            28.6663368
          ],
          [
            77.2539743,
            28.6658287
          ],
          [
            77.254246,
            28.6653445
          ],
          [
            77.2543748,
            28.665115
          ],
          [
            77.2546083,
            28.6648169
          ],
          [
            77.2547145,
            28.6647078
          ]
        ]
      }
    },
    {
      "type": "Feature",
      "id": "osm-40102594",
      "properties": {
        "osmid": 40102594,
        "name": "Delhi-Dehradun Expressway",
        "highway": "motorway",
        "highwayCategory": "Municipal Thoroughfare",
        "isGalli": false
      },
      "geometry": {
        "type": "LineString",
        "coordinates": [
          [
            77.2698639,
            28.6351814
          ],
          [
            77.2695423,
            28.6381426
          ],
          [
            77.269251,
            28.6406857
          ],
          [
            77.269219,
            28.6409658
          ],
          [
            77.2692138,
            28.6410108
          ]
        ]
      }
    },
    {
      "type": "Feature",
      "id": "osm-40791004",
      "properties": {
        "osmid": 40791004,
        "name": "Lotus Temple Road",
        "highway": "tertiary",
        "highwayCategory": "Municipal Thoroughfare",
        "isGalli": false
      },
      "geometry": {
        "type": "LineString",
        "coordinates": [
          [
            77.2587255,
            28.5516515
          ],
          [
            77.2587546,
            28.551728
          ],
          [
            77.2588083,
            28.5517921
          ],
          [
            77.2588559,
            28.5518489
          ],
          [
            77.2589573,
            28.5519316
          ],
          [
            77.2590834,
            28.551993
          ],
          [
            77.2614348,
            28.5528654
          ],
          [
            77.2615749,
            28.5529295
          ],
          [
            77.261926,
            28.553026
          ],
          [
            77.262071,
            28.5530983
          ],
          [
            77.2622457,
            28.553206
          ],
          [
            77.2624918,
            28.5534212
          ],
          [
            77.2628373,
            28.5536599
          ],
          [
            77.2629576,
            28.5537384
          ],
          [
            77.2630727,
            28.5537899
          ],
          [
            77.263147,
            28.5538096
          ],
          [
            77.2633183,
            28.5538267
          ],
          [
            77.2634455,
            28.5538562
          ],
          [
            77.2635513,
            28.5538838
          ],
          [
            77.263672,
            28.553917
          ],
          [
            77.2640871,
            28.5541874
          ],
          [
            77.2641583,
            28.5542131
          ],
          [
            77.2642252,
            28.5542113
          ],
          [
            77.2646466,
            28.5541037
          ],
          [
            77.2648269,
            28.5540881
          ],
          [
            77.2649248,
            28.554097
          ],
          [
            77.2650396,
            28.5541074
          ]
        ]
      }
    },
    {
      "type": "Feature",
      "id": "osm-40791007",
      "properties": {
        "osmid": 40791007,
        "name": "Local Corridor",
        "highway": "service",
        "highwayCategory": "Galli / Local Lane",
        "isGalli": true
      },
      "geometry": {
        "type": "LineString",
        "coordinates": [
          [
            77.2513203,
            28.5506064
          ],
          [
            77.2512828,
            28.5506725
          ],
          [
            77.2510033,
            28.5511655
          ],
          [
            77.2509693,
            28.5512628
          ],
          [
            77.2509573,
            28.5513469
          ],
          [
            77.2509505,
            28.5515976
          ],
          [
            77.2509643,
            28.5516298
          ],
          [
            77.2509771,
            28.5516451
          ],
          [
            77.2510311,
            28.5516555
          ],
          [
            77.2522904,
            28.5516532
          ],
          [
            77.2523142,
            28.5516481
          ],
          [
            77.2523282,
            28.5516369
          ],
          [
            77.252348,
            28.5516013
          ],
          [
            77.2523668,
            28.5512408
          ],
          [
            77.252384,
            28.5511284
          ],
          [
            77.252391,
            28.551083
          ],
          [
            77.2524276,
            28.5509861
          ]
        ]
      }
    },
    {
      "type": "Feature",
      "id": "osm-41411220",
      "properties": {
        "osmid": 41411220,
        "name": "Street B, Munirka DDA Flats",
        "highway": "residential",
        "highwayCategory": "Galli / Local Lane",
        "isGalli": true
      },
      "geometry": {
        "type": "LineString",
        "coordinates": [
          [
            77.1767913,
            28.5551566
          ],
          [
            77.1766859,
            28.5550654
          ],
          [
            77.176462,
            28.5548716
          ],
          [
            77.1761388,
            28.5546054
          ],
          [
            77.1759537,
            28.5544723
          ],
          [
            77.17577,
            28.5543262
          ],
          [
            77.1753623,
            28.5539646
          ],
          [
            77.1751336,
            28.5537737
          ],
          [
            77.1749463,
            28.5536003
          ],
          [
            77.1748102,
            28.5534899
          ],
          [
            77.1746397,
            28.5533576
          ],
          [
            77.1744872,
            28.5532278
          ],
          [
            77.1742596,
            28.5530337
          ],
          [
            77.1741665,
            28.5529373
          ],
          [
            77.174064,
            28.5528561
          ],
          [
            77.1738112,
            28.5526792
          ]
        ]
      }
    },
    {
      "type": "Feature",
      "id": "osm-41674433",
      "properties": {
        "osmid": 41674433,
        "name": "Street C, Munirka DDA Flats",
        "highway": "residential",
        "highwayCategory": "Galli / Local Lane",
        "isGalli": true
      },
      "geometry": {
        "type": "LineString",
        "coordinates": [
          [
            77.1735122,
            28.5529742
          ],
          [
            77.1738112,
            28.5526792
          ],
          [
            77.1745174,
            28.5519717
          ]
        ]
      }
    },
    {
      "type": "Feature",
      "id": "osm-41674434",
      "properties": {
        "osmid": 41674434,
        "name": "Street A, Munirka DDA Flats",
        "highway": "residential",
        "highwayCategory": "Galli / Local Lane",
        "isGalli": true
      },
      "geometry": {
        "type": "LineString",
        "coordinates": [
          [
            77.1745174,
            28.5519717
          ],
          [
            77.1746006,
            28.552034
          ],
          [
            77.174876,
            28.5522561
          ],
          [
            77.1750353,
            28.552373
          ],
          [
            77.1753793,
            28.5526558
          ],
          [
            77.1755689,
            28.5528074
          ],
          [
            77.1759125,
            28.5530729
          ],
          [
            77.1765667,
            28.5536422
          ],
          [
            77.1768411,
            28.5539144
          ],
          [
            77.1772213,
            28.5542076
          ],
          [
            77.1776008,
            28.5545002
          ],
          [
            77.1776959,
            28.5545736
          ]
        ]
      }
    },
    {
      "type": "Feature",
      "id": "osm-41674447",
      "properties": {
        "osmid": 41674447,
        "name": "Street D, Munirka DDA Flats",
        "highway": "residential",
        "highwayCategory": "Galli / Local Lane",
        "isGalli": true
      },
      "geometry": {
        "type": "LineString",
        "coordinates": [
          [
            77.1731402,
            28.5526292
          ],
          [
            77.1727696,
            28.552311
          ],
          [
            77.172514,
            28.5520928
          ],
          [
            77.1724777,
            28.5520447
          ],
          [
            77.1720792,
            28.5512661
          ],
          [
            77.1719167,
            28.550973
          ],
          [
            77.171696,
            28.550575
          ],
          [
            77.1716717,
            28.5505292
          ]
        ]
      }
    },
    {
      "type": "Feature",
      "id": "osm-42340189",
      "properties": {
        "osmid": 42340189,
        "name": "BC Street",
        "highway": "residential",
        "highwayCategory": "Galli / Local Lane",
        "isGalli": true
      },
      "geometry": {
        "type": "LineString",
        "coordinates": [
          [
            77.1756728,
            28.5532886
          ],
          [
            77.1751336,
            28.5537737
          ],
          [
            77.1750431,
            28.5538506
          ],
          [
            77.1750102,
            28.5538762
          ],
          [
            77.1749782,
            28.5538977
          ],
          [
            77.1749264,
            28.5539298
          ],
          [
            77.1748258,
            28.5539775
          ],
          [
            77.1746371,
            28.5540499
          ],
          [
            77.1740889,
            28.5542815
          ]
        ]
      }
    },
    {
      "type": "Feature",
      "id": "osm-42340190",
      "properties": {
        "osmid": 42340190,
        "name": "BD Street",
        "highway": "residential",
        "highwayCategory": "Galli / Local Lane",
        "isGalli": true
      },
      "geometry": {
        "type": "LineString",
        "coordinates": [
          [
            77.1749833,
            28.5527483
          ],
          [
            77.1746493,
            28.5530767
          ],
          [
            77.1744872,
            28.5532278
          ],
          [
            77.1744309,
            28.5532831
          ],
          [
            77.1743983,
            28.5533288
          ],
          [
            77.1743631,
            28.5533897
          ],
          [
            77.1741492,
            28.5538594
          ],
          [
            77.1741318,
            28.5538907
          ],
          [
            77.1741167,
            28.5539119
          ],
          [
            77.1740949,
            28.5539295
          ],
          [
            77.1739427,
            28.5540547
          ],
          [
            77.173879,
            28.5541301
          ]
        ]
      }
    },
    {
      "type": "Feature",
      "id": "osm-42340194",
      "properties": {
        "osmid": 42340194,
        "name": "BA Street",
        "highway": "residential",
        "highwayCategory": "Galli / Local Lane",
        "isGalli": true
      },
      "geometry": {
        "type": "LineString",
        "coordinates": [
          [
            77.1770447,
            28.554327
          ],
          [
            77.176462,
            28.5548716
          ]
        ]
      }
    },
    {
      "type": "Feature",
      "id": "osm-42340195",
      "properties": {
        "osmid": 42340195,
        "name": "BB Street",
        "highway": "residential",
        "highwayCategory": "Galli / Local Lane",
        "isGalli": true
      },
      "geometry": {
        "type": "LineString",
        "coordinates": [
          [
            77.1763631,
            28.553817
          ],
          [
            77.17577,
            28.5543262
          ]
        ]
      }
    },
    {
      "type": "Feature",
      "id": "osm-42360409",
      "properties": {
        "osmid": 42360409,
        "name": "Raja Dheer Sen Marg",
        "highway": "tertiary",
        "highwayCategory": "Municipal Thoroughfare",
        "isGalli": false
      },
      "geometry": {
        "type": "LineString",
        "coordinates": [
          [
            77.2567777,
            28.5615194
          ],
          [
            77.2567956,
            28.5613452
          ],
          [
            77.2568452,
            28.560612
          ],
          [
            77.2568271,
            28.5599001
          ],
          [
            77.2568006,
            28.5597287
          ],
          [
            77.2564341,
            28.5592365
          ],
          [
            77.2557157,
            28.5582848
          ],
          [
            77.2554838,
            28.5579671
          ],
          [
            77.2552799,
            28.557698
          ],
          [
            77.2551764,
            28.5575785
          ],
          [
            77.2550202,
            28.557393
          ],
          [
            77.2548508,
            28.5572546
          ],
          [
            77.2547941,
            28.5572192
          ],
          [
            77.2546752,
            28.5571451
          ],
          [
            77.2544225,
            28.5570229
          ],
          [
            77.2543183,
            28.5569736
          ],
          [
            77.2537882,
            28.556723
          ],
          [
            77.253708,
            28.5566875
          ],
          [
            77.2527428,
            28.5562216
          ],
          [
            77.2521874,
            28.5559907
          ],
          [
            77.25203,
            28.5559473
          ],
          [
            77.2517625,
            28.5559394
          ],
          [
            77.251585,
            28.5559323
          ],
          [
            77.251313,
            28.5559213
          ],
          [
            77.2508681,
            28.5559164
          ],
          [
            77.2496839,
            28.5559037
          ],
          [
            77.2488447,
            28.5559084
          ],
          [
            77.2486873,
            28.5559093
          ],
          [
            77.2480246,
            28.555913
          ],
          [
            77.2479361,
            28.5559129
          ],
          [
            77.2478701,
            28.5559194
          ],
          [
            77.2477643,
            28.5559462
          ],
          [
            77.2473715,
            28.5560459
          ],
          [
            77.2471161,
            28.5561682
          ],
          [
            77.2465712,
            28.5564293
          ],
          [
            77.2464375,
            28.5564933
          ],
          [
            77.245894,
            28.5568141
          ],
          [
            77.2458293,
            28.5568548
          ],
          [
            77.2452079,
            28.5572933
          ],
          [
            77.2451433,
            28.5573317
          ],
          [
            77.2448157,
            28.5578824
          ],
          [
            77.2447228,
            28.5580745
          ],
          [
            77.244569,
            28.5584827
          ],
          [
            77.2445611,
            28.5585036
          ],
          [
            77.2445218,
            28.5585991
          ],
          [
            77.2444184,
            28.558854
          ],
          [
            77.2441553,
            28.5595649
          ],
          [
            77.244099,
            28.5597173
          ],
          [
            77.24413,
            28.5597808
          ]
        ]
      }
    },
    {
      "type": "Feature",
      "id": "osm-42361753",
      "properties": {
        "osmid": 42361753,
        "name": "Local Corridor",
        "highway": "residential",
        "highwayCategory": "Galli / Local Lane",
        "isGalli": true
      },
      "geometry": {
        "type": "LineString",
        "coordinates": [
          [
            77.245881,
            28.5569286
          ],
          [
            77.2464457,
            28.5577639
          ],
          [
            77.2466152,
            28.5580179
          ],
          [
            77.246715,
            28.5581852
          ],
          [
            77.2467424,
            28.5582656
          ],
          [
            77.2467533,
            28.5583089
          ],
          [
            77.246756,
            28.5583666
          ],
          [
            77.2467385,
            28.5584608
          ],
          [
            77.2466751,
            28.5586753
          ],
          [
            77.2466567,
            28.5587377
          ],
          [
            77.2465655,
            28.5590324
          ],
          [
            77.2464826,
            28.5593004
          ],
          [
            77.2463965,
            28.5595304
          ],
          [
            77.2463335,
            28.5596529
          ],
          [
            77.2462571,
            28.5597766
          ],
          [
            77.246151,
            28.5599355
          ],
          [
            77.2460069,
            28.5601828
          ],
          [
            77.2459644,
            28.5602612
          ],
          [
            77.245936,
            28.5603333
          ]
        ]
      }
    },
    {
      "type": "Feature",
      "id": "osm-43196934",
      "properties": {
        "osmid": 43196934,
        "name": "Khirki Main Road",
        "highway": "tertiary",
        "highwayCategory": "Municipal Thoroughfare",
        "isGalli": false
      },
      "geometry": {
        "type": "LineString",
        "coordinates": [
          [
            77.2190477,
            28.5327846
          ],
          [
            77.2190053,
            28.5330269
          ],
          [
            77.2188254,
            28.5335663
          ],
          [
            77.2186319,
            28.5342371
          ],
          [
            77.2185309,
            28.5345661
          ],
          [
            77.218453,
            28.534797
          ],
          [
            77.218373,
            28.5350024
          ],
          [
            77.2183672,
            28.5350971
          ],
          [
            77.2180786,
            28.5360335
          ],
          [
            77.2180173,
            28.5362598
          ],
          [
            77.2179507,
            28.5365058
          ],
          [
            77.2178576,
            28.5368498
          ],
          [
            77.2178233,
            28.5369471
          ],
          [
            77.2177077,
            28.5373676
          ],
          [
            77.2176556,
            28.5375246
          ],
          [
            77.2176217,
            28.5376267
          ],
          [
            77.217528,
            28.5378511
          ],
          [
            77.2175019,
            28.5379136
          ],
          [
            77.2174261,
            28.5380464
          ],
          [
            77.2172981,
            28.5381978
          ],
          [
            77.2169025,
            28.5385147
          ],
          [
            77.2167529,
            28.5386282
          ],
          [
            77.2166927,
            28.5386739
          ],
          [
            77.2165213,
            28.5388299
          ],
          [
            77.2163207,
            28.5390066
          ]
        ]
      }
    },
    {
      "type": "Feature",
      "id": "osm-43196935",
      "properties": {
        "osmid": 43196935,
        "name": "Local Corridor",
        "highway": "living_street",
        "highwayCategory": "Galli / Local Lane",
        "isGalli": true
      },
      "geometry": {
        "type": "LineString",
        "coordinates": [
          [
            77.218544,
            28.5310851
          ],
          [
            77.2180842,
            28.5310182
          ],
          [
            77.2174113,
            28.5309317
          ],
          [
            77.2173255,
            28.5309249
          ],
          [
            77.217242,
            28.5309228
          ],
          [
            77.2170764,
            28.5309255
          ],
          [
            77.2168271,
            28.5309359
          ],
          [
            77.2164502,
            28.5309251
          ],
          [
            77.216196,
            28.5309015
          ],
          [
            77.2159341,
            28.5308577
          ]
        ]
      }
    },
    {
      "type": "Feature",
      "id": "osm-43316677",
      "properties": {
        "osmid": 43316677,
        "name": "Late Shri Bansi Lal Varma Marg",
        "highway": "residential",
        "highwayCategory": "Galli / Local Lane",
        "isGalli": true
      },
      "geometry": {
        "type": "LineString",
        "coordinates": [
          [
            77.2119823,
            28.536061
          ],
          [
            77.2120321,
            28.5360209
          ],
          [
            77.2125256,
            28.5356236
          ],
          [
            77.2126848,
            28.5351545
          ],
          [
            77.2127237,
            28.5350398
          ],
          [
            77.2130091,
            28.5347255
          ],
          [
            77.2133848,
            28.5343117
          ]
        ]
      }
    },
    {
      "type": "Feature",
      "id": "osm-43316678",
      "properties": {
        "osmid": 43316678,
        "name": "Hauz Rani Market Lane",
        "highway": "living_street",
        "highwayCategory": "Galli / Local Lane",
        "isGalli": true
      },
      "geometry": {
        "type": "LineString",
        "coordinates": [
          [
            77.2143604,
            28.5319063
          ],
          [
            77.2144314,
            28.5316626
          ],
          [
            77.2145044,
            28.5313925
          ],
          [
            77.2144358,
            28.5313518
          ],
          [
            77.214469,
            28.5310461
          ],
          [
            77.214468,
            28.5306447
          ]
        ]
      }
    },
    {
      "type": "Feature",
      "id": "osm-43316679",
      "properties": {
        "osmid": 43316679,
        "name": "Local Corridor",
        "highway": "living_street",
        "highwayCategory": "Galli / Local Lane",
        "isGalli": true
      },
      "geometry": {
        "type": "LineString",
        "coordinates": [
          [
            77.2163359,
            28.5312187
          ],
          [
            77.2162897,
            28.5317202
          ],
          [
            77.2162155,
            28.5322397
          ],
          [
            77.2161634,
            28.5327535
          ],
          [
            77.216157,
            28.5328204
          ],
          [
            77.2161407,
            28.5329825
          ],
          [
            77.2161177,
            28.533249
          ]
        ]
      }
    },
    {
      "type": "Feature",
      "id": "osm-43316682",
      "properties": {
        "osmid": 43316682,
        "name": "Local Corridor",
        "highway": "living_street",
        "highwayCategory": "Galli / Local Lane",
        "isGalli": true
      },
      "geometry": {
        "type": "LineString",
        "coordinates": [
          [
            77.2168271,
            28.5309359
          ],
          [
            77.2166873,
            28.5318382
          ],
          [
            77.2166275,
            28.532334
          ],
          [
            77.2165994,
            28.532547
          ]
        ]
      }
    },
    {
      "type": "Feature",
      "id": "osm-43316683",
      "properties": {
        "osmid": 43316683,
        "name": "Local Corridor",
        "highway": "living_street",
        "highwayCategory": "Galli / Local Lane",
        "isGalli": true
      },
      "geometry": {
        "type": "LineString",
        "coordinates": [
          [
            77.215774,
            28.5321768
          ],
          [
            77.2157972,
            28.5319858
          ],
          [
            77.2158399,
            28.5316337
          ],
          [
            77.2159341,
            28.5308577
          ],
          [
            77.2159771,
            28.5305031
          ]
        ]
      }
    },
    {
      "type": "Feature",
      "id": "osm-43316685",
      "properties": {
        "osmid": 43316685,
        "name": "Local Corridor",
        "highway": "living_street",
        "highwayCategory": "Galli / Local Lane",
        "isGalli": true
      },
      "geometry": {
        "type": "LineString",
        "coordinates": [
          [
            77.2171076,
            28.5314532
          ],
          [
            77.2170896,
            28.5318482
          ],
          [
            77.2166873,
            28.5318382
          ],
          [
            77.2162897,
            28.5317202
          ],
          [
            77.2158399,
            28.5316337
          ],
          [
            77.2151854,
            28.5314989
          ],
          [
            77.2145044,
            28.5313925
          ]
        ]
      }
    },
    {
      "type": "Feature",
      "id": "osm-43316686",
      "properties": {
        "osmid": 43316686,
        "name": "Local Corridor",
        "highway": "residential",
        "highwayCategory": "Galli / Local Lane",
        "isGalli": true
      },
      "geometry": {
        "type": "LineString",
        "coordinates": [
          [
            77.2132666,
            28.5311577
          ],
          [
            77.2132119,
            28.531369
          ],
          [
            77.2131746,
            28.5315088
          ],
          [
            77.2131187,
            28.5317178
          ],
          [
            77.2130146,
            28.5321075
          ],
          [
            77.2127897,
            28.5328382
          ]
        ]
      }
    },
    {
      "type": "Feature",
      "id": "osm-43316687",
      "properties": {
        "osmid": 43316687,
        "name": "Local Corridor",
        "highway": "living_street",
        "highwayCategory": "Galli / Local Lane",
        "isGalli": true
      },
      "geometry": {
        "type": "LineString",
        "coordinates": [
          [
            77.2165575,
            28.5303272
          ],
          [
            77.2165207,
            28.5305791
          ],
          [
            77.2164502,
            28.5309251
          ],
          [
            77.216431,
            28.5311877
          ],
          [
            77.2164234,
            28.531214
          ],
          [
            77.2164045,
            28.5312215
          ],
          [
            77.2163359,
            28.5312187
          ],
          [
            77.2162103,
            28.5312054
          ],
          [
            77.2161813,
            28.5311947
          ],
          [
            77.2161728,
            28.5311698
          ],
          [
            77.216196,
            28.5309015
          ],
          [
            77.21624,
            28.5305352
          ]
        ]
      }
    },
    {
      "type": "Feature",
      "id": "osm-43316689",
      "properties": {
        "osmid": 43316689,
        "name": "Local Corridor",
        "highway": "living_street",
        "highwayCategory": "Galli / Local Lane",
        "isGalli": true
      },
      "geometry": {
        "type": "LineString",
        "coordinates": [
          [
            77.2165207,
            28.5305791
          ],
          [
            77.21624,
            28.5305352
          ],
          [
            77.2159771,
            28.5305031
          ],
          [
            77.2156387,
            28.5304643
          ]
        ]
      }
    },
    {
      "type": "Feature",
      "id": "osm-43316691",
      "properties": {
        "osmid": 43316691,
        "name": "Local Corridor",
        "highway": "living_street",
        "highwayCategory": "Galli / Local Lane",
        "isGalli": true
      },
      "geometry": {
        "type": "LineString",
        "coordinates": [
          [
            77.217242,
            28.5309228
          ],
          [
            77.2172089,
            28.53131
          ]
        ]
      }
    },
    {
      "type": "Feature",
      "id": "osm-43316693",
      "properties": {
        "osmid": 43316693,
        "name": "Local Corridor",
        "highway": "residential",
        "highwayCategory": "Galli / Local Lane",
        "isGalli": true
      },
      "geometry": {
        "type": "LineString",
        "coordinates": [
          [
            77.2171122,
            28.5328206
          ],
          [
            77.2170766,
            28.5333439
          ],
          [
            77.2170674,
            28.5337093
          ],
          [
            77.2169845,
            28.5339707
          ],
          [
            77.2169364,
            28.5343327
          ],
          [
            77.2168341,
            28.5347447
          ],
          [
            77.2167956,
            28.5348927
          ],
          [
            77.2167503,
            28.5351868
          ],
          [
            77.2167019,
            28.5354113
          ],
          [
            77.2166868,
            28.5354799
          ],
          [
            77.2166411,
            28.5356924
          ],
          [
            77.2164941,
            28.5363374
          ],
          [
            77.2164404,
            28.5365279
          ],
          [
            77.2162664,
            28.5370299
          ]
        ]
      }
    },
    {
      "type": "Feature",
      "id": "osm-43316695",
      "properties": {
        "osmid": 43316695,
        "name": "Krishna Temple Lane",
        "highway": "living_street",
        "highwayCategory": "Galli / Local Lane",
        "isGalli": true
      },
      "geometry": {
        "type": "LineString",
        "coordinates": [
          [
            77.2148623,
            28.5331654
          ],
          [
            77.2160457,
            28.5332454
          ],
          [
            77.2161177,
            28.533249
          ],
          [
            77.216663,
            28.5332886
          ],
          [
            77.2170766,
            28.5333439
          ]
        ]
      }
    },
    {
      "type": "Feature",
      "id": "osm-43316698",
      "properties": {
        "osmid": 43316698,
        "name": "Toot Sarai Road",
        "highway": "residential",
        "highwayCategory": "Galli / Local Lane",
        "isGalli": true
      },
      "geometry": {
        "type": "LineString",
        "coordinates": [
          [
            77.2145807,
            28.5339111
          ],
          [
            77.2135745,
            28.5336769
          ],
          [
            77.2126324,
            28.5334576
          ]
        ]
      }
    },
    {
      "type": "Feature",
      "id": "osm-43316700",
      "properties": {
        "osmid": 43316700,
        "name": "Local Corridor",
        "highway": "residential",
        "highwayCategory": "Galli / Local Lane",
        "isGalli": true
      },
      "geometry": {
        "type": "LineString",
        "coordinates": [
          [
            77.2166298,
            28.5343129
          ],
          [
            77.2164993,
            28.5343387
          ],
          [
            77.216485,
            28.5343414
          ],
          [
            77.2164718,
            28.5343414
          ],
          [
            77.2155553,
            28.5342131
          ],
          [
            77.215603,
            28.5339089
          ],
          [
            77.2156665,
            28.5335953
          ],
          [
            77.2156614,
            28.5335803
          ],
          [
            77.2156541,
            28.5335737
          ],
          [
            77.2156443,
            28.5335688
          ],
          [
            77.2151584,
            28.533542
          ]
        ]
      }
    },
    {
      "type": "Feature",
      "id": "osm-43316795",
      "properties": {
        "osmid": 43316795,
        "name": "Local Corridor",
        "highway": "residential",
        "highwayCategory": "Galli / Local Lane",
        "isGalli": true
      },
      "geometry": {
        "type": "LineString",
        "coordinates": [
          [
            77.2124078,
            28.5349894
          ],
          [
            77.2119629,
            28.5349237
          ],
          [
            77.2116838,
            28.5348547
          ]
        ]
      }
    },
    {
      "type": "Feature",
      "id": "osm-43316797",
      "properties": {
        "osmid": 43316797,
        "name": "SL Grover Marg",
        "highway": "residential",
        "highwayCategory": "Galli / Local Lane",
        "isGalli": true
      },
      "geometry": {
        "type": "LineString",
        "coordinates": [
          [
            77.2109134,
            28.5356685
          ],
          [
            77.2113136,
            28.5353713
          ],
          [
            77.2115484,
            28.5351462
          ],
          [
            77.211619,
            28.5350292
          ],
          [
            77.2116838,
            28.5348547
          ],
          [
            77.2119135,
            28.5339529
          ],
          [
            77.2115731,
            28.5335634
          ],
          [
            77.2114835,
            28.5334236
          ],
          [
            77.2113525,
            28.5332513
          ]
        ]
      }
    },
    {
      "type": "Feature",
      "id": "osm-43316842",
      "properties": {
        "osmid": 43316842,
        "name": "Lal Bahadur Shastri Marg",
        "highway": "secondary",
        "highwayCategory": "Municipal Thoroughfare",
        "isGalli": false
      },
      "geometry": {
        "type": "LineString",
        "coordinates": [
          [
            77.2314062,
            28.5275171
          ],
          [
            77.2311694,
            28.5268915
          ],
          [
            77.23106,
            28.5266044
          ],
          [
            77.2309376,
            28.5262789
          ],
          [
            77.2303665,
            28.5250174
          ],
          [
            77.2299633,
            28.524099
          ],
          [
            77.229946,
            28.5240588
          ],
          [
            77.229919,
            28.523993
          ],
          [
            77.2299176,
            28.5239896
          ],
          [
            77.2298911,
            28.5239252
          ],
          [
            77.2296234,
            28.523359
          ],
          [
            77.2295269,
            28.523146
          ],
          [
            77.2292621,
            28.522562
          ],
          [
            77.2289936,
            28.5219644
          ],
          [
            77.2289505,
            28.5217649
          ],
          [
            77.2288956,
            28.5216405
          ],
          [
            77.2288592,
            28.5215262
          ],
          [
            77.2287863,
            28.5213736
          ],
          [
            77.228694,
            28.5211803
          ],
          [
            77.2286238,
            28.5210334
          ],
          [
            77.2285491,
            28.5208769
          ],
          [
            77.2285135,
            28.5208024
          ],
          [
            77.2283966,
            28.5205577
          ],
          [
            77.2283502,
            28.5204505
          ],
          [
            77.2281591,
            28.5200605
          ],
          [
            77.2281317,
            28.5199974
          ],
          [
            77.2281128,
            28.5199537
          ],
          [
            77.2278903,
            28.5194406
          ],
          [
            77.2274162,
            28.5183471
          ],
          [
            77.227156,
            28.5177391
          ],
          [
            77.2270031,
            28.517124
          ],
          [
            77.2269263,
            28.5167619
          ],
          [
            77.2269161,
            28.5166835
          ],
          [
            77.2268873,
            28.5165521
          ],
          [
            77.226841,
            28.5161051
          ]
        ]
      }
    },
    {
      "type": "Feature",
      "id": "osm-43324263",
      "properties": {
        "osmid": 43324263,
        "name": "Late Shri Tirth Ram Sharma Marg",
        "highway": "residential",
        "highwayCategory": "Galli / Local Lane",
        "isGalli": true
      },
      "geometry": {
        "type": "LineString",
        "coordinates": [
          [
            77.21522,
            28.535252
          ],
          [
            77.2149524,
            28.5354641
          ],
          [
            77.2148162,
            28.535572
          ],
          [
            77.2144563,
            28.5358573
          ],
          [
            77.2143199,
            28.5359654
          ],
          [
            77.2140722,
            28.5361617
          ],
          [
            77.2139682,
            28.5362437
          ],
          [
            77.2139162,
            28.5362847
          ],
          [
            77.2134952,
            28.5366167
          ],
          [
            77.2129981,
            28.5370086
          ],
          [
            77.2129796,
            28.5370232
          ],
          [
            77.212775,
            28.5371845
          ],
          [
            77.2126327,
            28.5372917
          ],
          [
            77.2126052,
            28.5373058
          ]
        ]
      }
    },
    {
      "type": "Feature",
      "id": "osm-43324264",
      "properties": {
        "osmid": 43324264,
        "name": "Smt. Ram Pyari Bhalla Marg",
        "highway": "residential",
        "highwayCategory": "Galli / Local Lane",
        "isGalli": true
      },
      "geometry": {
        "type": "LineString",
        "coordinates": [
          [
            77.2144558,
            28.5345442
          ],
          [
            77.2133848,
            28.5343117
          ]
        ]
      }
    },
    {
      "type": "Feature",
      "id": "osm-43324265",
      "properties": {
        "osmid": 43324265,
        "name": "Local Corridor",
        "highway": "living_street",
        "highwayCategory": "Galli / Local Lane",
        "isGalli": true
      },
      "geometry": {
        "type": "LineString",
        "coordinates": [
          [
            77.2177519,
            28.5318255
          ],
          [
            77.217667,
            28.532155
          ]
        ]
      }
    },
    {
      "type": "Feature",
      "id": "osm-43324266",
      "properties": {
        "osmid": 43324266,
        "name": "Local Corridor",
        "highway": "living_street",
        "highwayCategory": "Galli / Local Lane",
        "isGalli": true
      },
      "geometry": {
        "type": "LineString",
        "coordinates": [
          [
            77.2153642,
            28.5327742
          ],
          [
            77.2149151,
            28.5327666
          ],
          [
            77.2147044,
            28.532749
          ]
        ]
      }
    },
    {
      "type": "Feature",
      "id": "osm-43324267",
      "properties": {
        "osmid": 43324267,
        "name": "Local Corridor",
        "highway": "living_street",
        "highwayCategory": "Galli / Local Lane",
        "isGalli": true
      },
      "geometry": {
        "type": "LineString",
        "coordinates": [
          [
            77.2154875,
            28.532146
          ],
          [
            77.2154257,
            28.5322584
          ],
          [
            77.2153642,
            28.5327742
          ],
          [
            77.2153309,
            28.533032
          ]
        ]
      }
    },
    {
      "type": "Feature",
      "id": "osm-43324268",
      "properties": {
        "osmid": 43324268,
        "name": "Local Corridor",
        "highway": "living_street",
        "highwayCategory": "Galli / Local Lane",
        "isGalli": true
      },
      "geometry": {
        "type": "LineString",
        "coordinates": [
          [
            77.2167022,
            28.5328944
          ],
          [
            77.2166986,
            28.5330202
          ],
          [
            77.216663,
            28.5332886
          ]
        ]
      }
    },
    {
      "type": "Feature",
      "id": "osm-43324269",
      "properties": {
        "osmid": 43324269,
        "name": "Local Corridor",
        "highway": "living_street",
        "highwayCategory": "Galli / Local Lane",
        "isGalli": true
      },
      "geometry": {
        "type": "LineString",
        "coordinates": [
          [
            77.2166986,
            28.5330202
          ],
          [
            77.2161407,
            28.5329825
          ]
        ]
      }
    },
    {
      "type": "Feature",
      "id": "osm-43325248",
      "properties": {
        "osmid": 43325248,
        "name": "Local Corridor",
        "highway": "living_street",
        "highwayCategory": "Galli / Local Lane",
        "isGalli": true
      },
      "geometry": {
        "type": "LineString",
        "coordinates": [
          [
            77.2180364,
            28.5329095
          ],
          [
            77.2178477,
            28.5329084
          ],
          [
            77.2176828,
            28.532881
          ],
          [
            77.2175662,
            28.5328568
          ],
          [
            77.2171122,
            28.5328206
          ],
          [
            77.2170484,
            28.5328092
          ],
          [
            77.2168525,
            28.5327968
          ],
          [
            77.2163691,
            28.5327698
          ]
        ]
      }
    },
    {
      "type": "Feature",
      "id": "osm-43325249",
      "properties": {
        "osmid": 43325249,
        "name": "Local Corridor",
        "highway": "living_street",
        "highwayCategory": "Galli / Local Lane",
        "isGalli": true
      },
      "geometry": {
        "type": "LineString",
        "coordinates": [
          [
            77.21687,
            28.5326091
          ],
          [
            77.2169116,
            28.532364
          ]
        ]
      }
    },
    {
      "type": "Feature",
      "id": "osm-43325250",
      "properties": {
        "osmid": 43325250,
        "name": "Local Corridor",
        "highway": "living_street",
        "highwayCategory": "Galli / Local Lane",
        "isGalli": true
      },
      "geometry": {
        "type": "LineString",
        "coordinates": [
          [
            77.2171243,
            28.5324029
          ],
          [
            77.2170484,
            28.5328092
          ]
        ]
      }
    },
    {
      "type": "Feature",
      "id": "osm-43325251",
      "properties": {
        "osmid": 43325251,
        "name": "Local Corridor",
        "highway": "living_street",
        "highwayCategory": "Galli / Local Lane",
        "isGalli": true
      },
      "geometry": {
        "type": "LineString",
        "coordinates": [
          [
            77.2176828,
            28.532881
          ],
          [
            77.2177404,
            28.5324985
          ],
          [
            77.2177528,
            28.5324573
          ],
          [
            77.2179392,
            28.5318404
          ]
        ]
      }
    },
    {
      "type": "Feature",
      "id": "osm-43325252",
      "properties": {
        "osmid": 43325252,
        "name": "Local Corridor",
        "highway": "living_street",
        "highwayCategory": "Galli / Local Lane",
        "isGalli": true
      },
      "geometry": {
        "type": "LineString",
        "coordinates": [
          [
            77.2177404,
            28.5324985
          ],
          [
            77.2175607,
            28.5324536
          ],
          [
            77.2171243,
            28.5324029
          ],
          [
            77.2169116,
            28.532364
          ],
          [
            77.2166275,
            28.532334
          ],
          [
            77.2162155,
            28.5322397
          ],
          [
            77.2159897,
            28.5322075
          ],
          [
            77.215774,
            28.5321768
          ]
        ]
      }
    },
    {
      "type": "Feature",
      "id": "osm-43325253",
      "properties": {
        "osmid": 43325253,
        "name": "Local Corridor",
        "highway": "residential",
        "highwayCategory": "Galli / Local Lane",
        "isGalli": true
      },
      "geometry": {
        "type": "LineString",
        "coordinates": [
          [
            77.2206709,
            28.5323858
          ],
          [
            77.2199592,
            28.5325854
          ],
          [
            77.2196537,
            28.5326522
          ],
          [
            77.2193272,
            28.5327235
          ],
          [
            77.2190477,
            28.5327846
          ]
        ]
      }
    },
    {
      "type": "Feature",
      "id": "osm-43325254",
      "properties": {
        "osmid": 43325254,
        "name": "Local Corridor",
        "highway": "living_street",
        "highwayCategory": "Galli / Local Lane",
        "isGalli": true
      },
      "geometry": {
        "type": "LineString",
        "coordinates": [
          [
            77.2178477,
            28.5329084
          ],
          [
            77.2178514,
            28.5330539
          ],
          [
            77.2178336,
            28.5331493
          ],
          [
            77.217858,
            28.5336074
          ]
        ]
      }
    },
    {
      "type": "Feature",
      "id": "osm-43325255",
      "properties": {
        "osmid": 43325255,
        "name": "Local Corridor",
        "highway": "living_street",
        "highwayCategory": "Galli / Local Lane",
        "isGalli": true
      },
      "geometry": {
        "type": "LineString",
        "coordinates": [
          [
            77.2189354,
            28.5324515
          ],
          [
            77.2180119,
            28.5326744
          ]
        ]
      }
    },
    {
      "type": "Feature",
      "id": "osm-43325256",
      "properties": {
        "osmid": 43325256,
        "name": "Local Corridor",
        "highway": "residential",
        "highwayCategory": "Galli / Local Lane",
        "isGalli": true
      },
      "geometry": {
        "type": "LineString",
        "coordinates": [
          [
            77.2206826,
            28.531012
          ],
          [
            77.2206514,
            28.5311976
          ],
          [
            77.2206353,
            28.5313826
          ],
          [
            77.2206339,
            28.5314233
          ],
          [
            77.2206319,
            28.5314845
          ],
          [
            77.2206612,
            28.5316713
          ],
          [
            77.220548,
            28.5320763
          ],
          [
            77.2205616,
            28.5321378
          ],
          [
            77.2206709,
            28.5323858
          ]
        ]
      }
    },
    {
      "type": "Feature",
      "id": "osm-43325259",
      "properties": {
        "osmid": 43325259,
        "name": "Local Corridor",
        "highway": "living_street",
        "highwayCategory": "Galli / Local Lane",
        "isGalli": true
      },
      "geometry": {
        "type": "LineString",
        "coordinates": [
          [
            77.214318,
            28.5321582
          ],
          [
            77.2147485,
            28.5322169
          ],
          [
            77.2148147,
            28.5322185
          ],
          [
            77.2148813,
            28.5322237
          ],
          [
            77.2150122,
            28.5322367
          ],
          [
            77.2151023,
            28.532247
          ],
          [
            77.2152411,
            28.5319877
          ],
          [
            77.2152195,
            28.5319549
          ]
        ]
      }
    },
    {
      "type": "Feature",
      "id": "osm-43325261",
      "properties": {
        "osmid": 43325261,
        "name": "Local Corridor",
        "highway": "living_street",
        "highwayCategory": "Galli / Local Lane",
        "isGalli": true
      },
      "geometry": {
        "type": "LineString",
        "coordinates": [
          [
            77.214469,
            28.5310461
          ],
          [
            77.2149317,
            28.5310534
          ],
          [
            77.2154121,
            28.5310858
          ],
          [
            77.2155914,
            28.5310579
          ]
        ]
      }
    },
    {
      "type": "Feature",
      "id": "osm-43325262",
      "properties": {
        "osmid": 43325262,
        "name": "Local Corridor",
        "highway": "living_street",
        "highwayCategory": "Galli / Local Lane",
        "isGalli": true
      },
      "geometry": {
        "type": "LineString",
        "coordinates": [
          [
            77.2156577,
            28.5302236
          ],
          [
            77.2156477,
            28.5303498
          ],
          [
            77.2156387,
            28.5304643
          ],
          [
            77.2156136,
            28.5307789
          ],
          [
            77.2155914,
            28.5310579
          ],
          [
            77.2155709,
            28.5312652
          ]
        ]
      }
    },
    {
      "type": "Feature",
      "id": "osm-43325263",
      "properties": {
        "osmid": 43325263,
        "name": "Local Corridor",
        "highway": "living_street",
        "highwayCategory": "Galli / Local Lane",
        "isGalli": true
      },
      "geometry": {
        "type": "LineString",
        "coordinates": [
          [
            77.2149317,
            28.5310534
          ],
          [
            77.2149614,
            28.5302114
          ]
        ]
      }
    },
    {
      "type": "Feature",
      "id": "osm-43325264",
      "properties": {
        "osmid": 43325264,
        "name": "Local Corridor",
        "highway": "living_street",
        "highwayCategory": "Galli / Local Lane",
        "isGalli": true
      },
      "geometry": {
        "type": "LineString",
        "coordinates": [
          [
            77.2154121,
            28.5310858
          ],
          [
            77.2155433,
            28.530072
          ]
        ]
      }
    },
    {
      "type": "Feature",
      "id": "osm-43325265",
      "properties": {
        "osmid": 43325265,
        "name": "Local Corridor",
        "highway": "living_street",
        "highwayCategory": "Galli / Local Lane",
        "isGalli": true
      },
      "geometry": {
        "type": "LineString",
        "coordinates": [
          [
            77.2150122,
            28.5322367
          ],
          [
            77.2149151,
            28.5327666
          ]
        ]
      }
    },
    {
      "type": "Feature",
      "id": "osm-43325266",
      "properties": {
        "osmid": 43325266,
        "name": "Local Corridor",
        "highway": "living_street",
        "highwayCategory": "Galli / Local Lane",
        "isGalli": true
      },
      "geometry": {
        "type": "LineString",
        "coordinates": [
          [
            77.2147131,
            28.5325071
          ],
          [
            77.2144968,
            28.5324495
          ],
          [
            77.2144443,
            28.5324644
          ],
          [
            77.2143924,
            28.5325377
          ],
          [
            77.2142073,
            28.5327993
          ]
        ]
      }
    },
    {
      "type": "Feature",
      "id": "osm-43325267",
      "properties": {
        "osmid": 43325267,
        "name": "Local Corridor",
        "highway": "living_street",
        "highwayCategory": "Galli / Local Lane",
        "isGalli": true
      },
      "geometry": {
        "type": "LineString",
        "coordinates": [
          [
            77.2143604,
            28.5319063
          ],
          [
            77.2138912,
            28.5317979
          ],
          [
            77.2137034,
            28.5317771
          ],
          [
            77.2133644,
            28.5317397
          ]
        ]
      }
    },
    {
      "type": "Feature",
      "id": "osm-43325268",
      "properties": {
        "osmid": 43325268,
        "name": "Local Corridor",
        "highway": "living_street",
        "highwayCategory": "Galli / Local Lane",
        "isGalli": true
      },
      "geometry": {
        "type": "LineString",
        "coordinates": [
          [
            77.214468,
            28.5306447
          ],
          [
            77.2143806,
            28.5306254
          ],
          [
            77.2141636,
            28.530611
          ],
          [
            77.2140828,
            28.5306056
          ],
          [
            77.2139054,
            28.5305865
          ],
          [
            77.2137993,
            28.5305888
          ]
        ]
      }
    },
    {
      "type": "Feature",
      "id": "osm-43325269",
      "properties": {
        "osmid": 43325269,
        "name": "Local Corridor",
        "highway": "living_street",
        "highwayCategory": "Galli / Local Lane",
        "isGalli": true
      },
      "geometry": {
        "type": "LineString",
        "coordinates": [
          [
            77.2140828,
            28.5306056
          ],
          [
            77.2141066,
            28.5299563
          ],
          [
            77.2141278,
            28.5296076
          ]
        ]
      }
    },
    {
      "type": "Feature",
      "id": "osm-43325270",
      "properties": {
        "osmid": 43325270,
        "name": "Local Corridor",
        "highway": "living_street",
        "highwayCategory": "Galli / Local Lane",
        "isGalli": true
      },
      "geometry": {
        "type": "LineString",
        "coordinates": [
          [
            77.2144268,
            28.5299761
          ],
          [
            77.2143806,
            28.5306254
          ]
        ]
      }
    },
    {
      "type": "Feature",
      "id": "osm-43325271",
      "properties": {
        "osmid": 43325271,
        "name": "Local Corridor",
        "highway": "living_street",
        "highwayCategory": "Galli / Local Lane",
        "isGalli": true
      },
      "geometry": {
        "type": "LineString",
        "coordinates": [
          [
            77.2183233,
            28.5318928
          ],
          [
            77.218262,
            28.5319002
          ],
          [
            77.2179392,
            28.5318404
          ],
          [
            77.2177519,
            28.5318255
          ],
          [
            77.2174849,
            28.5317998
          ],
          [
            77.2174045,
            28.531803
          ]
        ]
      }
    },
    {
      "type": "Feature",
      "id": "osm-43325272",
      "properties": {
        "osmid": 43325272,
        "name": "Local Corridor",
        "highway": "residential",
        "highwayCategory": "Galli / Local Lane",
        "isGalli": true
      },
      "geometry": {
        "type": "LineString",
        "coordinates": [
          [
            77.2190053,
            28.5330269
          ],
          [
            77.2196065,
            28.5329941
          ],
          [
            77.2197655,
            28.5329854
          ],
          [
            77.2199398,
            28.5329759
          ],
          [
            77.2200058,
            28.5329948
          ],
          [
            77.2203318,
            28.5330613
          ],
          [
            77.2206285,
            28.533126
          ],
          [
            77.2206739,
            28.5331317
          ],
          [
            77.2209827,
            28.5331702
          ],
          [
            77.2210288,
            28.5331759
          ],
          [
            77.2211796,
            28.5331942
          ],
          [
            77.2213949,
            28.5332204
          ],
          [
            77.2215381,
            28.533238
          ],
          [
            77.2216828,
            28.5332558
          ],
          [
            77.2219937,
            28.5332893
          ],
          [
            77.2220195,
            28.5333073
          ],
          [
            77.2220272,
            28.533342
          ],
          [
            77.2220481,
            28.5337472
          ],
          [
            77.2220624,
            28.5341196
          ],
          [
            77.222071,
            28.5341976
          ],
          [
            77.2220762,
            28.5342445
          ]
        ]
      }
    },
    {
      "type": "Feature",
      "id": "osm-43325273",
      "properties": {
        "osmid": 43325273,
        "name": "Malviya Nagar Road",
        "highway": "residential",
        "highwayCategory": "Galli / Local Lane",
        "isGalli": true
      },
      "geometry": {
        "type": "LineString",
        "coordinates": [
          [
            77.2148623,
            28.5331654
          ],
          [
            77.2146072,
            28.5330228
          ],
          [
            77.2142073,
            28.5327993
          ],
          [
            77.2141645,
            28.5327768
          ],
          [
            77.2140999,
            28.5327304
          ],
          [
            77.2138024,
            28.5325315
          ],
          [
            77.213646,
            28.532427
          ],
          [
            77.213369,
            28.5322544
          ],
          [
            77.2130146,
            28.5321075
          ],
          [
            77.2127027,
            28.532032
          ],
          [
            77.2123689,
            28.5319641
          ],
          [
            77.2111362,
            28.5316599
          ],
          [
            77.2105478,
            28.5315349
          ],
          [
            77.2100249,
            28.5314106
          ],
          [
            77.2091986,
            28.5312194
          ],
          [
            77.2086645,
            28.5310997
          ],
          [
            77.2080232,
            28.5309738
          ]
        ]
      }
    },
    {
      "type": "Feature",
      "id": "osm-43325274",
      "properties": {
        "osmid": 43325274,
        "name": "Local Corridor",
        "highway": "residential",
        "highwayCategory": "Galli / Local Lane",
        "isGalli": true
      },
      "geometry": {
        "type": "LineString",
        "coordinates": [
          [
            77.2154581,
            28.5354863
          ],
          [
            77.2159573,
            28.5359982
          ],
          [
            77.2163867,
            28.5364688
          ],
          [
            77.2164404,
            28.5365279
          ]
        ]
      }
    },
    {
      "type": "Feature",
      "id": "osm-43359324",
      "properties": {
        "osmid": 43359324,
        "name": "Mahatma Gandhi Marg",
        "highway": "primary",
        "highwayCategory": "Municipal Thoroughfare",
        "isGalli": false
      },
      "geometry": {
        "type": "LineString",
        "coordinates": [
          [
            77.2100656,
            28.5699291
          ],
          [
            77.210332,
            28.5695566
          ],
          [
            77.2103825,
            28.5694998
          ],
          [
            77.2104549,
            28.5694398
          ],
          [
            77.2105059,
            28.5694009
          ],
          [
            77.2105595,
            28.5693691
          ],
          [
            77.2106253,
            28.5693361
          ],
          [
            77.2106898,
            28.5693108
          ],
          [
            77.2107346,
            28.5693002
          ],
          [
            77.2108217,
            28.5692661
          ],
          [
            77.2108647,
            28.5692502
          ],
          [
            77.2109166,
            28.5692268
          ],
          [
            77.2109626,
            28.5692007
          ],
          [
            77.2110252,
            28.5691475
          ]
        ]
      }
    },
    {
      "type": "Feature",
      "id": "osm-43376185",
      "properties": {
        "osmid": 43376185,
        "name": "Local Corridor",
        "highway": "living_street",
        "highwayCategory": "Galli / Local Lane",
        "isGalli": true
      },
      "geometry": {
        "type": "LineString",
        "coordinates": [
          [
            77.2173553,
            28.5304197
          ],
          [
            77.2172778,
            28.530409
          ],
          [
            77.2166434,
            28.5302409
          ],
          [
            77.2166014,
            28.5302177
          ],
          [
            77.2165281,
            28.5301678
          ],
          [
            77.215869,
            28.52999
          ],
          [
            77.2154454,
            28.5298848
          ],
          [
            77.2154032,
            28.5298634
          ],
          [
            77.2153657,
            28.5298257
          ],
          [
            77.2153549,
            28.5297903
          ],
          [
            77.2153603,
            28.5297385
          ],
          [
            77.2153951,
            28.5295848
          ],
          [
            77.215422,
            28.5294659
          ]
        ]
      }
    },
    {
      "type": "Feature",
      "id": "osm-43540177",
      "properties": {
        "osmid": 43540177,
        "name": "Africa Avenue",
        "highway": "secondary",
        "highwayCategory": "Municipal Thoroughfare",
        "isGalli": false
      },
      "geometry": {
        "type": "LineString",
        "coordinates": [
          [
            77.1891458,
            28.5663754
          ],
          [
            77.1891467,
            28.5663803
          ],
          [
            77.1891553,
            28.5664286
          ],
          [
            77.189209,
            28.566863
          ],
          [
            77.189233,
            28.5670569
          ],
          [
            77.1893245,
            28.5677295
          ],
          [
            77.1894316,
            28.5687271
          ],
          [
            77.1895008,
            28.5692621
          ],
          [
            77.1895156,
            28.5693767
          ]
        ]
      }
    },
    {
      "type": "Feature",
      "id": "osm-43540280",
      "properties": {
        "osmid": 43540280,
        "name": "Lala Lajpat Rai Marg",
        "highway": "secondary",
        "highwayCategory": "Municipal Thoroughfare",
        "isGalli": false
      },
      "geometry": {
        "type": "LineString",
        "coordinates": [
          [
            77.2468124,
            28.5520869
          ],
          [
            77.2464755,
            28.552251
          ],
          [
            77.2456391,
            28.5526615
          ],
          [
            77.2453439,
            28.5528062
          ],
          [
            77.2437557,
            28.5539162
          ],
          [
            77.2427303,
            28.5546988
          ],
          [
            77.2426423,
            28.554766
          ],
          [
            77.2425579,
            28.5548269
          ],
          [
            77.2424509,
            28.5549082
          ],
          [
            77.2419425,
            28.5552948
          ],
          [
            77.2412981,
            28.5559048
          ],
          [
            77.2412461,
            28.5559543
          ],
          [
            77.2411464,
            28.5560732
          ],
          [
            77.2409865,
            28.556264
          ],
          [
            77.2409358,
            28.5563244
          ],
          [
            77.2407245,
            28.5565761
          ],
          [
            77.2405006,
            28.5568355
          ],
          [
            77.2401044,
            28.5572944
          ],
          [
            77.239967,
            28.5574535
          ],
          [
            77.2397044,
            28.5577576
          ],
          [
            77.2393851,
            28.5580097
          ],
          [
            77.2393337,
            28.5580469
          ]
        ]
      }
    },
    {
      "type": "Feature",
      "id": "osm-43540281",
      "properties": {
        "osmid": 43540281,
        "name": "Sher Shah Road",
        "highway": "secondary",
        "highwayCategory": "Municipal Thoroughfare",
        "isGalli": false
      },
      "geometry": {
        "type": "LineString",
        "coordinates": [
          [
            77.2349343,
            28.6107363
          ],
          [
            77.2350477,
            28.6106649
          ],
          [
            77.2353237,
            28.6105112
          ],
          [
            77.2357568,
            28.6102827
          ],
          [
            77.2368885,
            28.6097411
          ],
          [
            77.2371263,
            28.6096273
          ],
          [
            77.2375757,
            28.6095162
          ],
          [
            77.2377825,
            28.609478
          ],
          [
            77.238177,
            28.609405
          ],
          [
            77.2386612,
            28.6093611
          ],
          [
            77.2387028,
            28.6093573
          ],
          [
            77.2387846,
            28.6093499
          ],
          [
            77.2393713,
            28.609342
          ]
        ]
      }
    },
    {
      "type": "Feature",
      "id": "osm-43858091",
      "properties": {
        "osmid": 43858091,
        "name": "Local Corridor",
        "highway": "service",
        "highwayCategory": "Galli / Local Lane",
        "isGalli": true
      },
      "geometry": {
        "type": "LineString",
        "coordinates": [
          [
            77.1939274,
            28.6221718
          ],
          [
            77.1939218,
            28.6221545
          ],
          [
            77.1939158,
            28.6221372
          ],
          [
            77.1939093,
            28.6221201
          ],
          [
            77.1939049,
            28.6221052
          ],
          [
            77.1938952,
            28.6220862
          ],
          [
            77.1938875,
            28.6220695
          ],
          [
            77.1938794,
            28.6220529
          ],
          [
            77.1938708,
            28.6220365
          ],
          [
            77.1938619,
            28.6220203
          ],
          [
            77.1938589,
            28.6220151
          ],
          [
            77.1938526,
            28.6220042
          ],
          [
            77.1938429,
            28.6219883
          ],
          [
            77.1938328,
            28.6219726
          ],
          [
            77.1938223,
            28.6219571
          ],
          [
            77.1938114,
            28.6219418
          ],
          [
            77.1938001,
            28.6219267
          ],
          [
            77.1937885,
            28.6219119
          ],
          [
            77.1937765,
            28.6218972
          ],
          [
            77.1937642,
            28.6218828
          ],
          [
            77.1937515,
            28.6218686
          ],
          [
            77.1937397,
            28.6218561
          ],
          [
            77.193725,
            28.621841
          ],
          [
            77.1937113,
            28.6218276
          ],
          [
            77.1936972,
            28.6218145
          ],
          [
            77.1936828,
            28.6218016
          ],
          [
            77.1936681,
            28.621789
          ],
          [
            77.1936531,
            28.6217767
          ],
          [
            77.1936378,
            28.6217646
          ],
          [
            77.1936222,
            28.6217529
          ],
          [
            77.1936063,
            28.6217415
          ],
          [
            77.1935902,
            28.6217304
          ],
          [
            77.1935737,
            28.6217195
          ],
          [
            77.193557,
            28.621709
          ],
          [
            77.1935401,
            28.6216989
          ],
          [
            77.1935297,
            28.6216929
          ],
          [
            77.1935228,
            28.621689
          ],
          [
            77.1935054,
            28.6216795
          ],
          [
            77.1934877,
            28.6216703
          ],
          [
            77.1934698,
            28.6216615
          ],
          [
            77.1934517,
            28.6216529
          ],
          [
            77.1934334,
            28.6216448
          ],
          [
            77.1934148,
            28.621637
          ],
          [
            77.1933961,
            28.6216295
          ],
          [
            77.1933772,
            28.6216225
          ],
          [
            77.1933582,
            28.6216157
          ],
          [
            77.193339,
            28.6216094
          ],
          [
            77.1933196,
            28.6216034
          ],
          [
            77.1933001,
            28.6215977
          ],
          [
            77.1932804,
            28.6215925
          ],
          [
            77.1932606,
            28.6215876
          ],
          [
            77.1932407,
            28.6215831
          ],
          [
            77.1932207,
            28.621579
          ],
          [
            77.1932099,
            28.621577
          ],
          [
            77.1932006,
            28.6215753
          ],
          [
            77.1931804,
            28.6215719
          ],
          [
            77.1931602,
            28.621569
          ],
          [
            77.1931398,
            28.6215664
          ],
          [
            77.1931194,
            28.6215642
          ],
          [
            77.193099,
            28.6215624
          ],
          [
            77.1930785,
            28.621561
          ],
          [
            77.193058,
            28.62156
          ],
          [
            77.1930375,
            28.6215594
          ],
          [
            77.1930169,
            28.6215592
          ],
          [
            77.1929964,
            28.6215593
          ],
          [
            77.1929758,
            28.6215599
          ],
          [
            77.1929553,
            28.6215608
          ],
          [
            77.1929348,
            28.6215622
          ],
          [
            77.1929144,
            28.6215639
          ],
          [
            77.192894,
            28.621566
          ],
          [
            77.1928736,
            28.6215685
          ],
          [
            77.1928534,
            28.6215714
          ],
          [
            77.1928332,
            28.6215747
          ],
          [
            77.192813,
            28.6215784
          ],
          [
            77.192793,
            28.6215824
          ],
          [
            77.1927701,
            28.6215876
          ],
          [
            77.1927533,
            28.6215917
          ],
          [
            77.1927336,
            28.6215969
          ],
          [
            77.1927141,
            28.6216024
          ],
          [
            77.1926947,
            28.6216084
          ],
          [
            77.1926754,
            28.6216147
          ],
          [
            77.1926563,
            28.6216213
          ],
          [
            77.1926374,
            28.6216283
          ],
          [
            77.1926187,
            28.6216357
          ],
          [
            77.1926001,
            28.6216435
          ],
          [
            77.1925818,
            28.6216516
          ],
          [
            77.1925636,
            28.62166
          ],
          [
            77.1925457,
            28.6216688
          ],
          [
            77.192528,
            28.6216779
          ],
          [
            77.1925105,
            28.6216874
          ],
          [
            77.1925044,
            28.6216908
          ],
          [
            77.1924932,
            28.6216972
          ],
          [
            77.1924762,
            28.6217073
          ],
          [
            77.1924595,
            28.6217178
          ],
          [
            77.192443,
            28.6217285
          ],
          [
            77.1924268,
            28.6217396
          ],
          [
            77.1924108,
            28.621751
          ],
          [
            77.1923952,
            28.6217627
          ],
          [
            77.1923798,
            28.6217747
          ],
          [
            77.1923648,
            28.6217869
          ],
          [
            77.19235,
            28.6217995
          ],
          [
            77.1923356,
            28.6218123
          ],
          [
            77.1923215,
            28.6218254
          ],
          [
            77.1923184,
            28.6218284
          ],
          [
            77.1923077,
            28.6218388
          ],
          [
            77.1922942,
            28.6218524
          ],
          [
            77.1922811,
            28.6218663
          ],
          [
            77.1922684,
            28.6218805
          ],
          [
            77.192256,
            28.6218948
          ],
          [
            77.1922439,
            28.6219094
          ],
          [
            77.1922322,
            28.6219243
          ],
          [
            77.1922209,
            28.6219393
          ],
          [
            77.19221,
            28.6219546
          ],
          [
            77.1921994,
            28.6219701
          ],
          [
            77.1921892,
            28.6219857
          ],
          [
            77.1921794,
            28.6220016
          ],
          [
            77.19217,
            28.6220176
          ],
          [
            77.1921611,
            28.6220338
          ],
          [
            77.1921525,
            28.6220502
          ],
          [
            77.1921443,
            28.6220668
          ],
          [
            77.1921365,
            28.6220835
          ],
          [
            77.1921317,
            28.6220945
          ],
          [
            77.1921292,
            28.6221003
          ],
          [
            77.1921222,
            28.6221173
          ],
          [
            77.1921157,
            28.6221344
          ],
          [
            77.1921096,
            28.6221516
          ],
          [
            77.192104,
            28.6221689
          ],
          [
            77.1920988,
            28.6221864
          ],
          [
            77.192094,
            28.6222039
          ],
          [
            77.1920896,
            28.6222215
          ],
          [
            77.1920857,
            28.6222392
          ],
          [
            77.1920822,
            28.622257
          ],
          [
            77.1920792,
            28.6222749
          ],
          [
            77.1920766,
            28.6222927
          ],
          [
            77.1920744,
            28.6223107
          ],
          [
            77.1920727,
            28.6223287
          ],
          [
            77.1920714,
            28.6223467
          ],
          [
            77.1920706,
            28.6223647
          ],
          [
            77.1920702,
            28.6223827
          ],
          [
            77.1920702,
            28.6223925
          ],
          [
            77.1920703,
            28.6224007
          ],
          [
            77.1920708,
            28.6224188
          ],
          [
            77.1920718,
            28.6224368
          ],
          [
            77.1920732,
            28.6224548
          ],
          [
            77.1920751,
            28.6224727
          ],
          [
            77.1920774,
            28.6224907
          ],
          [
            77.1920801,
            28.6225085
          ],
          [
            77.1920833,
            28.6225263
          ],
          [
            77.192087,
            28.6225441
          ],
          [
            77.192091,
            28.6225618
          ],
          [
            77.1920955,
            28.6225794
          ],
          [
            77.1921005,
            28.6225969
          ],
          [
            77.1921058,
            28.6226143
          ],
          [
            77.1921116,
            28.6226316
          ],
          [
            77.1921179,
            28.6226488
          ],
          [
            77.1921245,
            28.6226658
          ],
          [
            77.1921316,
            28.6226828
          ],
          [
            77.1921391,
            28.6226995
          ],
          [
            77.192148,
            28.6227183
          ],
          [
            77.1921553,
            28.6227327
          ],
          [
            77.192164,
            28.622749
          ],
          [
            77.1921732,
            28.6227652
          ],
          [
            77.1921827,
            28.6227812
          ],
          [
            77.1921926,
            28.6227969
          ],
          [
            77.1922029,
            28.6228125
          ],
          [
            77.1922136,
            28.622828
          ],
          [
            77.1922247,
            28.6228431
          ],
          [
            77.1922361,
            28.6228581
          ],
          [
            77.1922479,
            28.6228729
          ],
          [
            77.1922601,
            28.6228874
          ],
          [
            77.1922726,
            28.6229017
          ],
          [
            77.1922855,
            28.6229158
          ],
          [
            77.1922987,
            28.6229296
          ],
          [
            77.1923123,
            28.6229431
          ],
          [
            77.1923262,
            28.6229564
          ],
          [
            77.1923404,
            28.6229694
          ],
          [
            77.1923549,
            28.6229821
          ],
          [
            77.1923636,
            28.6229894
          ],
          [
            77.1923698,
            28.6229946
          ],
          [
            77.1923849,
            28.6230068
          ],
          [
            77.1924004,
            28.6230186
          ],
          [
            77.1924162,
            28.6230302
          ],
          [
            77.1924322,
            28.6230415
          ],
          [
            77.1924485,
            28.6230525
          ],
          [
            77.1924651,
            28.6230631
          ],
          [
            77.1924819,
            28.6230735
          ],
          [
            77.192499,
            28.6230835
          ],
          [
            77.1925163,
            28.6230932
          ],
          [
            77.1925339,
            28.6231025
          ],
          [
            77.1925517,
            28.6231116
          ],
          [
            77.1925628,
            28.623117
          ],
          [
            77.1925697,
            28.6231202
          ],
          [
            77.1925879,
            28.6231286
          ],
          [
            77.1926063,
            28.6231365
          ],
          [
            77.1926249,
            28.6231442
          ],
          [
            77.1926437,
            28.6231514
          ],
          [
            77.1926627,
            28.6231583
          ],
          [
            77.1926819,
            28.6231649
          ],
          [
            77.1927012,
            28.6231711
          ],
          [
            77.1927242,
            28.6231779
          ],
          [
            77.1927402,
            28.6231823
          ],
          [
            77.1927599,
            28.6231874
          ],
          [
            77.1927798,
            28.6231921
          ],
          [
            77.1927997,
            28.6231964
          ],
          [
            77.1928198,
            28.6232003
          ],
          [
            77.1928399,
            28.6232038
          ],
          [
            77.1928601,
            28.623207
          ],
          [
            77.1928805,
            28.6232097
          ],
          [
            77.1929008,
            28.6232121
          ],
          [
            77.1929212,
            28.6232141
          ],
          [
            77.1929417,
            28.6232157
          ],
          [
            77.1929622,
            28.6232169
          ],
          [
            77.192985,
            28.6232178
          ],
          [
            77.1930033,
            28.6232181
          ],
          [
            77.1930238,
            28.6232182
          ],
          [
            77.1930443,
            28.6232178
          ],
          [
            77.1930649,
            28.6232171
          ],
          [
            77.1930854,
            28.6232159
          ],
          [
            77.1931059,
            28.6232144
          ],
          [
            77.1931263,
            28.6232125
          ],
          [
            77.1931467,
            28.6232102
          ],
          [
            77.193167,
            28.6232075
          ],
          [
            77.1931872,
            28.6232044
          ],
          [
            77.1932074,
            28.6232009
          ],
          [
            77.1932274,
            28.623197
          ],
          [
            77.1932474,
            28.6231928
          ],
          [
            77.1932567,
            28.6231907
          ],
          [
            77.1932673,
            28.6231882
          ],
          [
            77.193287,
            28.6231832
          ],
          [
            77.1933066,
            28.6231778
          ],
          [
            77.1933261,
            28.623172
          ],
          [
            77.1933454,
            28.6231659
          ],
          [
            77.1933646,
            28.6231594
          ],
          [
            77.1933836,
            28.6231526
          ],
          [
            77.1934024,
            28.6231454
          ],
          [
            77.1934211,
            28.6231378
          ],
          [
            77.1934395,
            28.6231299
          ],
          [
            77.1934578,
            28.6231216
          ],
          [
            77.1934758,
            28.623113
          ],
          [
            77.1934934,
            28.6231042
          ],
          [
            77.1935113,
            28.6230947
          ],
          [
            77.1935286,
            28.6230851
          ],
          [
            77.1935458,
            28.6230752
          ],
          [
            77.1935626,
            28.6230649
          ],
          [
            77.1935793,
            28.6230543
          ],
          [
            77.1935956,
            28.6230433
          ],
          [
            77.1936117,
            28.6230321
          ],
          [
            77.1936275,
            28.6230206
          ],
          [
            77.193643,
            28.6230087
          ],
          [
            77.1936582,
            28.6229966
          ],
          [
            77.1936731,
            28.6229842
          ],
          [
            77.1936877,
            28.6229715
          ],
          [
            77.193702,
            28.6229585
          ],
          [
            77.1937054,
            28.6229553
          ],
          [
            77.1937159,
            28.6229453
          ],
          [
            77.1937295,
            28.6229318
          ],
          [
            77.1937428,
            28.622918
          ],
          [
            77.1937558,
            28.622904
          ],
          [
            77.1937683,
            28.6228898
          ],
          [
            77.1937806,
            28.6228753
          ],
          [
            77.1937924,
            28.6228606
          ],
          [
            77.1938039,
            28.6228456
          ],
          [
            77.1938151,
            28.6228305
          ],
          [
            77.1938258,
            28.6228151
          ],
          [
            77.1938323,
            28.6228055
          ],
          [
            77.1938362,
            28.6227995
          ],
          [
            77.1938462,
            28.6227838
          ],
          [
            77.1938558,
            28.6227678
          ],
          [
            77.193865,
            28.6227517
          ],
          [
            77.1938737,
            28.6227354
          ],
          [
            77.1938821,
            28.6227189
          ],
          [
            77.1938901,
            28.6227023
          ],
          [
            77.1938977,
            28.6226855
          ],
          [
            77.1939048,
            28.6226686
          ],
          [
            77.1939115,
            28.6226516
          ],
          [
            77.1939178,
            28.6226344
          ],
          [
            77.1939237,
            28.6226171
          ],
          [
            77.1939291,
            28.6225997
          ],
          [
            77.1939341,
            28.6225823
          ],
          [
            77.1939387,
            28.6225647
          ],
          [
            77.1939429,
            28.622547
          ],
          [
            77.1939466,
            28.6225293
          ],
          [
            77.1939498,
            28.6225115
          ],
          [
            77.1939523,
            28.6224958
          ],
          [
            77.193955,
            28.6224757
          ],
          [
            77.193957,
            28.6224577
          ],
          [
            77.1939584,
            28.6224397
          ],
          [
            77.1939595,
            28.6224217
          ],
          [
            77.1939601,
            28.6224037
          ],
          [
            77.1939602,
            28.6223857
          ],
          [
            77.1939599,
            28.6223676
          ],
          [
            77.1939592,
            28.6223496
          ],
          [
            77.193958,
            28.6223316
          ],
          [
            77.1939564,
            28.6223136
          ],
          [
            77.1939543,
            28.6222957
          ],
          [
            77.1939518,
            28.6222778
          ],
          [
            77.1939488,
            28.62226
          ],
          [
            77.1939454,
            28.6222422
          ],
          [
            77.1939415,
            28.6222245
          ],
          [
            77.1939372,
            28.6222068
          ],
          [
            77.1939325,
            28.6221893
          ],
          [
            77.1939274,
            28.6221718
          ]
        ]
      }
    },
    {
      "type": "Feature",
      "id": "osm-43858200",
      "properties": {
        "osmid": 43858200,
        "name": "Local Corridor",
        "highway": "service",
        "highwayCategory": "Galli / Local Lane",
        "isGalli": true
      },
      "geometry": {
        "type": "LineString",
        "coordinates": [
          [
            77.2018224,
            28.6144676
          ],
          [
            77.2018279,
            28.6145522
          ],
          [
            77.2018407,
            28.6147464
          ],
          [
            77.2018829,
            28.6153904
          ],
          [
            77.2020176,
            28.6174445
          ]
        ]
      }
    },
    {
      "type": "Feature",
      "id": "osm-43858209",
      "properties": {
        "osmid": 43858209,
        "name": "Local Corridor",
        "highway": "service",
        "highwayCategory": "Galli / Local Lane",
        "isGalli": true
      },
      "geometry": {
        "type": "LineString",
        "coordinates": [
          [
            77.2039256,
            28.614641
          ],
          [
            77.2037347,
            28.6146507
          ],
          [
            77.2035628,
            28.6146593
          ],
          [
            77.2018407,
            28.6147464
          ],
          [
            77.2005522,
            28.6148115
          ],
          [
            77.2004574,
            28.6148163
          ],
          [
            77.200219,
            28.6148283
          ],
          [
            77.2001861,
            28.6143264
          ],
          [
            77.2001547,
            28.6138483
          ],
          [
            77.2003928,
            28.6138373
          ],
          [
            77.200554,
            28.6138281
          ],
          [
            77.2017732,
            28.6137665
          ],
          [
            77.2034985,
            28.6136793
          ],
          [
            77.203654,
            28.6136715
          ],
          [
            77.20386,
            28.6136611
          ]
        ]
      }
    },
    {
      "type": "Feature",
      "id": "osm-43858236",
      "properties": {
        "osmid": 43858236,
        "name": "Local Corridor",
        "highway": "service",
        "highwayCategory": "Galli / Local Lane",
        "isGalli": true
      },
      "geometry": {
        "type": "LineString",
        "coordinates": [
          [
            77.2017888,
            28.6140313
          ],
          [
            77.2017847,
            28.6139624
          ],
          [
            77.2017732,
            28.6137665
          ],
          [
            77.2017399,
            28.6131902
          ],
          [
            77.2017226,
            28.6129062
          ],
          [
            77.2016633,
            28.6118978
          ],
          [
            77.2016135,
            28.6110512
          ]
        ]
      }
    },
    {
      "type": "Feature",
      "id": "osm-44076125",
      "properties": {
        "osmid": 44076125,
        "name": "Local Corridor",
        "highway": "service",
        "highwayCategory": "Galli / Local Lane",
        "isGalli": true
      },
      "geometry": {
        "type": "LineString",
        "coordinates": [
          [
            77.1689506,
            28.5574417
          ],
          [
            77.168996,
            28.5574122
          ],
          [
            77.1690387,
            28.5573784
          ],
          [
            77.1692891,
            28.5571801
          ],
          [
            77.1693021,
            28.5571663
          ],
          [
            77.169306,
            28.5571575
          ],
          [
            77.1693092,
            28.5571474
          ],
          [
            77.1693104,
            28.5571427
          ],
          [
            77.1693106,
            28.5571364
          ],
          [
            77.1691831,
            28.5567063
          ],
          [
            77.1691835,
            28.556686
          ],
          [
            77.169189,
            28.5566708
          ],
          [
            77.1692039,
            28.5566548
          ],
          [
            77.169213,
            28.5566495
          ],
          [
            77.1696448,
            28.5563029
          ],
          [
            77.1693916,
            28.5560362
          ],
          [
            77.1691602,
            28.5562281
          ],
          [
            77.1689384,
            28.5564121
          ]
        ]
      }
    },
    {
      "type": "Feature",
      "id": "osm-44076130",
      "properties": {
        "osmid": 44076130,
        "name": "Local Corridor",
        "highway": "residential",
        "highwayCategory": "Galli / Local Lane",
        "isGalli": true
      },
      "geometry": {
        "type": "LineString",
        "coordinates": [
          [
            77.2098163,
            28.5432693
          ],
          [
            77.2098106,
            28.5432076
          ],
          [
            77.2098013,
            28.5431078
          ],
          [
            77.2097938,
            28.5429829
          ],
          [
            77.2097991,
            28.5428851
          ],
          [
            77.2097911,
            28.5428061
          ],
          [
            77.2097683,
            28.5426889
          ],
          [
            77.2097088,
            28.5424707
          ]
        ]
      }
    },
    {
      "type": "Feature",
      "id": "osm-44076159",
      "properties": {
        "osmid": 44076159,
        "name": "Benito Juarez Marg",
        "highway": "tertiary",
        "highwayCategory": "Municipal Thoroughfare",
        "isGalli": false
      },
      "geometry": {
        "type": "LineString",
        "coordinates": [
          [
            77.1595312,
            28.5754127
          ],
          [
            77.1597653,
            28.5753915
          ],
          [
            77.1599281,
            28.5754201
          ],
          [
            77.1600277,
            28.5754889
          ],
          [
            77.1604948,
            28.5758119
          ],
          [
            77.1611396,
            28.5762638
          ],
          [
            77.1612385,
            28.5763358
          ],
          [
            77.1613004,
            28.5763808
          ],
          [
            77.1615011,
            28.5765269
          ],
          [
            77.1617347,
            28.5767741
          ],
          [
            77.161842,
            28.5768877
          ],
          [
            77.1618659,
            28.576913
          ],
          [
            77.162185,
            28.5773363
          ],
          [
            77.1622234,
            28.5774309
          ],
          [
            77.1623381,
            28.5777138
          ],
          [
            77.1624228,
            28.5782086
          ],
          [
            77.1624394,
            28.5787819
          ],
          [
            77.1624977,
            28.5792525
          ],
          [
            77.1626051,
            28.5796957
          ],
          [
            77.1626815,
            28.5798565
          ],
          [
            77.1627777,
            28.5800589
          ],
          [
            77.1632207,
            28.5807911
          ],
          [
            77.1632935,
            28.5809287
          ],
          [
            77.1636864,
            28.5816576
          ],
          [
            77.1637417,
            28.5818664
          ],
          [
            77.1637521,
            28.5821524
          ],
          [
            77.163758,
            28.5825842
          ],
          [
            77.1637906,
            28.5827215
          ],
          [
            77.1638688,
            28.5828559
          ],
          [
            77.1643435,
            28.5832641
          ]
        ]
      }
    },
    {
      "type": "Feature",
      "id": "osm-44076162",
      "properties": {
        "osmid": 44076162,
        "name": "Local Corridor",
        "highway": "secondary",
        "highwayCategory": "Municipal Thoroughfare",
        "isGalli": false
      },
      "geometry": {
        "type": "LineString",
        "coordinates": [
          [
            77.1576449,
            28.5761943
          ],
          [
            77.157749,
            28.576372
          ],
          [
            77.1579942,
            28.5767988
          ],
          [
            77.1581524,
            28.5770742
          ],
          [
            77.158172,
            28.5771483
          ],
          [
            77.1581867,
            28.577226
          ],
          [
            77.1581706,
            28.5773249
          ],
          [
            77.1581612,
            28.5773664
          ],
          [
            77.1581545,
            28.5773956
          ],
          [
            77.1581256,
            28.5774583
          ],
          [
            77.1580015,
            28.5776907
          ],
          [
            77.1579722,
            28.5777489
          ],
          [
            77.1579453,
            28.5778196
          ],
          [
            77.1579172,
            28.5779129
          ],
          [
            77.1578944,
            28.5780233
          ],
          [
            77.1578743,
            28.5781576
          ],
          [
            77.1578568,
            28.5782683
          ],
          [
            77.1578577,
            28.5783779
          ],
          [
            77.1578635,
            28.5784579
          ],
          [
            77.1578783,
            28.5785544
          ],
          [
            77.1579186,
            28.5787069
          ],
          [
            77.158017,
            28.5789651
          ],
          [
            77.1582814,
            28.5794549
          ],
          [
            77.1589901,
            28.5808008
          ]
        ]
      }
    },
    {
      "type": "Feature",
      "id": "osm-44091404",
      "properties": {
        "osmid": 44091404,
        "name": "Local Corridor",
        "highway": "service",
        "highwayCategory": "Galli / Local Lane",
        "isGalli": true
      },
      "geometry": {
        "type": "LineString",
        "coordinates": [
          [
            77.1871235,
            28.5397068
          ],
          [
            77.1867944,
            28.5398009
          ],
          [
            77.1866464,
            28.5398323
          ],
          [
            77.1865819,
            28.5398434
          ],
          [
            77.1864795,
            28.5398591
          ],
          [
            77.186344,
            28.5398862
          ],
          [
            77.1862891,
            28.539899
          ],
          [
            77.1862107,
            28.5399172
          ],
          [
            77.1860822,
            28.5399403
          ],
          [
            77.1860046,
            28.5399537
          ],
          [
            77.1859437,
            28.5399642
          ],
          [
            77.1854627,
            28.540051
          ]
        ]
      }
    },
    {
      "type": "Feature",
      "id": "osm-44091406",
      "properties": {
        "osmid": 44091406,
        "name": "Local Corridor",
        "highway": "service",
        "highwayCategory": "Galli / Local Lane",
        "isGalli": true
      },
      "geometry": {
        "type": "LineString",
        "coordinates": [
          [
            77.18479,
            28.54041
          ],
          [
            77.1848995,
            28.5403656
          ],
          [
            77.1849939,
            28.5403253
          ],
          [
            77.1851183,
            28.5402773
          ],
          [
            77.1854905,
            28.540137
          ]
        ]
      }
    },
    {
      "type": "Feature",
      "id": "osm-44092240",
      "properties": {
        "osmid": 44092240,
        "name": "Local Corridor",
        "highway": "service",
        "highwayCategory": "Galli / Local Lane",
        "isGalli": true
      },
      "geometry": {
        "type": "LineString",
        "coordinates": [
          [
            77.2018545,
            28.5387041
          ],
          [
            77.20187,
            28.5387473
          ],
          [
            77.201914,
            28.5388732
          ],
          [
            77.2019655,
            28.539024
          ],
          [
            77.2020435,
            28.5393165
          ],
          [
            77.2020479,
            28.5393592
          ],
          [
            77.2020471,
            28.5393847
          ],
          [
            77.2020422,
            28.5394072
          ],
          [
            77.2020093,
            28.5394885
          ],
          [
            77.2020026,
            28.5395327
          ],
          [
            77.2020187,
            28.5396223
          ],
          [
            77.2020643,
            28.5397477
          ],
          [
            77.2022582,
            28.5401321
          ],
          [
            77.2024667,
            28.5407668
          ],
          [
            77.2024774,
            28.540811
          ],
          [
            77.2024787,
            28.5408569
          ],
          [
            77.2024687,
            28.5409159
          ],
          [
            77.2024747,
            28.5409795
          ],
          [
            77.2024797,
            28.5410063
          ],
          [
            77.2024976,
            28.5410598
          ],
          [
            77.2027047,
            28.5415026
          ]
        ]
      }
    },
    {
      "type": "Feature",
      "id": "osm-44092241",
      "properties": {
        "osmid": 44092241,
        "name": "Local Corridor",
        "highway": "service",
        "highwayCategory": "Galli / Local Lane",
        "isGalli": true
      },
      "geometry": {
        "type": "LineString",
        "coordinates": [
          [
            77.2011072,
            28.5411201
          ],
          [
            77.2015832,
            28.5409418
          ],
          [
            77.2015924,
            28.5409341
          ],
          [
            77.2015946,
            28.540925
          ],
          [
            77.2013866,
            28.5405041
          ],
          [
            77.2013855,
            28.5404948
          ],
          [
            77.2013877,
            28.5404876
          ],
          [
            77.2013953,
            28.5404807
          ],
          [
            77.202017,
            28.5402078
          ],
          [
            77.2022582,
            28.5401321
          ]
        ]
      }
    },
    {
      "type": "Feature",
      "id": "osm-44128935",
      "properties": {
        "osmid": 44128935,
        "name": "Local Corridor",
        "highway": "service",
        "highwayCategory": "Galli / Local Lane",
        "isGalli": true
      },
      "geometry": {
        "type": "LineString",
        "coordinates": [
          [
            77.1847765,
            28.5387303
          ],
          [
            77.1845689,
            28.5388032
          ],
          [
            77.1843634,
            28.5388717
          ],
          [
            77.1843119,
            28.5388958
          ],
          [
            77.184286,
            28.5389219
          ],
          [
            77.1842796,
            28.5389494
          ],
          [
            77.1842884,
            28.5389852
          ],
          [
            77.1843652,
            28.5391507
          ],
          [
            77.1843975,
            28.5391799
          ],
          [
            77.184435,
            28.5391911
          ],
          [
            77.1845079,
            28.5391817
          ],
          [
            77.1846716,
            28.5391272
          ],
          [
            77.1849062,
            28.5390371
          ]
        ]
      }
    },
    {
      "type": "Feature",
      "id": "osm-44141125",
      "properties": {
        "osmid": 44141125,
        "name": "Dariba Kalan",
        "highway": "residential",
        "highwayCategory": "Galli / Local Lane",
        "isGalli": true
      },
      "geometry": {
        "type": "LineString",
        "coordinates": [
          [
            77.2339807,
            28.6530162
          ],
          [
            77.2337481,
            28.6535328
          ],
          [
            77.2336853,
            28.6536547
          ],
          [
            77.2336427,
            28.6537217
          ],
          [
            77.2335284,
            28.6539341
          ],
          [
            77.2334799,
            28.6540847
          ],
          [
            77.2333873,
            28.6546423
          ],
          [
            77.233493,
            28.6553845
          ],
          [
            77.2335233,
            28.6557963
          ],
          [
            77.2335499,
            28.6561041
          ],
          [
            77.2335542,
            28.6562033
          ]
        ]
      }
    },
    {
      "type": "Feature",
      "id": "osm-44141146",
      "properties": {
        "osmid": 44141146,
        "name": "Kinari Bazar",
        "highway": "residential",
        "highwayCategory": "Galli / Local Lane",
        "isGalli": true
      },
      "geometry": {
        "type": "LineString",
        "coordinates": [
          [
            77.2333873,
            28.6546423
          ],
          [
            77.2328613,
            28.6548186
          ],
          [
            77.2327304,
            28.6548803
          ],
          [
            77.2325739,
            28.6549441
          ],
          [
            77.2324619,
            28.6549898
          ],
          [
            77.2322782,
            28.655031
          ],
          [
            77.2322052,
            28.6550473
          ],
          [
            77.2319252,
            28.6551275
          ],
          [
            77.2317861,
            28.6551754
          ],
          [
            77.2317014,
            28.655213
          ],
          [
            77.231586,
            28.6552659
          ],
          [
            77.2313613,
            28.6553681
          ],
          [
            77.2312558,
            28.6554092
          ],
          [
            77.2309954,
            28.6555204
          ],
          [
            77.2308989,
            28.6555785
          ],
          [
            77.2308431,
            28.655607
          ],
          [
            77.2304976,
            28.6557784
          ],
          [
            77.230428,
            28.6558069
          ],
          [
            77.2303809,
            28.6558227
          ]
        ]
      }
    },
    {
      "type": "Feature",
      "id": "osm-44141276",
      "properties": {
        "osmid": 44141276,
        "name": "Paranthe Wali Gali",
        "highway": "residential",
        "highwayCategory": "Galli / Local Lane",
        "isGalli": true
      },
      "geometry": {
        "type": "LineString",
        "coordinates": [
          [
            77.2306589,
            28.6562469
          ],
          [
            77.2306569,
            28.6562144
          ],
          [
            77.2306498,
            28.6560932
          ],
          [
            77.2306466,
            28.6560877
          ],
          [
            77.2306422,
            28.6560839
          ],
          [
            77.2306355,
            28.6560813
          ],
          [
            77.2306246,
            28.6560811
          ],
          [
            77.2304381,
            28.6560825
          ],
          [
            77.2304147,
            28.6560763
          ],
          [
            77.2304025,
            28.6560655
          ],
          [
            77.2303962,
            28.6560498
          ],
          [
            77.2303859,
            28.6558977
          ],
          [
            77.2303809,
            28.6558227
          ]
        ]
      }
    },
    {
      "type": "Feature",
      "id": "osm-44141299",
      "properties": {
        "osmid": 44141299,
        "name": "Nai Sarak",
        "highway": "unclassified",
        "highwayCategory": "Galli / Local Lane",
        "isGalli": true
      },
      "geometry": {
        "type": "LineString",
        "coordinates": [
          [
            77.2274449,
            28.6565077
          ],
          [
            77.2274404,
            28.656405
          ],
          [
            77.2274133,
            28.6559125
          ],
          [
            77.2274143,
            28.655873
          ],
          [
            77.2274016,
            28.6554545
          ],
          [
            77.2274174,
            28.6552768
          ],
          [
            77.2274468,
            28.6551367
          ],
          [
            77.2274905,
            28.6550373
          ],
          [
            77.2275418,
            28.6549403
          ],
          [
            77.2276288,
            28.6547969
          ],
          [
            77.2276774,
            28.6547246
          ],
          [
            77.2277789,
            28.6545565
          ],
          [
            77.2279094,
            28.6543299
          ],
          [
            77.2282315,
            28.6538153
          ],
          [
            77.2284053,
            28.6535355
          ],
          [
            77.2285546,
            28.6533313
          ],
          [
            77.2288439,
            28.6528773
          ],
          [
            77.2293584,
            28.6520701
          ],
          [
            77.2294505,
            28.6519218
          ],
          [
            77.230327,
            28.6505104
          ]
        ]
      }
    },
    {
      "type": "Feature",
      "id": "osm-44141357",
      "properties": {
        "osmid": 44141357,
        "name": "Chandni Chowk",
        "highway": "tertiary",
        "highwayCategory": "Municipal Thoroughfare",
        "isGalli": false
      },
      "geometry": {
        "type": "LineString",
        "coordinates": [
          [
            77.2364301,
            28.6559622
          ],
          [
            77.2354413,
            28.6560109
          ],
          [
            77.234775,
            28.6560437
          ],
          [
            77.2346943,
            28.6560477
          ],
          [
            77.2335499,
            28.6561041
          ],
          [
            77.2321668,
            28.6561722
          ],
          [
            77.2306589,
            28.6562469
          ],
          [
            77.2299082,
            28.6562834
          ],
          [
            77.2297261,
            28.6562924
          ],
          [
            77.2296739,
            28.6562948
          ],
          [
            77.2293246,
            28.6563134
          ],
          [
            77.2290821,
            28.6563239
          ],
          [
            77.2287865,
            28.6563387
          ],
          [
            77.2279488,
            28.6563808
          ],
          [
            77.2274404,
            28.656405
          ],
          [
            77.2270605,
            28.6564237
          ],
          [
            77.2269499,
            28.6564291
          ],
          [
            77.2262607,
            28.6564631
          ],
          [
            77.2255779,
            28.6564967
          ],
          [
            77.2252034,
            28.6565152
          ],
          [
            77.2248875,
            28.656532
          ],
          [
            77.2242358,
            28.6565628
          ],
          [
            77.2242244,
            28.6565634
          ],
          [
            77.2242131,
            28.6565639
          ],
          [
            77.2241584,
            28.6565666
          ],
          [
            77.2235705,
            28.6565956
          ],
          [
            77.22331,
            28.6566084
          ],
          [
            77.2232732,
            28.6566102
          ]
        ]
      }
    }
  ]
}