{
  "type": "FeatureCollection",
  "features": [
    {
      "type": "Feature",
      "id": "osm-22846821",
      "properties": {
        "osmid": 22846821,
        "name": "Mahul Road",
        "highway": "tertiary",
        "highwayCategory": "Municipal Thoroughfare",
        "isGalli": false
      },
      "geometry": {
        "type": "LineString",
        "coordinates": [
          [
            72.8898947,
            19.0276328
          ],
          [
            72.8898997,
            19.0274842
          ],
          [
            72.8900126,
            19.0247172
          ],
          [
            72.890023,
            19.024462
          ],
          [
            72.8901623,
            19.0210455
          ],
          [
            72.8901652,
            19.0209759
          ],
          [
            72.8901696,
            19.0208673
          ]
        ]
      }
    },
    {
      "type": "Feature",
      "id": "osm-22847258",
      "properties": {
        "osmid": 22847258,
        "name": "Local Street",
        "highway": "residential",
        "highwayCategory": "Galli / Local Lane",
        "isGalli": true
      },
      "geometry": {
        "type": "LineString",
        "coordinates": [
          [
            72.8568926,
            19.0268125
          ],
          [
            72.85697,
            19.0268241
          ],
          [
            72.8576025,
            19.0268726
          ],
          [
            72.8591329,
            19.0269846
          ]
        ]
      }
    },
    {
      "type": "Feature",
      "id": "osm-22847260",
      "properties": {
        "osmid": 22847260,
        "name": "Scheme 57 Road no.1A",
        "highway": "residential",
        "highwayCategory": "Galli / Local Lane",
        "isGalli": true
      },
      "geometry": {
        "type": "LineString",
        "coordinates": [
          [
            72.8576245,
            19.027468
          ],
          [
            72.8586997,
            19.0275505
          ]
        ]
      }
    },
    {
      "type": "Feature",
      "id": "osm-22847261",
      "properties": {
        "osmid": 22847261,
        "name": "I D Bhuva Road",
        "highway": "residential",
        "highwayCategory": "Galli / Local Lane",
        "isGalli": true
      },
      "geometry": {
        "type": "LineString",
        "coordinates": [
          [
            72.8574082,
            19.0217941
          ],
          [
            72.8577945,
            19.0217668
          ],
          [
            72.8583957,
            19.0217244
          ],
          [
            72.858645,
            19.0217068
          ],
          [
            72.8588923,
            19.0216894
          ],
          [
            72.8598477,
            19.021622
          ]
        ]
      }
    },
    {
      "type": "Feature",
      "id": "osm-22847264",
      "properties": {
        "osmid": 22847264,
        "name": "Local Street",
        "highway": "residential",
        "highwayCategory": "Galli / Local Lane",
        "isGalli": true
      },
      "geometry": {
        "type": "LineString",
        "coordinates": [
          [
            72.8585499,
            19.0210802
          ],
          [
            72.8586057,
            19.0214159
          ],
          [
            72.858645,
            19.0217068
          ]
        ]
      }
    },
    {
      "type": "Feature",
      "id": "osm-22847265",
      "properties": {
        "osmid": 22847265,
        "name": "Road No 14",
        "highway": "residential",
        "highwayCategory": "Galli / Local Lane",
        "isGalli": true
      },
      "geometry": {
        "type": "LineString",
        "coordinates": [
          [
            72.8598365,
            19.0208928
          ],
          [
            72.8598477,
            19.021622
          ],
          [
            72.8598486,
            19.02185
          ],
          [
            72.8598495,
            19.0220719
          ],
          [
            72.8598387,
            19.0223459
          ],
          [
            72.8597978,
            19.0230938
          ]
        ]
      }
    },
    {
      "type": "Feature",
      "id": "osm-22847267",
      "properties": {
        "osmid": 22847267,
        "name": "Local Street",
        "highway": "service",
        "highwayCategory": "Galli / Local Lane",
        "isGalli": true
      },
      "geometry": {
        "type": "LineString",
        "coordinates": [
          [
            72.8722608,
            19.0211904
          ],
          [
            72.8722376,
            19.0211939
          ],
          [
            72.8722088,
            19.0211983
          ],
          [
            72.872201,
            19.0211995
          ],
          [
            72.8696369,
            19.0215872
          ],
          [
            72.8695789,
            19.021596
          ]
        ]
      }
    },
    {
      "type": "Feature",
      "id": "osm-22847268",
      "properties": {
        "osmid": 22847268,
        "name": "Barkat Ali Dargah Road",
        "highway": "secondary",
        "highwayCategory": "Municipal Thoroughfare",
        "isGalli": false
      },
      "geometry": {
        "type": "LineString",
        "coordinates": [
          [
            72.8654747,
            19.0182912
          ],
          [
            72.8655054,
            19.0187037
          ],
          [
            72.8655215,
            19.0189316
          ],
          [
            72.8655281,
            19.0190096
          ],
          [
            72.8655323,
            19.0190662
          ],
          [
            72.8655439,
            19.0193032
          ],
          [
            72.8655763,
            19.0194534
          ],
          [
            72.8656148,
            19.0196319
          ],
          [
            72.8656488,
            19.0198038
          ],
          [
            72.8657296,
            19.0200812
          ],
          [
            72.8658392,
            19.0204492
          ],
          [
            72.8658697,
            19.0205511
          ],
          [
            72.8659358,
            19.0207722
          ],
          [
            72.8661313,
            19.0213896
          ],
          [
            72.8661722,
            19.0216726
          ],
          [
            72.8661843,
            19.0219073
          ],
          [
            72.8661887,
            19.0220175
          ],
          [
            72.8661868,
            19.0220725
          ]
        ]
      }
    },
    {
      "type": "Feature",
      "id": "osm-22847270",
      "properties": {
        "osmid": 22847270,
        "name": "Salt Pan Road",
        "highway": "residential",
        "highwayCategory": "Galli / Local Lane",
        "isGalli": true
      },
      "geometry": {
        "type": "LineString",
        "coordinates": [
          [
            72.8702285,
            19.0176229
          ],
          [
            72.8702544,
            19.017702
          ],
          [
            72.8702952,
            19.017806
          ],
          [
            72.8704947,
            19.0179571
          ],
          [
            72.8707694,
            19.0183141
          ],
          [
            72.8713852,
            19.0191449
          ],
          [
            72.8717012,
            19.0196115
          ],
          [
            72.8720301,
            19.0201612
          ],
          [
            72.8723153,
            19.0208145
          ],
          [
            72.8722608,
            19.0211904
          ]
        ]
      }
    },
    {
      "type": "Feature",
      "id": "osm-22847308",
      "properties": {
        "osmid": 22847308,
        "name": "Scheme 57 Road no.14A",
        "highway": "residential",
        "highwayCategory": "Galli / Local Lane",
        "isGalli": true
      },
      "geometry": {
        "type": "LineString",
        "coordinates": [
          [
            72.8597362,
            19.0249805
          ],
          [
            72.8595085,
            19.0260227
          ],
          [
            72.8591329,
            19.0269846
          ],
          [
            72.8588742,
            19.0273422
          ],
          [
            72.8586997,
            19.0275505
          ],
          [
            72.858495,
            19.027809
          ],
          [
            72.8582218,
            19.0280679
          ],
          [
            72.8579436,
            19.0282693
          ],
          [
            72.8578324,
            19.0283498
          ],
          [
            72.8575999,
            19.0284784
          ],
          [
            72.8574952,
            19.0285063
          ],
          [
            72.8573933,
            19.0284987
          ],
          [
            72.8571827,
            19.028382
          ],
          [
            72.8570339,
            19.0282692
          ],
          [
            72.8568992,
            19.0282093
          ]
        ]
      }
    },
    {
      "type": "Feature",
      "id": "osm-22847314",
      "properties": {
        "osmid": 22847314,
        "name": "Samadhan Road",
        "highway": "residential",
        "highwayCategory": "Galli / Local Lane",
        "isGalli": true
      },
      "geometry": {
        "type": "LineString",
        "coordinates": [
          [
            72.8694406,
            19.0257696
          ],
          [
            72.8695548,
            19.025805
          ],
          [
            72.8701976,
            19.0257566
          ],
          [
            72.8704947,
            19.025722
          ],
          [
            72.8710208,
            19.0256608
          ],
          [
            72.8710885,
            19.0255981
          ]
        ]
      }
    },
    {
      "type": "Feature",
      "id": "osm-22847339",
      "properties": {
        "osmid": 22847339,
        "name": "Road No 32",
        "highway": "tertiary",
        "highwayCategory": "Municipal Thoroughfare",
        "isGalli": false
      },
      "geometry": {
        "type": "LineString",
        "coordinates": [
          [
            72.8607162,
            19.0343746
          ],
          [
            72.8605868,
            19.0340753
          ],
          [
            72.8602453,
            19.0332859
          ],
          [
            72.8601765,
            19.0331269
          ],
          [
            72.8600748,
            19.0328917
          ],
          [
            72.8596582,
            19.0319284
          ]
        ]
      }
    },
    {
      "type": "Feature",
      "id": "osm-22847342",
      "properties": {
        "osmid": 22847342,
        "name": "G Dardi Marg",
        "highway": "residential",
        "highwayCategory": "Galli / Local Lane",
        "isGalli": true
      },
      "geometry": {
        "type": "LineString",
        "coordinates": [
          [
            72.865539,
            19.0337588
          ],
          [
            72.8655559,
            19.0338057
          ],
          [
            72.8657994,
            19.0342671
          ],
          [
            72.8658369,
            19.0343635
          ],
          [
            72.8658369,
            19.0344751
          ],
          [
            72.865786,
            19.034541
          ],
          [
            72.865051,
            19.0348402
          ],
          [
            72.8649598,
            19.0348579
          ],
          [
            72.864882,
            19.0348554
          ],
          [
            72.8647855,
            19.0348123
          ],
          [
            72.8646755,
            19.0347058
          ],
          [
            72.8645897,
            19.0345232
          ],
          [
            72.8644356,
            19.0340164
          ],
          [
            72.8644279,
            19.0339753
          ]
        ]
      }
    },
    {
      "type": "Feature",
      "id": "osm-22847355",
      "properties": {
        "osmid": 22847355,
        "name": "Road No 32A",
        "highway": "tertiary",
        "highwayCategory": "Municipal Thoroughfare",
        "isGalli": false
      },
      "geometry": {
        "type": "LineString",
        "coordinates": [
          [
            72.8607162,
            19.0343746
          ],
          [
            72.8604718,
            19.0344485
          ],
          [
            72.8600111,
            19.0346035
          ]
        ]
      }
    },
    {
      "type": "Feature",
      "id": "osm-22847357",
      "properties": {
        "osmid": 22847357,
        "name": "L Kasbe Marg",
        "highway": "residential",
        "highwayCategory": "Galli / Local Lane",
        "isGalli": true
      },
      "geometry": {
        "type": "LineString",
        "coordinates": [
          [
            72.8674422,
            19.0353486
          ],
          [
            72.8673706,
            19.0353867
          ],
          [
            72.8665826,
            19.0358062
          ],
          [
            72.8665236,
            19.0358392
          ],
          [
            72.8665021,
            19.0358721
          ],
          [
            72.866486,
            19.0359558
          ],
          [
            72.8664431,
            19.0360699
          ],
          [
            72.8664216,
            19.0361257
          ],
          [
            72.8663546,
            19.0362195
          ],
          [
            72.8661078,
            19.03643
          ],
          [
            72.8655834,
            19.0368779
          ]
        ]
      }
    },
    {
      "type": "Feature",
      "id": "osm-22847383",
      "properties": {
        "osmid": 22847383,
        "name": "Mahatma Gandhi Road",
        "highway": "residential",
        "highwayCategory": "Galli / Local Lane",
        "isGalli": true
      },
      "geometry": {
        "type": "LineString",
        "coordinates": [
          [
            72.8563286,
            19.0419912
          ],
          [
            72.8564139,
            19.041928
          ],
          [
            72.8565003,
            19.041864
          ],
          [
            72.8565845,
            19.0418016
          ],
          [
            72.8566508,
            19.0417524
          ],
          [
            72.8567855,
            19.0416526
          ],
          [
            72.8568384,
            19.0416133
          ],
          [
            72.8569688,
            19.0415167
          ],
          [
            72.8571092,
            19.0414127
          ],
          [
            72.8571333,
            19.0413948
          ],
          [
            72.8572288,
            19.041324
          ],
          [
            72.85732,
            19.0412564
          ],
          [
            72.8574018,
            19.0411958
          ],
          [
            72.8574372,
            19.0411695
          ],
          [
            72.8574855,
            19.0411338
          ],
          [
            72.8575729,
            19.041069
          ],
          [
            72.8576921,
            19.0409806
          ],
          [
            72.8577489,
            19.0409385
          ],
          [
            72.8578323,
            19.0408768
          ],
          [
            72.857966,
            19.0407776
          ],
          [
            72.8580876,
            19.0406875
          ],
          [
            72.8581616,
            19.0406327
          ],
          [
            72.8583054,
            19.0405261
          ]
        ]
      }
    },
    {
      "type": "Feature",
      "id": "osm-22847389",
      "properties": {
        "osmid": 22847389,
        "name": "Salt Pan Road",
        "highway": "residential",
        "highwayCategory": "Galli / Local Lane",
        "isGalli": true
      },
      "geometry": {
        "type": "LineString",
        "coordinates": [
          [
            72.8720025,
            19.0285131
          ],
          [
            72.8723632,
            19.0284738
          ],
          [
            72.8729468,
            19.0282872
          ],
          [
            72.8730883,
            19.0282577
          ],
          [
            72.8732537,
            19.0282232
          ],
          [
            72.8733214,
            19.0281948
          ],
          [
            72.8734501,
            19.0281407
          ],
          [
            72.8735641,
            19.0280239
          ],
          [
            72.8736066,
            19.0279886
          ],
          [
            72.8736791,
            19.0279284
          ],
          [
            72.8739117,
            19.027722
          ],
          [
            72.8739927,
            19.0275333
          ],
          [
            72.8741492,
            19.0271803
          ],
          [
            72.8743379,
            19.0269253
          ],
          [
            72.8743447,
            19.0267996
          ],
          [
            72.8743493,
            19.026715
          ],
          [
            72.8742906,
            19.026043
          ],
          [
            72.8741183,
            19.0257285
          ],
          [
            72.8740259,
            19.0254735
          ],
          [
            72.8739234,
            19.0251905
          ],
          [
            72.8737453,
            19.0247621
          ],
          [
            72.8736937,
            19.0246957
          ],
          [
            72.8735589,
            19.0245222
          ],
          [
            72.8733331,
            19.0244005
          ],
          [
            72.8731125,
            19.024436
          ]
        ]
      }
    },
    {
      "type": "Feature",
      "id": "osm-22847392",
      "properties": {
        "osmid": 22847392,
        "name": "Local Street",
        "highway": "residential",
        "highwayCategory": "Galli / Local Lane",
        "isGalli": true
      },
      "geometry": {
        "type": "LineString",
        "coordinates": [
          [
            72.8575499,
            19.0224095
          ],
          [
            72.8578774,
            19.0223958
          ],
          [
            72.8580523,
            19.0223914
          ],
          [
            72.8584489,
            19.0223813
          ],
          [
            72.8586793,
            19.0223754
          ],
          [
            72.8598387,
            19.0223459
          ]
        ]
      }
    },
    {
      "type": "Feature",
      "id": "osm-22847399",
      "properties": {
        "osmid": 22847399,
        "name": "Road No 27",
        "highway": "residential",
        "highwayCategory": "Galli / Local Lane",
        "isGalli": true
      },
      "geometry": {
        "type": "LineString",
        "coordinates": [
          [
            72.864634,
            19.0418
          ],
          [
            72.8647506,
            19.0421348
          ],
          [
            72.8647838,
            19.04223
          ],
          [
            72.8648144,
            19.0423179
          ],
          [
            72.8648377,
            19.0423846
          ],
          [
            72.8648454,
            19.0424069
          ],
          [
            72.8648516,
            19.0424247
          ],
          [
            72.8648836,
            19.0425166
          ],
          [
            72.8648986,
            19.0425595
          ],
          [
            72.865011,
            19.0428821
          ],
          [
            72.8651371,
            19.0432461
          ],
          [
            72.8651442,
            19.0432665
          ],
          [
            72.8654292,
            19.0440907
          ]
        ]
      }
    },
    {
      "type": "Feature",
      "id": "osm-22847414",
      "properties": {
        "osmid": 22847414,
        "name": "Local Street",
        "highway": "tertiary",
        "highwayCategory": "Municipal Thoroughfare",
        "isGalli": false
      },
      "geometry": {
        "type": "LineString",
        "coordinates": [
          [
            72.8598345,
            19.0318153
          ],
          [
            72.8596582,
            19.0319284
          ],
          [
            72.8595392,
            19.0319691
          ],
          [
            72.8588047,
            19.0322205
          ]
        ]
      }
    },
    {
      "type": "Feature",
      "id": "osm-22847415",
      "properties": {
        "osmid": 22847415,
        "name": "Local Street",
        "highway": "service",
        "highwayCategory": "Galli / Local Lane",
        "isGalli": true
      },
      "geometry": {
        "type": "LineString",
        "coordinates": [
          [
            72.8588742,
            19.0273422
          ],
          [
            72.8594129,
            19.0276585
          ]
        ]
      }
    },
    {
      "type": "Feature",
      "id": "osm-22847416",
      "properties": {
        "osmid": 22847416,
        "name": "Puranmal Singhani Road",
        "highway": "residential",
        "highwayCategory": "Galli / Local Lane",
        "isGalli": true
      },
      "geometry": {
        "type": "LineString",
        "coordinates": [
          [
            72.8571466,
            19.0246664
          ],
          [
            72.8597362,
            19.0249805
          ],
          [
            72.8602972,
            19.025054
          ]
        ]
      }
    },
    {
      "type": "Feature",
      "id": "osm-22847417",
      "properties": {
        "osmid": 22847417,
        "name": "P B Sule Marg",
        "highway": "residential",
        "highwayCategory": "Galli / Local Lane",
        "isGalli": true
      },
      "geometry": {
        "type": "LineString",
        "coordinates": [
          [
            72.8570085,
            19.0229673
          ],
          [
            72.8570859,
            19.0229789
          ],
          [
            72.8576834,
            19.0230053
          ],
          [
            72.8587064,
            19.0230481
          ],
          [
            72.8597978,
            19.0230938
          ],
          [
            72.8605062,
            19.0231655
          ],
          [
            72.8606033,
            19.0231778
          ],
          [
            72.8606683,
            19.0231839
          ],
          [
            72.8607568,
            19.0231978
          ]
        ]
      }
    },
    {
      "type": "Feature",
      "id": "osm-22847482",
      "properties": {
        "osmid": 22847482,
        "name": "Road No 2",
        "highway": "residential",
        "highwayCategory": "Galli / Local Lane",
        "isGalli": true
      },
      "geometry": {
        "type": "LineString",
        "coordinates": [
          [
            72.8676762,
            19.0442683
          ],
          [
            72.8662063,
            19.0444849
          ],
          [
            72.8647894,
            19.0447017
          ]
        ]
      }
    },
    {
      "type": "Feature",
      "id": "osm-22847493",
      "properties": {
        "osmid": 22847493,
        "name": "Road No 28A",
        "highway": "residential",
        "highwayCategory": "Galli / Local Lane",
        "isGalli": true
      },
      "geometry": {
        "type": "LineString",
        "coordinates": [
          [
            72.8627924,
            19.038346
          ],
          [
            72.862845,
            19.0388524
          ],
          [
            72.8629157,
            19.0392776
          ],
          [
            72.8629723,
            19.0394421
          ],
          [
            72.8629752,
            19.0394471
          ],
          [
            72.8630313,
            19.0395436
          ],
          [
            72.8634692,
            19.0401518
          ],
          [
            72.864126,
            19.0410932
          ],
          [
            72.8641604,
            19.0411426
          ],
          [
            72.864634,
            19.0418
          ]
        ]
      }
    },
    {
      "type": "Feature",
      "id": "osm-22847497",
      "properties": {
        "osmid": 22847497,
        "name": "Road No 15",
        "highway": "residential",
        "highwayCategory": "Galli / Local Lane",
        "isGalli": true
      },
      "geometry": {
        "type": "LineString",
        "coordinates": [
          [
            72.8619276,
            19.0384454
          ],
          [
            72.8627924,
            19.038346
          ],
          [
            72.8632817,
            19.0382868
          ]
        ]
      }
    },
    {
      "type": "Feature",
      "id": "osm-22847521",
      "properties": {
        "osmid": 22847521,
        "name": "Road No 28B",
        "highway": "residential",
        "highwayCategory": "Galli / Local Lane",
        "isGalli": true
      },
      "geometry": {
        "type": "LineString",
        "coordinates": [
          [
            72.862694,
            19.0406484
          ],
          [
            72.8630785,
            19.0404021
          ],
          [
            72.8634692,
            19.0401518
          ]
        ]
      }
    },
    {
      "type": "Feature",
      "id": "osm-22847564",
      "properties": {
        "osmid": 22847564,
        "name": "Nana Phadnavis Flyover",
        "highway": "primary",
        "highwayCategory": "Municipal Thoroughfare",
        "isGalli": false
      },
      "geometry": {
        "type": "LineString",
        "coordinates": [
          [
            72.862647,
            19.0186419
          ],
          [
            72.8633975,
            19.0185547
          ]
        ]
      }
    },
    {
      "type": "Feature",
      "id": "osm-22847603",
      "properties": {
        "osmid": 22847603,
        "name": "Kokri Agar Road",
        "highway": "residential",
        "highwayCategory": "Galli / Local Lane",
        "isGalli": true
      },
      "geometry": {
        "type": "LineString",
        "coordinates": [
          [
            72.8670411,
            19.032017
          ],
          [
            72.8676625,
            19.0324158
          ],
          [
            72.868197,
            19.0327168
          ],
          [
            72.8685808,
            19.0329329
          ],
          [
            72.8686827,
            19.0329436
          ],
          [
            72.8690638,
            19.0328825
          ],
          [
            72.8693839,
            19.0328165
          ],
          [
            72.8695115,
            19.0327934
          ],
          [
            72.8709171,
            19.0325478
          ],
          [
            72.8717791,
            19.0324566
          ],
          [
            72.8719773,
            19.0324925
          ],
          [
            72.8721268,
            19.0325195
          ],
          [
            72.8721444,
            19.0325227
          ],
          [
            72.8723051,
            19.0328069
          ],
          [
            72.87231,
            19.0328264
          ],
          [
            72.8726149,
            19.0338868
          ],
          [
            72.8726283,
            19.0339705
          ],
          [
            72.8726363,
            19.0340643
          ],
          [
            72.8726338,
            19.0341125
          ],
          [
            72.8725431,
            19.0357251
          ],
          [
            72.8725505,
            19.0358062
          ],
          [
            72.872558,
            19.0358375
          ],
          [
            72.8725693,
            19.0358848
          ],
          [
            72.8726113,
            19.0359823
          ],
          [
            72.8726678,
            19.0361135
          ],
          [
            72.872777,
            19.0363672
          ]
        ]
      }
    },
    {
      "type": "Feature",
      "id": "osm-22847651",
      "properties": {
        "osmid": 22847651,
        "name": "R Jaimal Yagnik Road",
        "highway": "residential",
        "highwayCategory": "Galli / Local Lane",
        "isGalli": true
      },
      "geometry": {
        "type": "LineString",
        "coordinates": [
          [
            72.8655834,
            19.0368779
          ],
          [
            72.8655407,
            19.0368273
          ],
          [
            72.8649942,
            19.0361798
          ],
          [
            72.8646632,
            19.0357658
          ],
          [
            72.8643979,
            19.0354341
          ],
          [
            72.8643751,
            19.0354056
          ],
          [
            72.8641498,
            19.0351166
          ],
          [
            72.8639191,
            19.0347768
          ],
          [
            72.8635177,
            19.0341649
          ]
        ]
      }
    },
    {
      "type": "Feature",
      "id": "osm-22847698",
      "properties": {
        "osmid": 22847698,
        "name": "Chidambaram Marg",
        "highway": "residential",
        "highwayCategory": "Galli / Local Lane",
        "isGalli": true
      },
      "geometry": {
        "type": "LineString",
        "coordinates": [
          [
            72.8674139,
            19.0437674
          ],
          [
            72.8672587,
            19.0437923
          ],
          [
            72.8669432,
            19.0438428
          ],
          [
            72.8665186,
            19.0439109
          ],
          [
            72.8665024,
            19.0439126
          ],
          [
            72.8663641,
            19.0439355
          ],
          [
            72.8661182,
            19.0439747
          ],
          [
            72.8654292,
            19.0440907
          ],
          [
            72.8649173,
            19.0441749
          ]
        ]
      }
    },
    {
      "type": "Feature",
      "id": "osm-22847709",
      "properties": {
        "osmid": 22847709,
        "name": "J K Bhasin Marg",
        "highway": "tertiary",
        "highwayCategory": "Municipal Thoroughfare",
        "isGalli": false
      },
      "geometry": {
        "type": "LineString",
        "coordinates": [
          [
            72.8634077,
            19.03417
          ],
          [
            72.8635177,
            19.0341649
          ],
          [
            72.8637716,
            19.0340744
          ],
          [
            72.8638763,
            19.0340643
          ],
          [
            72.8641727,
            19.0340355
          ],
          [
            72.8644356,
            19.0340164
          ],
          [
            72.8649867,
            19.0339462
          ],
          [
            72.8651733,
            19.0339101
          ],
          [
            72.8651909,
            19.0339053
          ],
          [
            72.8655559,
            19.0338057
          ],
          [
            72.8659118,
            19.0336908
          ],
          [
            72.8661711,
            19.0335978
          ],
          [
            72.8664007,
            19.033532
          ],
          [
            72.86644,
            19.0335178
          ],
          [
            72.8664984,
            19.0334999
          ]
        ]
      }
    },
    {
      "type": "Feature",
      "id": "osm-22847715",
      "properties": {
        "osmid": 22847715,
        "name": "Road No 8",
        "highway": "tertiary",
        "highwayCategory": "Municipal Thoroughfare",
        "isGalli": false
      },
      "geometry": {
        "type": "LineString",
        "coordinates": [
          [
            72.8643402,
            19.0420702
          ],
          [
            72.8644646,
            19.0419706
          ],
          [
            72.864634,
            19.0418
          ],
          [
            72.8649092,
            19.0415682
          ],
          [
            72.8651797,
            19.0413405
          ],
          [
            72.8656856,
            19.040919
          ]
        ]
      }
    },
    {
      "type": "Feature",
      "id": "osm-22847732",
      "properties": {
        "osmid": 22847732,
        "name": "Road No 13",
        "highway": "residential",
        "highwayCategory": "Galli / Local Lane",
        "isGalli": true
      },
      "geometry": {
        "type": "LineString",
        "coordinates": [
          [
            72.8615909,
            19.0393008
          ],
          [
            72.8614897,
            19.03936
          ],
          [
            72.8610983,
            19.0395893
          ],
          [
            72.8608248,
            19.0397496
          ],
          [
            72.8600798,
            19.0401849
          ],
          [
            72.8598004,
            19.0403484
          ],
          [
            72.8596164,
            19.040456
          ],
          [
            72.8595114,
            19.0405174
          ]
        ]
      }
    },
    {
      "type": "Feature",
      "id": "osm-22847770",
      "properties": {
        "osmid": 22847770,
        "name": "Sion Flyover",
        "highway": "trunk",
        "highwayCategory": "Municipal Thoroughfare",
        "isGalli": false
      },
      "geometry": {
        "type": "LineString",
        "coordinates": [
          [
            72.8665273,
            19.0471282
          ],
          [
            72.8659649,
            19.0465486
          ],
          [
            72.8656127,
            19.0461949
          ],
          [
            72.8654654,
            19.046032
          ],
          [
            72.8651777,
            19.0456368
          ],
          [
            72.8649591,
            19.0453289
          ],
          [
            72.864667,
            19.0447354
          ],
          [
            72.8645219,
            19.0443895
          ],
          [
            72.8640207,
            19.0429832
          ],
          [
            72.8638016,
            19.0425097
          ],
          [
            72.8635488,
            19.0420878
          ],
          [
            72.863182,
            19.0415463
          ],
          [
            72.8626045,
            19.0407438
          ],
          [
            72.8622506,
            19.0401815
          ]
        ]
      }
    },
    {
      "type": "Feature",
      "id": "osm-22847776",
      "properties": {
        "osmid": 22847776,
        "name": "Road No 32",
        "highway": "residential",
        "highwayCategory": "Galli / Local Lane",
        "isGalli": true
      },
      "geometry": {
        "type": "LineString",
        "coordinates": [
          [
            72.8580638,
            19.0172281
          ],
          [
            72.8581812,
            19.017337
          ],
          [
            72.8589396,
            19.0180411
          ],
          [
            72.8594382,
            19.0186803
          ]
        ]
      }
    },
    {
      "type": "Feature",
      "id": "osm-22847781",
      "properties": {
        "osmid": 22847781,
        "name": "Local Street",
        "highway": "tertiary",
        "highwayCategory": "Municipal Thoroughfare",
        "isGalli": false
      },
      "geometry": {
        "type": "LineString",
        "coordinates": [
          [
            72.8602464,
            19.0018632
          ],
          [
            72.8597618,
            19.0017812
          ],
          [
            72.859233,
            19.0016917
          ],
          [
            72.8590914,
            19.0016653
          ],
          [
            72.8581456,
            19.0015076
          ],
          [
            72.8576768,
            19.001443
          ],
          [
            72.8573781,
            19.0013818
          ],
          [
            72.8570596,
            19.0013165
          ],
          [
            72.8568925,
            19.0012407
          ],
          [
            72.8560095,
            19.000733
          ],
          [
            72.8556707,
            19.0004967
          ]
        ]
      }
    },
    {
      "type": "Feature",
      "id": "osm-22847844",
      "properties": {
        "osmid": 22847844,
        "name": "M P T Road",
        "highway": "service",
        "highwayCategory": "Galli / Local Lane",
        "isGalli": true
      },
      "geometry": {
        "type": "LineString",
        "coordinates": [
          [
            72.8657509,
            19.0085591
          ],
          [
            72.8641261,
            19.0082842
          ]
        ]
      }
    },
    {
      "type": "Feature",
      "id": "osm-22847914",
      "properties": {
        "osmid": 22847914,
        "name": "Local Street",
        "highway": "living_street",
        "highwayCategory": "Galli / Local Lane",
        "isGalli": true
      },
      "geometry": {
        "type": "LineString",
        "coordinates": [
          [
            72.8745738,
            19.0200132
          ],
          [
            72.8744286,
            19.0200601
          ],
          [
            72.8742031,
            19.0200964
          ],
          [
            72.8739313,
            19.0201875
          ],
          [
            72.8723153,
            19.0208145
          ]
        ]
      }
    },
    {
      "type": "Feature",
      "id": "osm-22847929",
      "properties": {
        "osmid": 22847929,
        "name": "Nana Phadnavis Flyover",
        "highway": "primary",
        "highwayCategory": "Municipal Thoroughfare",
        "isGalli": false
      },
      "geometry": {
        "type": "LineString",
        "coordinates": [
          [
            72.8597464,
            19.018845
          ],
          [
            72.8608508,
            19.0187583
          ],
          [
            72.862647,
            19.0186419
          ]
        ]
      }
    },
    {
      "type": "Feature",
      "id": "osm-22847951",
      "properties": {
        "osmid": 22847951,
        "name": "Road No 16",
        "highway": "primary",
        "highwayCategory": "Municipal Thoroughfare",
        "isGalli": false
      },
      "geometry": {
        "type": "LineString",
        "coordinates": [
          [
            72.8589907,
            19.0189207
          ],
          [
            72.8597464,
            19.018845
          ]
        ]
      }
    },
    {
      "type": "Feature",
      "id": "osm-22847984",
      "properties": {
        "osmid": 22847984,
        "name": "Local Street",
        "highway": "residential",
        "highwayCategory": "Galli / Local Lane",
        "isGalli": true
      },
      "geometry": {
        "type": "LineString",
        "coordinates": [
          [
            72.8536289,
            18.9970593
          ],
          [
            72.8537816,
            18.9974139
          ],
          [
            72.8540186,
            18.9979644
          ],
          [
            72.8542782,
            18.9985595
          ],
          [
            72.8545019,
            18.9990725
          ],
          [
            72.8547864,
            18.9999867
          ],
          [
            72.8547814,
            19.0001986
          ]
        ]
      }
    },
    {
      "type": "Feature",
      "id": "osm-22847986",
      "properties": {
        "osmid": 22847986,
        "name": "Local Street",
        "highway": "residential",
        "highwayCategory": "Galli / Local Lane",
        "isGalli": true
      },
      "geometry": {
        "type": "LineString",
        "coordinates": [
          [
            72.8522834,
            19.0004287
          ],
          [
            72.8522984,
            18.9992361
          ],
          [
            72.8523099,
            18.999022
          ],
          [
            72.8523069,
            18.99852
          ],
          [
            72.852269,
            18.9983103
          ],
          [
            72.8522413,
            18.9982343
          ]
        ]
      }
    },
    {
      "type": "Feature",
      "id": "osm-22848012",
      "properties": {
        "osmid": 22848012,
        "name": "B J Deorukhkar Marg",
        "highway": "residential",
        "highwayCategory": "Galli / Local Lane",
        "isGalli": true
      },
      "geometry": {
        "type": "LineString",
        "coordinates": [
          [
            72.846846,
            19.0090931
          ],
          [
            72.8461431,
            19.0093968
          ],
          [
            72.8456958,
            19.0095758
          ],
          [
            72.8446512,
            19.0101127
          ],
          [
            72.8440381,
            19.0105028
          ],
          [
            72.843054,
            19.0111116
          ]
        ]
      }
    },
    {
      "type": "Feature",
      "id": "osm-22848023",
      "properties": {
        "osmid": 22848023,
        "name": "Govindji Keni Road",
        "highway": "tertiary",
        "highwayCategory": "Municipal Thoroughfare",
        "isGalli": false
      },
      "geometry": {
        "type": "LineString",
        "coordinates": [
          [
            72.8459171,
            19.0058118
          ],
          [
            72.8455189,
            19.0063949
          ],
          [
            72.8450587,
            19.0070039
          ],
          [
            72.8448342,
            19.0073028
          ],
          [
            72.8446119,
            19.0076101
          ],
          [
            72.8443818,
            19.0079282
          ]
        ]
      }
    },
    {
      "type": "Feature",
      "id": "osm-22848039",
      "properties": {
        "osmid": 22848039,
        "name": "Sewri Cross Road",
        "highway": "residential",
        "highwayCategory": "Galli / Local Lane",
        "isGalli": true
      },
      "geometry": {
        "type": "LineString",
        "coordinates": [
          [
            72.8542947,
            19.0090266
          ],
          [
            72.8543409,
            19.0089896
          ],
          [
            72.8543543,
            19.0089707
          ],
          [
            72.8545128,
            19.0086851
          ],
          [
            72.8545543,
            19.0085571
          ],
          [
            72.8545719,
            19.0084719
          ],
          [
            72.8545838,
            19.0081672
          ],
          [
            72.8545773,
            19.0081169
          ],
          [
            72.8545679,
            19.0080666
          ],
          [
            72.8545197,
            19.0078278
          ],
          [
            72.8545093,
            19.0076229
          ],
          [
            72.8545453,
            19.0071509
          ],
          [
            72.8545627,
            19.0067575
          ],
          [
            72.8545875,
            19.0066149
          ],
          [
            72.8546552,
            19.0063336
          ],
          [
            72.8546635,
            19.0060382
          ],
          [
            72.8546678,
            19.0058834
          ],
          [
            72.8546761,
            19.0055678
          ],
          [
            72.8546075,
            19.0039021
          ],
          [
            72.8545958,
            19.0038189
          ],
          [
            72.8544684,
            19.0029084
          ],
          [
            72.8543958,
            19.0023929
          ],
          [
            72.8544018,
            19.0023566
          ],
          [
            72.8544509,
            19.0017657
          ],
          [
            72.8546058,
            19.0013404
          ],
          [
            72.8546199,
            19.0013016
          ],
          [
            72.8547362,
            19.0008182
          ],
          [
            72.8547814,
            19.0001986
          ]
        ]
      }
    },
    {
      "type": "Feature",
      "id": "osm-22848073",
      "properties": {
        "osmid": 22848073,
        "name": "Sewri Koliwada Road",
        "highway": "residential",
        "highwayCategory": "Galli / Local Lane",
        "isGalli": true
      },
      "geometry": {
        "type": "LineString",
        "coordinates": [
          [
            72.8554847,
            19.0000451
          ],
          [
            72.8564285,
            18.999663
          ],
          [
            72.8565187,
            18.9996265
          ],
          [
            72.8567067,
            18.999605
          ],
          [
            72.8568354,
            18.999605
          ],
          [
            72.8569506,
            18.9996253
          ],
          [
            72.8578412,
            18.9999955
          ],
          [
            72.8585396,
            19.0002208
          ],
          [
            72.8594966,
            19.0003982
          ]
        ]
      }
    },
    {
      "type": "Feature",
      "id": "osm-22848080",
      "properties": {
        "osmid": 22848080,
        "name": "Parel Bhowada Street",
        "highway": "residential",
        "highwayCategory": "Galli / Local Lane",
        "isGalli": true
      },
      "geometry": {
        "type": "LineString",
        "coordinates": [
          [
            72.8462492,
            19.0073322
          ],
          [
            72.8454421,
            19.0077614
          ]
        ]
      }
    },
    {
      "type": "Feature",
      "id": "osm-22848097",
      "properties": {
        "osmid": 22848097,
        "name": "Tokersee Jivraj Road",
        "highway": "tertiary",
        "highwayCategory": "Municipal Thoroughfare",
        "isGalli": false
      },
      "geometry": {
        "type": "LineString",
        "coordinates": [
          [
            72.8509433,
            19.0002856
          ],
          [
            72.8510517,
            19.0003055
          ],
          [
            72.8514441,
            19.0003774
          ],
          [
            72.8522834,
            19.0004287
          ],
          [
            72.8530457,
            19.0004742
          ]
        ]
      }
    },
    {
      "type": "Feature",
      "id": "osm-22848099",
      "properties": {
        "osmid": 22848099,
        "name": "Tokersee Jivraj Road",
        "highway": "tertiary",
        "highwayCategory": "Municipal Thoroughfare",
        "isGalli": false
      },
      "geometry": {
        "type": "LineString",
        "coordinates": [
          [
            72.8503469,
            18.9985503
          ],
          [
            72.8509433,
            19.0002856
          ]
        ]
      }
    },
    {
      "type": "Feature",
      "id": "osm-22848105",
      "properties": {
        "osmid": 22848105,
        "name": "Sakharam Lanjekar Path (Golanji Hill Road)",
        "highway": "residential",
        "highwayCategory": "Galli / Local Lane",
        "isGalli": true
      },
      "geometry": {
        "type": "LineString",
        "coordinates": [
          [
            72.8509433,
            19.0002856
          ],
          [
            72.8500385,
            19.0001467
          ],
          [
            72.849453,
            19.0002846
          ],
          [
            72.8492333,
            19.0003478
          ],
          [
            72.8491036,
            19.0003989
          ],
          [
            72.8489685,
            19.0004346
          ],
          [
            72.8489091,
            19.000427
          ],
          [
            72.8487902,
            19.0003963
          ],
          [
            72.8487012,
            19.0003586
          ],
          [
            72.8484972,
            19.0002006
          ],
          [
            72.8483198,
            18.9999852
          ]
        ]
      }
    },
    {
      "type": "Feature",
      "id": "osm-22848112",
      "properties": {
        "osmid": 22848112,
        "name": "M G Vasahat Marg",
        "highway": "residential",
        "highwayCategory": "Galli / Local Lane",
        "isGalli": true
      },
      "geometry": {
        "type": "LineString",
        "coordinates": [
          [
            72.848675,
            19.0037787
          ],
          [
            72.8486524,
            19.004032
          ],
          [
            72.8486181,
            19.0040521
          ],
          [
            72.8483279,
            19.0040648
          ],
          [
            72.8482134,
            19.0040708
          ],
          [
            72.8481799,
            19.0040958
          ],
          [
            72.8481862,
            19.0043353
          ],
          [
            72.8481913,
            19.0045545
          ],
          [
            72.8482226,
            19.0047495
          ],
          [
            72.8482293,
            19.0047912
          ],
          [
            72.848271,
            19.0050502
          ],
          [
            72.8483249,
            19.005385
          ]
        ]
      }
    },
    {
      "type": "Feature",
      "id": "osm-22848119",
      "properties": {
        "osmid": 22848119,
        "name": "Eknath Ghadi Marg",
        "highway": "residential",
        "highwayCategory": "Galli / Local Lane",
        "isGalli": true
      },
      "geometry": {
        "type": "LineString",
        "coordinates": [
          [
            72.8470387,
            19.0027992
          ],
          [
            72.8472385,
            19.0028195
          ],
          [
            72.847382,
            19.0027586
          ],
          [
            72.8474544,
            19.0027117
          ],
          [
            72.8477132,
            19.002524
          ],
          [
            72.8477897,
            19.0024941
          ],
          [
            72.8478138,
            19.0024847
          ],
          [
            72.8479278,
            19.0024695
          ],
          [
            72.8480715,
            19.0024707
          ],
          [
            72.8483413,
            19.0025238
          ],
          [
            72.8486317,
            19.0026097
          ]
        ]
      }
    },
    {
      "type": "Feature",
      "id": "osm-22848120",
      "properties": {
        "osmid": 22848120,
        "name": "Jerbai Wadia Marg",
        "highway": "secondary",
        "highwayCategory": "Municipal Thoroughfare",
        "isGalli": false
      },
      "geometry": {
        "type": "LineString",
        "coordinates": [
          [
            72.8462606,
            19.0058445
          ],
          [
            72.8463006,
            19.0057957
          ],
          [
            72.8463754,
            19.0057224
          ],
          [
            72.8464679,
            19.0056676
          ],
          [
            72.8476449,
            19.0054409
          ],
          [
            72.8482225,
            19.0053934
          ],
          [
            72.8483249,
            19.005385
          ],
          [
            72.8486798,
            19.0053415
          ],
          [
            72.848882,
            19.0053167
          ],
          [
            72.8489056,
            19.0053139
          ],
          [
            72.8490741,
            19.0052939
          ],
          [
            72.8491392,
            19.005272
          ],
          [
            72.8508948,
            19.0050543
          ],
          [
            72.8509765,
            19.0050528
          ],
          [
            72.8510591,
            19.0050513
          ],
          [
            72.8521682,
            19.0049585
          ]
        ]
      }
    },
    {
      "type": "Feature",
      "id": "osm-22848125",
      "properties": {
        "osmid": 22848125,
        "name": "Jagannath Bhatnagar Road",
        "highway": "secondary",
        "highwayCategory": "Municipal Thoroughfare",
        "isGalli": false
      },
      "geometry": {
        "type": "LineString",
        "coordinates": [
          [
            72.8340615,
            19.008827
          ],
          [
            72.8339853,
            19.008873
          ],
          [
            72.8334559,
            19.0091918
          ]
        ]
      }
    },
    {
      "type": "Feature",
      "id": "osm-22848153",
      "properties": {
        "osmid": 22848153,
        "name": "V V D Buva Road",
        "highway": "residential",
        "highwayCategory": "Galli / Local Lane",
        "isGalli": true
      },
      "geometry": {
        "type": "LineString",
        "coordinates": [
          [
            72.8450587,
            19.0070039
          ],
          [
            72.8454421,
            19.0077614
          ],
          [
            72.8455679,
            19.0080235
          ],
          [
            72.8460087,
            19.0090348
          ],
          [
            72.8461431,
            19.0093968
          ],
          [
            72.8466732,
            19.0105596
          ],
          [
            72.8469313,
            19.011075
          ]
        ]
      }
    },
    {
      "type": "Feature",
      "id": "osm-22848156",
      "properties": {
        "osmid": 22848156,
        "name": "Jyotiba Phule Marg",
        "highway": "residential",
        "highwayCategory": "Galli / Local Lane",
        "isGalli": true
      },
      "geometry": {
        "type": "LineString",
        "coordinates": [
          [
            72.8436319,
            19.008552
          ],
          [
            72.8446512,
            19.0101127
          ],
          [
            72.8456781,
            19.0116447
          ]
        ]
      }
    },
    {
      "type": "Feature",
      "id": "osm-22848157",
      "properties": {
        "osmid": 22848157,
        "name": "Marg No 2",
        "highway": "residential",
        "highwayCategory": "Galli / Local Lane",
        "isGalli": true
      },
      "geometry": {
        "type": "LineString",
        "coordinates": [
          [
            72.8457515,
            19.0180049
          ],
          [
            72.8451546,
            19.0170956
          ]
        ]
      }
    },
    {
      "type": "Feature",
      "id": "osm-22848161",
      "properties": {
        "osmid": 22848161,
        "name": "Parsi Colony Road No 4",
        "highway": "residential",
        "highwayCategory": "Galli / Local Lane",
        "isGalli": true
      },
      "geometry": {
        "type": "LineString",
        "coordinates": [
          [
            72.850998,
            19.0157736
          ],
          [
            72.8513219,
            19.0162331
          ],
          [
            72.8519218,
            19.0170834
          ],
          [
            72.8522919,
            19.0176054
          ]
        ]
      }
    },
    {
      "type": "Feature",
      "id": "osm-22848163",
      "properties": {
        "osmid": 22848163,
        "name": "Road No 37",
        "highway": "residential",
        "highwayCategory": "Galli / Local Lane",
        "isGalli": true
      },
      "geometry": {
        "type": "LineString",
        "coordinates": [
          [
            72.8538019,
            19.012721
          ],
          [
            72.8539526,
            19.0131795
          ],
          [
            72.8540877,
            19.0135003
          ]
        ]
      }
    },
    {
      "type": "Feature",
      "id": "osm-22848172",
      "properties": {
        "osmid": 22848172,
        "name": "Balaram Khedekar Marg",
        "highway": "residential",
        "highwayCategory": "Galli / Local Lane",
        "isGalli": true
      },
      "geometry": {
        "type": "LineString",
        "coordinates": [
          [
            72.8499322,
            19.0124147
          ],
          [
            72.8501995,
            19.0128231
          ],
          [
            72.8503912,
            19.013116
          ],
          [
            72.8504901,
            19.0132549
          ],
          [
            72.850733,
            19.0135838
          ],
          [
            72.8508661,
            19.013764
          ],
          [
            72.8509831,
            19.0139225
          ],
          [
            72.8515182,
            19.0146538
          ],
          [
            72.8515245,
            19.0146597
          ],
          [
            72.8520138,
            19.0151168
          ],
          [
            72.8523358,
            19.0154356
          ],
          [
            72.8526852,
            19.0157338
          ],
          [
            72.8534426,
            19.0163637
          ]
        ]
      }
    },
    {
      "type": "Feature",
      "id": "osm-22848174",
      "properties": {
        "osmid": 22848174,
        "name": "Jain Derasar Road",
        "highway": "residential",
        "highwayCategory": "Galli / Local Lane",
        "isGalli": true
      },
      "geometry": {
        "type": "LineString",
        "coordinates": [
          [
            72.8557243,
            19.0152549
          ],
          [
            72.855922,
            19.0154109
          ],
          [
            72.8565137,
            19.0158777
          ],
          [
            72.8569744,
            19.0162939
          ],
          [
            72.8575361,
            19.0167729
          ],
          [
            72.8580638,
            19.0172281
          ]
        ]
      }
    },
    {
      "type": "Feature",
      "id": "osm-22848175",
      "properties": {
        "osmid": 22848175,
        "name": "P Pednekar Marg",
        "highway": "residential",
        "highwayCategory": "Galli / Local Lane",
        "isGalli": true
      },
      "geometry": {
        "type": "LineString",
        "coordinates": [
          [
            72.846846,
            19.0090931
          ],
          [
            72.8473122,
            19.0101203
          ],
          [
            72.8473849,
            19.0102708
          ],
          [
            72.8476131,
            19.0107918
          ]
        ]
      }
    },
    {
      "type": "Feature",
      "id": "osm-22848180",
      "properties": {
        "osmid": 22848180,
        "name": "Road No 19",
        "highway": "residential",
        "highwayCategory": "Galli / Local Lane",
        "isGalli": true
      },
      "geometry": {
        "type": "LineString",
        "coordinates": [
          [
            72.8575361,
            19.0167729
          ],
          [
            72.8568523,
            19.0172085
          ],
          [
            72.8566592,
            19.0173401
          ],
          [
            72.8561659,
            19.0176757
          ]
        ]
      }
    },
    {
      "type": "Feature",
      "id": "osm-22848191",
      "properties": {
        "osmid": 22848191,
        "name": "Road No 5",
        "highway": "residential",
        "highwayCategory": "Galli / Local Lane",
        "isGalli": true
      },
      "geometry": {
        "type": "LineString",
        "coordinates": [
          [
            72.8475432,
            19.0124787
          ],
          [
            72.8472032,
            19.0126154
          ],
          [
            72.8464891,
            19.0129022
          ]
        ]
      }
    },
    {
      "type": "Feature",
      "id": "osm-22848192",
      "properties": {
        "osmid": 22848192,
        "name": "Parsi Colony Road No 5",
        "highway": "residential",
        "highwayCategory": "Galli / Local Lane",
        "isGalli": true
      },
      "geometry": {
        "type": "LineString",
        "coordinates": [
          [
            72.850939,
            19.0164735
          ],
          [
            72.851083,
            19.0166703
          ],
          [
            72.8513299,
            19.0169841
          ],
          [
            72.8515749,
            19.0173151
          ]
        ]
      }
    },
    {
      "type": "Feature",
      "id": "osm-22848198",
      "properties": {
        "osmid": 22848198,
        "name": "Scheme 5 Road no.5",
        "highway": "residential",
        "highwayCategory": "Galli / Local Lane",
        "isGalli": true
      },
      "geometry": {
        "type": "LineString",
        "coordinates": [
          [
            72.8483142,
            19.0203695
          ],
          [
            72.8470159,
            19.0212387
          ],
          [
            72.8469795,
            19.0212631
          ]
        ]
      }
    },
    {
      "type": "Feature",
      "id": "osm-22848200",
      "properties": {
        "osmid": 22848200,
        "name": "Scheme 5 Road no.4",
        "highway": "residential",
        "highwayCategory": "Galli / Local Lane",
        "isGalli": true
      },
      "geometry": {
        "type": "LineString",
        "coordinates": [
          [
            72.8479681,
            19.0198951
          ],
          [
            72.8464932,
            19.0208936
          ],
          [
            72.846461,
            19.0209154
          ]
        ]
      }
    },
    {
      "type": "Feature",
      "id": "osm-22848210",
      "properties": {
        "osmid": 22848210,
        "name": "Lady Jehangir Road",
        "highway": "residential",
        "highwayCategory": "Galli / Local Lane",
        "isGalli": true
      },
      "geometry": {
        "type": "LineString",
        "coordinates": [
          [
            72.8543377,
            19.020954
          ],
          [
            72.854393,
            19.0209199
          ],
          [
            72.8544704,
            19.0208686
          ],
          [
            72.8545172,
            19.0208264
          ],
          [
            72.8545855,
            19.0207648
          ],
          [
            72.8546093,
            19.0207392
          ],
          [
            72.8547115,
            19.0205992
          ],
          [
            72.8547437,
            19.0205468
          ],
          [
            72.8547712,
            19.0204871
          ],
          [
            72.8547921,
            19.0204418
          ],
          [
            72.8548152,
            19.0203703
          ],
          [
            72.8548275,
            19.0203323
          ],
          [
            72.8548391,
            19.0202725
          ],
          [
            72.8548494,
            19.0202196
          ],
          [
            72.8548526,
            19.0201744
          ],
          [
            72.8548576,
            19.0201054
          ],
          [
            72.8548531,
            19.0200162
          ],
          [
            72.8548518,
            19.019991
          ],
          [
            72.8548322,
            19.0199019
          ],
          [
            72.8548087,
            19.0197948
          ],
          [
            72.854791,
            19.0197558
          ],
          [
            72.8547519,
            19.01967
          ],
          [
            72.8547382,
            19.0196416
          ],
          [
            72.8547134,
            19.0196186
          ],
          [
            72.8546827,
            19.0195545
          ],
          [
            72.8545613,
            19.0194014
          ],
          [
            72.8544191,
            19.0192849
          ],
          [
            72.8542573,
            19.019194
          ],
          [
            72.854081,
            19.0191317
          ],
          [
            72.853618,
            19.0191262
          ],
          [
            72.8535071,
            19.0191737
          ]
        ]
      }
    },
    {
      "type": "Feature",
      "id": "osm-22848222",
      "properties": {
        "osmid": 22848222,
        "name": "Scheme 5 Road no.3",
        "highway": "residential",
        "highwayCategory": "Galli / Local Lane",
        "isGalli": true
      },
      "geometry": {
        "type": "LineString",
        "coordinates": [
          [
            72.8476913,
            19.0195157
          ],
          [
            72.8469528,
            19.0200019
          ],
          [
            72.8466957,
            19.020173
          ],
          [
            72.8461775,
            19.0205125
          ]
        ]
      }
    },
    {
      "type": "Feature",
      "id": "osm-22848223",
      "properties": {
        "osmid": 22848223,
        "name": "Dinshaw Master Road",
        "highway": "residential",
        "highwayCategory": "Galli / Local Lane",
        "isGalli": true
      },
      "geometry": {
        "type": "LineString",
        "coordinates": [
          [
            72.8530862,
            19.0170464
          ],
          [
            72.8522919,
            19.0176054
          ],
          [
            72.8509898,
            19.0184866
          ]
        ]
      }
    },
    {
      "type": "Feature",
      "id": "osm-22848227",
      "properties": {
        "osmid": 22848227,
        "name": "Lokmanya Tilak Vasahat Road No. 1",
        "highway": "residential",
        "highwayCategory": "Galli / Local Lane",
        "isGalli": true
      },
      "geometry": {
        "type": "LineString",
        "coordinates": [
          [
            72.8448319,
            19.0186076
          ],
          [
            72.8453075,
            19.0182959
          ],
          [
            72.8456516,
            19.0180704
          ],
          [
            72.8457515,
            19.0180049
          ],
          [
            72.8462844,
            19.0176556
          ]
        ]
      }
    },
    {
      "type": "Feature",
      "id": "osm-22848242",
      "properties": {
        "osmid": 22848242,
        "name": "Khareghat Road",
        "highway": "residential",
        "highwayCategory": "Galli / Local Lane",
        "isGalli": true
      },
      "geometry": {
        "type": "LineString",
        "coordinates": [
          [
            72.8533223,
            19.0177125
          ],
          [
            72.852693,
            19.0181731
          ],
          [
            72.8521372,
            19.0185405
          ],
          [
            72.8520998,
            19.0185652
          ],
          [
            72.8518154,
            19.0187497
          ]
        ]
      }
    },
    {
      "type": "Feature",
      "id": "osm-22848244",
      "properties": {
        "osmid": 22848244,
        "name": "Scheme 5 Road no.2",
        "highway": "residential",
        "highwayCategory": "Galli / Local Lane",
        "isGalli": true
      },
      "geometry": {
        "type": "LineString",
        "coordinates": [
          [
            72.8474151,
            19.0191373
          ],
          [
            72.846684,
            19.0196203
          ],
          [
            72.8464283,
            19.0197877
          ],
          [
            72.8459059,
            19.0201266
          ]
        ]
      }
    },
    {
      "type": "Feature",
      "id": "osm-22848254",
      "properties": {
        "osmid": 22848254,
        "name": "Jam-e-Jamshed Lane",
        "highway": "residential",
        "highwayCategory": "Galli / Local Lane",
        "isGalli": true
      },
      "geometry": {
        "type": "LineString",
        "coordinates": [
          [
            72.8476506,
            19.0157606
          ],
          [
            72.8487738,
            19.0171976
          ]
        ]
      }
    },
    {
      "type": "Feature",
      "id": "osm-22848256",
      "properties": {
        "osmid": 22848256,
        "name": "Road No 37",
        "highway": "residential",
        "highwayCategory": "Galli / Local Lane",
        "isGalli": true
      },
      "geometry": {
        "type": "LineString",
        "coordinates": [
          [
            72.8535838,
            19.0116673
          ],
          [
            72.8536165,
            19.0118504
          ],
          [
            72.8536824,
            19.0122198
          ],
          [
            72.8537218,
            19.0124421
          ],
          [
            72.8537622,
            19.0125923
          ],
          [
            72.8538019,
            19.012721
          ]
        ]
      }
    },
    {
      "type": "Feature",
      "id": "osm-22848266",
      "properties": {
        "osmid": 22848266,
        "name": "Sir Bhalchandra Road",
        "highway": "residential",
        "highwayCategory": "Galli / Local Lane",
        "isGalli": true
      },
      "geometry": {
        "type": "LineString",
        "coordinates": [
          [
            72.8540381,
            19.0269092
          ],
          [
            72.8538841,
            19.0267643
          ],
          [
            72.85369,
            19.0265818
          ],
          [
            72.853411,
            19.0263159
          ],
          [
            72.853344,
            19.0262511
          ],
          [
            72.8531317,
            19.0260462
          ],
          [
            72.8529157,
            19.0258378
          ],
          [
            72.8527171,
            19.0256459
          ],
          [
            72.8524874,
            19.0254241
          ],
          [
            72.8520222,
            19.0249747
          ],
          [
            72.8515848,
            19.0244706
          ],
          [
            72.8506628,
            19.023407
          ],
          [
            72.850623,
            19.0233611
          ],
          [
            72.8505078,
            19.0232386
          ],
          [
            72.8502809,
            19.0229972
          ],
          [
            72.85016,
            19.0228708
          ]
        ]
      }
    },
    {
      "type": "Feature",
      "id": "osm-22848271",
      "properties": {
        "osmid": 22848271,
        "name": "Jame Jamshed Road",
        "highway": "residential",
        "highwayCategory": "Galli / Local Lane",
        "isGalli": true
      },
      "geometry": {
        "type": "LineString",
        "coordinates": [
          [
            72.8490931,
            19.0175028
          ],
          [
            72.8490653,
            19.0175314
          ],
          [
            72.8490539,
            19.0175702
          ],
          [
            72.8490629,
            19.0176111
          ],
          [
            72.8490852,
            19.0176472
          ],
          [
            72.8491184,
            19.0176747
          ],
          [
            72.8491592,
            19.0176909
          ]
        ]
      }
    },
    {
      "type": "Feature",
      "id": "osm-22848275",
      "properties": {
        "osmid": 22848275,
        "name": "R K Parekh Road",
        "highway": "residential",
        "highwayCategory": "Galli / Local Lane",
        "isGalli": true
      },
      "geometry": {
        "type": "LineString",
        "coordinates": [
          [
            72.8532368,
            19.020966
          ],
          [
            72.8532776,
            19.0211569
          ],
          [
            72.8535582,
            19.0228024
          ],
          [
            72.8535464,
            19.0229528
          ],
          [
            72.8534078,
            19.0230882
          ]
        ]
      }
    },
    {
      "type": "Feature",
      "id": "osm-22848279",
      "properties": {
        "osmid": 22848279,
        "name": "Road no.10",
        "highway": "residential",
        "highwayCategory": "Galli / Local Lane",
        "isGalli": true
      },
      "geometry": {
        "type": "LineString",
        "coordinates": [
          [
            72.8573012,
            19.0212352
          ],
          [
            72.8574082,
            19.0217941
          ],
          [
            72.8575499,
            19.0224095
          ],
          [
            72.8576834,
            19.0230053
          ]
        ]
      }
    },
    {
      "type": "Feature",
      "id": "osm-22848286",
      "properties": {
        "osmid": 22848286,
        "name": "Dr Ghanti Road",
        "highway": "residential",
        "highwayCategory": "Galli / Local Lane",
        "isGalli": true
      },
      "geometry": {
        "type": "LineString",
        "coordinates": [
          [
            72.8513219,
            19.0162331
          ],
          [
            72.850939,
            19.0164735
          ],
          [
            72.8498663,
            19.017143
          ],
          [
            72.8492572,
            19.0175248
          ]
        ]
      }
    },
    {
      "type": "Feature",
      "id": "osm-22848289",
      "properties": {
        "osmid": 22848289,
        "name": "Parsi Colony Road No.13",
        "highway": "residential",
        "highwayCategory": "Galli / Local Lane",
        "isGalli": true
      },
      "geometry": {
        "type": "LineString",
        "coordinates": [
          [
            72.8552402,
            19.0182097
          ],
          [
            72.8551129,
            19.0182949
          ],
          [
            72.8547683,
            19.0185257
          ],
          [
            72.8540663,
            19.0189746
          ]
        ]
      }
    },
    {
      "type": "Feature",
      "id": "osm-22848295",
      "properties": {
        "osmid": 22848295,
        "name": "D.V. Pradhan Road",
        "highway": "residential",
        "highwayCategory": "Galli / Local Lane",
        "isGalli": true
      },
      "geometry": {
        "type": "LineString",
        "coordinates": [
          [
            72.8471568,
            19.0187833
          ],
          [
            72.8465706,
            19.019156
          ],
          [
            72.8465002,
            19.0192008
          ],
          [
            72.8464618,
            19.0192252
          ],
          [
            72.8464184,
            19.0192534
          ],
          [
            72.8462859,
            19.0193368
          ],
          [
            72.8456396,
            19.019748
          ]
        ]
      }
    },
    {
      "type": "Feature",
      "id": "osm-22848307",
      "properties": {
        "osmid": 22848307,
        "name": "Jehangir Vimadalal Road",
        "highway": "residential",
        "highwayCategory": "Galli / Local Lane",
        "isGalli": true
      },
      "geometry": {
        "type": "LineString",
        "coordinates": [
          [
            72.8519218,
            19.0170834
          ],
          [
            72.8515749,
            19.0173151
          ],
          [
            72.8509328,
            19.0177508
          ],
          [
            72.8503512,
            19.018142
          ]
        ]
      }
    },
    {
      "type": "Feature",
      "id": "osm-22848326",
      "properties": {
        "osmid": 22848326,
        "name": "Hormusji Adenwala Road",
        "highway": "residential",
        "highwayCategory": "Galli / Local Lane",
        "isGalli": true
      },
      "geometry": {
        "type": "LineString",
        "coordinates": [
          [
            72.8538875,
            19.0204269
          ],
          [
            72.854046,
            19.0210676
          ],
          [
            72.854082,
            19.0212228
          ],
          [
            72.8541298,
            19.0214385
          ],
          [
            72.854297,
            19.0221763
          ],
          [
            72.8543306,
            19.0223247
          ],
          [
            72.8543923,
            19.0225969
          ],
          [
            72.854503,
            19.023085
          ],
          [
            72.8548222,
            19.024553
          ]
        ]
      }
    },
    {
      "type": "Feature",
      "id": "osm-22848334",
      "properties": {
        "osmid": 22848334,
        "name": "Mancherji Joshi Road",
        "highway": "residential",
        "highwayCategory": "Galli / Local Lane",
        "isGalli": true
      },
      "geometry": {
        "type": "LineString",
        "coordinates": [
          [
            72.8492572,
            19.0175248
          ],
          [
            72.8492317,
            19.017508
          ],
          [
            72.8492031,
            19.0174965
          ],
          [
            72.8491727,
            19.017491
          ],
          [
            72.8491416,
            19.0174915
          ],
          [
            72.8491114,
            19.0174981
          ],
          [
            72.8490931,
            19.0175028
          ]
        ]
      }
    },
    {
      "type": "Feature",
      "id": "osm-22848337",
      "properties": {
        "osmid": 22848337,
        "name": "Firdausi Road",
        "highway": "residential",
        "highwayCategory": "Galli / Local Lane",
        "isGalli": true
      },
      "geometry": {
        "type": "LineString",
        "coordinates": [
          [
            72.8533002,
            19.0176222
          ],
          [
            72.8533223,
            19.0177125
          ],
          [
            72.853618,
            19.0191262
          ]
        ]
      }
    },
    {
      "type": "Feature",
      "id": "osm-22848347",
      "properties": {
        "osmid": 22848347,
        "name": "D S Baretto Road",
        "highway": "secondary",
        "highwayCategory": "Municipal Thoroughfare",
        "isGalli": false
      },
      "geometry": {
        "type": "LineString",
        "coordinates": [
          [
            72.8588599,
            19.016711
          ],
          [
            72.8587135,
            19.0168118
          ]
        ]
      }
    },
    {
      "type": "Feature",
      "id": "osm-22848354",
      "properties": {
        "osmid": 22848354,
        "name": "Local Street",
        "highway": "tertiary",
        "highwayCategory": "Municipal Thoroughfare",
        "isGalli": false
      },
      "geometry": {
        "type": "LineString",
        "coordinates": [
          [
            72.8541704,
            19.0199026
          ],
          [
            72.8539777,
            19.0198518
          ],
          [
            72.8538263,
            19.0198459
          ],
          [
            72.8537255,
            19.0198643
          ],
          [
            72.8535697,
            19.0199462
          ],
          [
            72.8535234,
            19.0200107
          ]
        ]
      }
    },
    {
      "type": "Feature",
      "id": "osm-22848357",
      "properties": {
        "osmid": 22848357,
        "name": "Swami Gyan Jiwandas Marg",
        "highway": "tertiary",
        "highwayCategory": "Municipal Thoroughfare",
        "isGalli": false
      },
      "geometry": {
        "type": "LineString",
        "coordinates": [
          [
            72.8464754,
            19.0163138
          ],
          [
            72.8461406,
            19.0165819
          ],
          [
            72.8456614,
            19.0168315
          ],
          [
            72.8451546,
            19.0170956
          ],
          [
            72.8446026,
            19.01729
          ]
        ]
      }
    },
    {
      "type": "Feature",
      "id": "osm-22848359",
      "properties": {
        "osmid": 22848359,
        "name": "Road No 26",
        "highway": "tertiary",
        "highwayCategory": "Municipal Thoroughfare",
        "isGalli": false
      },
      "geometry": {
        "type": "LineString",
        "coordinates": [
          [
            72.8544542,
            19.0112698
          ],
          [
            72.8543874,
            19.011285
          ],
          [
            72.854301,
            19.0113046
          ]
        ]
      }
    },
    {
      "type": "Feature",
      "id": "osm-22848363",
      "properties": {
        "osmid": 22848363,
        "name": "Khodadad Circle",
        "highway": "trunk",
        "highwayCategory": "Municipal Thoroughfare",
        "isGalli": false
      },
      "geometry": {
        "type": "LineString",
        "coordinates": [
          [
            72.8481782,
            19.0179453
          ],
          [
            72.8482016,
            19.0178783
          ],
          [
            72.8482119,
            19.0178084
          ],
          [
            72.8482088,
            19.0177379
          ],
          [
            72.8481923,
            19.0176691
          ]
        ]
      }
    },
    {
      "type": "Feature",
      "id": "osm-22848379",
      "properties": {
        "osmid": 22848379,
        "name": "Tilak Road Extension",
        "highway": "secondary",
        "highwayCategory": "Municipal Thoroughfare",
        "isGalli": false
      },
      "geometry": {
        "type": "LineString",
        "coordinates": [
          [
            72.8550861,
            19.0132289
          ],
          [
            72.8550195,
            19.0132657
          ]
        ]
      }
    },
    {
      "type": "Feature",
      "id": "osm-22848414",
      "properties": {
        "osmid": 22848414,
        "name": "G.D. Ambedkar Marg",
        "highway": "secondary",
        "highwayCategory": "Municipal Thoroughfare",
        "isGalli": false
      },
      "geometry": {
        "type": "LineString",
        "coordinates": [
          [
            72.8472558,
            19.0076743
          ],
          [
            72.8471899,
            19.0072579
          ],
          [
            72.8471452,
            19.0070807
          ],
          [
            72.8471092,
            19.006951
          ],
          [
            72.8470638,
            19.0068339
          ],
          [
            72.8468516,
            19.0064744
          ],
          [
            72.8465307,
            19.0061055
          ],
          [
            72.8462606,
            19.0058445
          ],
          [
            72.8461414,
            19.005782
          ],
          [
            72.8459963,
            19.0057393
          ]
        ]
      }
    },
    {
      "type": "Feature",
      "id": "osm-22848433",
      "properties": {
        "osmid": 22848433,
        "name": "Saint Paul Marg",
        "highway": "residential",
        "highwayCategory": "Galli / Local Lane",
        "isGalli": true
      },
      "geometry": {
        "type": "LineString",
        "coordinates": [
          [
            72.8428243,
            19.0087076
          ],
          [
            72.8432841,
            19.0082739
          ],
          [
            72.8436966,
            19.0078547
          ],
          [
            72.8437315,
            19.0077976
          ],
          [
            72.8438213,
            19.0075085
          ],
          [
            72.8438535,
            19.0074578
          ],
          [
            72.8439032,
            19.0074223
          ],
          [
            72.8440949,
            19.00735
          ]
        ]
      }
    },
    {
      "type": "Feature",
      "id": "osm-22848434",
      "properties": {
        "osmid": 22848434,
        "name": "Local Street",
        "highway": "tertiary",
        "highwayCategory": "Municipal Thoroughfare",
        "isGalli": false
      },
      "geometry": {
        "type": "LineString",
        "coordinates": [
          [
            72.8436319,
            19.008552
          ],
          [
            72.8429923,
            19.0089468
          ],
          [
            72.842106,
            19.0095276
          ]
        ]
      }
    },
    {
      "type": "Feature",
      "id": "osm-22848440",
      "properties": {
        "osmid": 22848440,
        "name": "Local Street",
        "highway": "residential",
        "highwayCategory": "Galli / Local Lane",
        "isGalli": true
      },
      "geometry": {
        "type": "LineString",
        "coordinates": [
          [
            72.8433575,
            19.009465
          ],
          [
            72.8428605,
            19.0097495
          ],
          [
            72.8430482,
            19.0100574
          ]
        ]
      }
    },
    {
      "type": "Feature",
      "id": "osm-22848441",
      "properties": {
        "osmid": 22848441,
        "name": "Local Street",
        "highway": "residential",
        "highwayCategory": "Galli / Local Lane",
        "isGalli": true
      },
      "geometry": {
        "type": "LineString",
        "coordinates": [
          [
            72.8430482,
            19.0100574
          ],
          [
            72.8432238,
            19.0102777
          ],
          [
            72.8435549,
            19.0104126
          ],
          [
            72.8438814,
            19.0102638
          ]
        ]
      }
    },
    {
      "type": "Feature",
      "id": "osm-22848442",
      "properties": {
        "osmid": 22848442,
        "name": "V R C Bhide Marg",
        "highway": "residential",
        "highwayCategory": "Galli / Local Lane",
        "isGalli": true
      },
      "geometry": {
        "type": "LineString",
        "coordinates": [
          [
            72.8368191,
            19.0173801
          ],
          [
            72.8369641,
            19.0178874
          ],
          [
            72.8370951,
            19.0183459
          ]
        ]
      }
    },
    {
      "type": "Feature",
      "id": "osm-22848444",
      "properties": {
        "osmid": 22848444,
        "name": "Chhabildas Road",
        "highway": "residential",
        "highwayCategory": "Galli / Local Lane",
        "isGalli": true
      },
      "geometry": {
        "type": "LineString",
        "coordinates": [
          [
            72.8421063,
            19.0197533
          ],
          [
            72.8423656,
            19.0201161
          ],
          [
            72.8424558,
            19.0202506
          ],
          [
            72.8427036,
            19.0206017
          ],
          [
            72.8427242,
            19.0206405
          ]
        ]
      }
    },
    {
      "type": "Feature",
      "id": "osm-22848453",
      "properties": {
        "osmid": 22848453,
        "name": "M Sanghi Marg",
        "highway": "residential",
        "highwayCategory": "Galli / Local Lane",
        "isGalli": true
      },
      "geometry": {
        "type": "LineString",
        "coordinates": [
          [
            72.8321562,
            19.0131058
          ],
          [
            72.8327225,
            19.0133617
          ],
          [
            72.8330678,
            19.0135215
          ],
          [
            72.8333469,
            19.0136579
          ]
        ]
      }
    },
    {
      "type": "Feature",
      "id": "osm-22848454",
      "properties": {
        "osmid": 22848454,
        "name": "Ranade Road Extension",
        "highway": "tertiary",
        "highwayCategory": "Municipal Thoroughfare",
        "isGalli": false
      },
      "geometry": {
        "type": "LineString",
        "coordinates": [
          [
            72.841158,
            19.0203509
          ],
          [
            72.8411852,
            19.0203354
          ],
          [
            72.8421063,
            19.0197533
          ],
          [
            72.842639,
            19.0194154
          ]
        ]
      }
    },
    {
      "type": "Feature",
      "id": "osm-22848457",
      "properties": {
        "osmid": 22848457,
        "name": "N.M. Kale Marg",
        "highway": "residential",
        "highwayCategory": "Galli / Local Lane",
        "isGalli": true
      },
      "geometry": {
        "type": "LineString",
        "coordinates": [
          [
            72.8347286,
            19.016332
          ],
          [
            72.8346507,
            19.0164525
          ],
          [
            72.8341368,
            19.0172096
          ],
          [
            72.8339898,
            19.0174262
          ],
          [
            72.8337769,
            19.0177765
          ],
          [
            72.8336444,
            19.0179946
          ],
          [
            72.833357,
            19.0186191
          ]
        ]
      }
    },
    {
      "type": "Feature",
      "id": "osm-22848466",
      "properties": {
        "osmid": 22848466,
        "name": "Dr D'Silva Marg",
        "highway": "residential",
        "highwayCategory": "Galli / Local Lane",
        "isGalli": true
      },
      "geometry": {
        "type": "LineString",
        "coordinates": [
          [
            72.8406901,
            19.0197571
          ],
          [
            72.8407203,
            19.0197382
          ],
          [
            72.8417843,
            19.0190733
          ],
          [
            72.84197,
            19.0189573
          ],
          [
            72.8422564,
            19.0187783
          ]
        ]
      }
    },
    {
      "type": "Feature",
      "id": "osm-22848467",
      "properties": {
        "osmid": 22848467,
        "name": "Shankar Abaji Palav Marg",
        "highway": "residential",
        "highwayCategory": "Galli / Local Lane",
        "isGalli": true
      },
      "geometry": {
        "type": "LineString",
        "coordinates": [
          [
            72.8435421,
            19.0120149
          ],
          [
            72.8431577,
            19.0119923
          ],
          [
            72.8428414,
            19.0120171
          ],
          [
            72.8421632,
            19.0121223
          ]
        ]
      }
    },
    {
      "type": "Feature",
      "id": "osm-22848468",
      "properties": {
        "osmid": 22848468,
        "name": "S S Wagh Road (Morbaugh Road)",
        "highway": "residential",
        "highwayCategory": "Galli / Local Lane",
        "isGalli": true
      },
      "geometry": {
        "type": "LineString",
        "coordinates": [
          [
            72.8469313,
            19.011075
          ],
          [
            72.8471508,
            19.0109838
          ],
          [
            72.8476131,
            19.0107918
          ]
        ]
      }
    },
    {
      "type": "Feature",
      "id": "osm-22848469",
      "properties": {
        "osmid": 22848469,
        "name": "Kakasaheb Gadgil Marg",
        "highway": "residential",
        "highwayCategory": "Galli / Local Lane",
        "isGalli": true
      },
      "geometry": {
        "type": "LineString",
        "coordinates": [
          [
            72.8350276,
            19.0110783
          ],
          [
            72.8345819,
            19.011496
          ],
          [
            72.8343702,
            19.0116943
          ],
          [
            72.8343261,
            19.0117356
          ],
          [
            72.8342351,
            19.0118209
          ],
          [
            72.8338515,
            19.0122355
          ],
          [
            72.8336135,
            19.0124927
          ],
          [
            72.8335161,
            19.012598
          ]
        ]
      }
    },
    {
      "type": "Feature",
      "id": "osm-22848472",
      "properties": {
        "osmid": 22848472,
        "name": "V. S. Matkar Marg",
        "highway": "residential",
        "highwayCategory": "Galli / Local Lane",
        "isGalli": true
      },
      "geometry": {
        "type": "LineString",
        "coordinates": [
          [
            72.8370347,
            19.0131624
          ],
          [
            72.8364608,
            19.0136949
          ],
          [
            72.8361798,
            19.0139993
          ],
          [
            72.835821,
            19.014473
          ],
          [
            72.8354307,
            19.0147576
          ],
          [
            72.8352106,
            19.014918
          ],
          [
            72.8351503,
            19.0150021
          ],
          [
            72.8349647,
            19.0152611
          ],
          [
            72.8348736,
            19.0153883
          ],
          [
            72.8346983,
            19.0156328
          ]
        ]
      }
    },
    {
      "type": "Feature",
      "id": "osm-22848476",
      "properties": {
        "osmid": 22848476,
        "name": "Local Street",
        "highway": "residential",
        "highwayCategory": "Galli / Local Lane",
        "isGalli": true
      },
      "geometry": {
        "type": "LineString",
        "coordinates": [
          [
            72.8338605,
            19.0200031
          ],
          [
            72.8332076,
            19.0204435
          ]
        ]
      }
    },
    {
      "type": "Feature",
      "id": "osm-22848479",
      "properties": {
        "osmid": 22848479,
        "name": "Rajaram Keshav Vaidya Marg",
        "highway": "residential",
        "highwayCategory": "Galli / Local Lane",
        "isGalli": true
      },
      "geometry": {
        "type": "LineString",
        "coordinates": [
          [
            72.8421895,
            19.0215258
          ],
          [
            72.8421284,
            19.0215551
          ],
          [
            72.8414113,
            19.0218993
          ],
          [
            72.8413836,
            19.0219126
          ],
          [
            72.8412516,
            19.021976
          ],
          [
            72.8406924,
            19.0221252
          ],
          [
            72.8403854,
            19.0222071
          ],
          [
            72.8403112,
            19.0222269
          ],
          [
            72.840213,
            19.022151
          ],
          [
            72.8397466,
            19.0218715
          ],
          [
            72.8396797,
            19.0218266
          ],
          [
            72.8394911,
            19.0217002
          ],
          [
            72.8394162,
            19.02165
          ]
        ]
      }
    },
    {
      "type": "Feature",
      "id": "osm-22848484",
      "properties": {
        "osmid": 22848484,
        "name": "Prof V.S. Agashe Marg",
        "highway": "secondary",
        "highwayCategory": "Municipal Thoroughfare",
        "isGalli": false
      },
      "geometry": {
        "type": "LineString",
        "coordinates": [
          [
            72.8399825,
            19.0160266
          ],
          [
            72.8398745,
            19.0161166
          ],
          [
            72.8395254,
            19.0163232
          ],
          [
            72.8394086,
            19.0163898
          ],
          [
            72.8387949,
            19.0167399
          ],
          [
            72.8380555,
            19.0170238
          ]
        ]
      }
    },
    {
      "type": "Feature",
      "id": "osm-22848485",
      "properties": {
        "osmid": 22848485,
        "name": "K,W, Chitale Marg",
        "highway": "residential",
        "highwayCategory": "Galli / Local Lane",
        "isGalli": true
      },
      "geometry": {
        "type": "LineString",
        "coordinates": [
          [
            72.8389463,
            19.0179653
          ],
          [
            72.8385912,
            19.0180883
          ],
          [
            72.8383158,
            19.0181773
          ],
          [
            72.8382106,
            19.0181978
          ],
          [
            72.8380437,
            19.0181835
          ],
          [
            72.8376081,
            19.0181724
          ],
          [
            72.8375114,
            19.0181913
          ],
          [
            72.8373426,
            19.0182629
          ],
          [
            72.8373188,
            19.0182699
          ],
          [
            72.8372588,
            19.0182917
          ],
          [
            72.8371988,
            19.0183134
          ],
          [
            72.8370951,
            19.0183459
          ]
        ]
      }
    },
    {
      "type": "Feature",
      "id": "osm-22848487",
      "properties": {
        "osmid": 22848487,
        "name": "S L Matkar Road",
        "highway": "residential",
        "highwayCategory": "Galli / Local Lane",
        "isGalli": true
      },
      "geometry": {
        "type": "LineString",
        "coordinates": [
          [
            72.8310266,
            19.0087285
          ],
          [
            72.8313543,
            19.0087186
          ],
          [
            72.8319059,
            19.008702
          ],
          [
            72.8321613,
            19.0086942
          ],
          [
            72.8323316,
            19.0086891
          ]
        ]
      }
    },
    {
      "type": "Feature",
      "id": "osm-22848489",
      "properties": {
        "osmid": 22848489,
        "name": "J Bhatankar Marg",
        "highway": "secondary",
        "highwayCategory": "Municipal Thoroughfare",
        "isGalli": false
      },
      "geometry": {
        "type": "LineString",
        "coordinates": [
          [
            72.8332775,
            19.0093083
          ],
          [
            72.8329485,
            19.0093176
          ],
          [
            72.830966,
            19.0091976
          ],
          [
            72.8307749,
            19.0092524
          ]
        ]
      }
    },
    {
      "type": "Feature",
      "id": "osm-22848490",
      "properties": {
        "osmid": 22848490,
        "name": "Local Street",
        "highway": "residential",
        "highwayCategory": "Galli / Local Lane",
        "isGalli": true
      },
      "geometry": {
        "type": "LineString",
        "coordinates": [
          [
            72.8430482,
            19.0100574
          ],
          [
            72.8426174,
            19.0103274
          ]
        ]
      }
    },
    {
      "type": "Feature",
      "id": "osm-22848492",
      "properties": {
        "osmid": 22848492,
        "name": "S M Jadhav Road (Road No 2)",
        "highway": "residential",
        "highwayCategory": "Galli / Local Lane",
        "isGalli": true
      },
      "geometry": {
        "type": "LineString",
        "coordinates": [
          [
            72.8428243,
            19.0087076
          ],
          [
            72.8429923,
            19.0089468
          ],
          [
            72.8433575,
            19.009465
          ],
          [
            72.8438814,
            19.0102638
          ],
          [
            72.8440381,
            19.0105028
          ],
          [
            72.8441871,
            19.0107305
          ],
          [
            72.8442826,
            19.0108763
          ],
          [
            72.8443026,
            19.0109068
          ],
          [
            72.8443122,
            19.0109215
          ],
          [
            72.8444215,
            19.0110884
          ],
          [
            72.8445768,
            19.0113257
          ],
          [
            72.8447318,
            19.0115594
          ],
          [
            72.844758,
            19.0115994
          ],
          [
            72.8450145,
            19.0119917
          ]
        ]
      }
    },
    {
      "type": "Feature",
      "id": "osm-22848502",
      "properties": {
        "osmid": 22848502,
        "name": "D Vachanalaya Marg",
        "highway": "residential",
        "highwayCategory": "Galli / Local Lane",
        "isGalli": true
      },
      "geometry": {
        "type": "LineString",
        "coordinates": [
          [
            72.8423656,
            19.0201161
          ],
          [
            72.841487,
            19.0206542
          ],
          [
            72.8414592,
            19.0206726
          ]
        ]
      }
    },
    {
      "type": "Feature",
      "id": "osm-22848505",
      "properties": {
        "osmid": 22848505,
        "name": "Local Street",
        "highway": "residential",
        "highwayCategory": "Galli / Local Lane",
        "isGalli": true
      },
      "geometry": {
        "type": "LineString",
        "coordinates": [
          [
            72.8367866,
            19.0159598
          ],
          [
            72.8368585,
            19.0161755
          ],
          [
            72.8369206,
            19.0163559
          ],
          [
            72.8369442,
            19.0164258
          ],
          [
            72.8369668,
            19.0164927
          ],
          [
            72.837228,
            19.017265
          ]
        ]
      }
    },
    {
      "type": "Feature",
      "id": "osm-22848511",
      "properties": {
        "osmid": 22848511,
        "name": "Local Street",
        "highway": "residential",
        "highwayCategory": "Galli / Local Lane",
        "isGalli": true
      },
      "geometry": {
        "type": "LineString",
        "coordinates": [
          [
            72.8355518,
            19.0187984
          ],
          [
            72.8355981,
            19.0188042
          ],
          [
            72.8356201,
            19.0188188
          ],
          [
            72.8356286,
            19.0188382
          ],
          [
            72.8356299,
            19.0188678
          ],
          [
            72.8355702,
            19.0194145
          ],
          [
            72.8355697,
            19.0194554
          ],
          [
            72.8355815,
            19.0194938
          ],
          [
            72.8357292,
            19.0196791
          ]
        ]
      }
    },
    {
      "type": "Feature",
      "id": "osm-22848516",
      "properties": {
        "osmid": 22848516,
        "name": "Dr Narayan Joshi Rd",
        "highway": "residential",
        "highwayCategory": "Galli / Local Lane",
        "isGalli": true
      },
      "geometry": {
        "type": "LineString",
        "coordinates": [
          [
            72.8384814,
            19.0162781
          ],
          [
            72.8387949,
            19.0167399
          ]
        ]
      }
    },
    {
      "type": "Feature",
      "id": "osm-22848523",
      "properties": {
        "osmid": 22848523,
        "name": "Madhavdas Pasta Marg",
        "highway": "residential",
        "highwayCategory": "Galli / Local Lane",
        "isGalli": true
      },
      "geometry": {
        "type": "LineString",
        "coordinates": [
          [
            72.8436951,
            19.0132483
          ],
          [
            72.8439836,
            19.0137702
          ],
          [
            72.8443152,
            19.014291
          ],
          [
            72.8445778,
            19.0146898
          ],
          [
            72.8446851,
            19.0148528
          ],
          [
            72.8449014,
            19.0151813
          ]
        ]
      }
    },
    {
      "type": "Feature",
      "id": "osm-22848529",
      "properties": {
        "osmid": 22848529,
        "name": "D Raul Marg",
        "highway": "residential",
        "highwayCategory": "Galli / Local Lane",
        "isGalli": true
      },
      "geometry": {
        "type": "LineString",
        "coordinates": [
          [
            72.8318558,
            19.0158738
          ],
          [
            72.8324342,
            19.016341
          ],
          [
            72.8325822,
            19.0164606
          ],
          [
            72.8326744,
            19.0165272
          ],
          [
            72.832775,
            19.0165699
          ],
          [
            72.8328418,
            19.0165944
          ],
          [
            72.8329234,
            19.0166244
          ],
          [
            72.8329876,
            19.0166709
          ],
          [
            72.8330996,
            19.0169448
          ],
          [
            72.833541,
            19.0168382
          ],
          [
            72.8337924,
            19.0167222
          ],
          [
            72.8341272,
            19.0166166
          ],
          [
            72.8342238,
            19.0165861
          ],
          [
            72.8342641,
            19.0165735
          ],
          [
            72.834323,
            19.016555
          ],
          [
            72.8344567,
            19.0165132
          ],
          [
            72.8345772,
            19.0164755
          ],
          [
            72.8346507,
            19.0164525
          ]
        ]
      }
    },
    {
      "type": "Feature",
      "id": "osm-22848536",
      "properties": {
        "osmid": 22848536,
        "name": "G Maharaj Marg",
        "highway": "residential",
        "highwayCategory": "Galli / Local Lane",
        "isGalli": true
      },
      "geometry": {
        "type": "LineString",
        "coordinates": [
          [
            72.8424749,
            19.013576
          ],
          [
            72.8413133,
            19.013938
          ],
          [
            72.8410318,
            19.0135653
          ]
        ]
      }
    },
    {
      "type": "Feature",
      "id": "osm-22848538",
      "properties": {
        "osmid": 22848538,
        "name": "Local Street",
        "highway": "residential",
        "highwayCategory": "Galli / Local Lane",
        "isGalli": true
      },
      "geometry": {
        "type": "LineString",
        "coordinates": [
          [
            72.8342351,
            19.0118209
          ],
          [
            72.8347738,
            19.0122998
          ],
          [
            72.8352111,
            19.0126884
          ],
          [
            72.8355998,
            19.0130339
          ],
          [
            72.8356658,
            19.0130907
          ],
          [
            72.8359426,
            19.0133231
          ],
          [
            72.8361905,
            19.013428
          ],
          [
            72.8364608,
            19.0136949
          ],
          [
            72.8374855,
            19.0146763
          ]
        ]
      }
    },
    {
      "type": "Feature",
      "id": "osm-22848539",
      "properties": {
        "osmid": 22848539,
        "name": "Baburao Parulekar Marg",
        "highway": "residential",
        "highwayCategory": "Galli / Local Lane",
        "isGalli": true
      },
      "geometry": {
        "type": "LineString",
        "coordinates": [
          [
            72.8387172,
            19.0146927
          ],
          [
            72.8385995,
            19.0147902
          ],
          [
            72.8383185,
            19.0150525
          ],
          [
            72.8381212,
            19.0152367
          ],
          [
            72.8380796,
            19.0152883
          ],
          [
            72.8378926,
            19.0154996
          ],
          [
            72.837669,
            19.015726
          ],
          [
            72.8376364,
            19.0157576
          ]
        ]
      }
    },
    {
      "type": "Feature",
      "id": "osm-22848546",
      "properties": {
        "osmid": 22848546,
        "name": "Mumbai Marathi Granth Sangrahalaya Marg",
        "highway": "tertiary",
        "highwayCategory": "Municipal Thoroughfare",
        "isGalli": false
      },
      "geometry": {
        "type": "LineString",
        "coordinates": [
          [
            72.8489718,
            19.0127076
          ],
          [
            72.8484286,
            19.0128648
          ],
          [
            72.8483425,
            19.0128897
          ],
          [
            72.8483179,
            19.0128965
          ],
          [
            72.8480142,
            19.0129808
          ],
          [
            72.8479589,
            19.0129962
          ],
          [
            72.8476114,
            19.0131047
          ],
          [
            72.8473981,
            19.0131713
          ],
          [
            72.8469249,
            19.013578
          ],
          [
            72.8468706,
            19.0136416
          ],
          [
            72.8466772,
            19.0138409
          ],
          [
            72.8465981,
            19.0138962
          ],
          [
            72.8461469,
            19.0142119
          ],
          [
            72.8460058,
            19.0143147
          ],
          [
            72.8459049,
            19.0143883
          ],
          [
            72.8455526,
            19.0146451
          ]
        ]
      }
    },
    {
      "type": "Feature",
      "id": "osm-22848552",
      "properties": {
        "osmid": 22848552,
        "name": "Raobahadur S.K. Bole Marg",
        "highway": "primary",
        "highwayCategory": "Municipal Thoroughfare",
        "isGalli": false
      },
      "geometry": {
        "type": "LineString",
        "coordinates": [
          [
            72.8385763,
            19.0201419
          ],
          [
            72.8382855,
            19.0201364
          ],
          [
            72.8380749,
            19.0200663
          ],
          [
            72.8380101,
            19.0200447
          ],
          [
            72.8377724,
            19.0199378
          ],
          [
            72.8377474,
            19.0199225
          ],
          [
            72.8375597,
            19.0198078
          ],
          [
            72.837556,
            19.0198055
          ],
          [
            72.8371866,
            19.0195435
          ],
          [
            72.8369124,
            19.019349
          ],
          [
            72.8367816,
            19.019256
          ],
          [
            72.8365307,
            19.0190864
          ]
        ]
      }
    },
    {
      "type": "Feature",
      "id": "osm-22848566",
      "properties": {
        "osmid": 22848566,
        "name": "Dadasaheb Phalke Marg",
        "highway": "tertiary",
        "highwayCategory": "Municipal Thoroughfare",
        "isGalli": false
      },
      "geometry": {
        "type": "LineString",
        "coordinates": [
          [
            72.8432892,
            19.0165631
          ],
          [
            72.8431805,
            19.016171
          ],
          [
            72.8430855,
            19.0158287
          ],
          [
            72.8426478,
            19.0142502
          ],
          [
            72.8424749,
            19.013576
          ],
          [
            72.8423799,
            19.0131616
          ],
          [
            72.8423479,
            19.0130223
          ],
          [
            72.8421935,
            19.0122698
          ],
          [
            72.8421632,
            19.0121223
          ],
          [
            72.8419111,
            19.0109536
          ],
          [
            72.8418754,
            19.0107879
          ],
          [
            72.8416488,
            19.0097376
          ],
          [
            72.8416336,
            19.0096484
          ]
        ]
      }
    },
    {
      "type": "Feature",
      "id": "osm-22848583",
      "properties": {
        "osmid": 22848583,
        "name": "Tilak Road",
        "highway": "primary",
        "highwayCategory": "Municipal Thoroughfare",
        "isGalli": false
      },
      "geometry": {
        "type": "LineString",
        "coordinates": [
          [
            72.8474218,
            19.0179501
          ],
          [
            72.8472769,
            19.0181091
          ],
          [
            72.8468531,
            19.0183887
          ]
        ]
      }
    },
    {
      "type": "Feature",
      "id": "osm-22848585",
      "properties": {
        "osmid": 22848585,
        "name": "Tilak Road",
        "highway": "primary",
        "highwayCategory": "Municipal Thoroughfare",
        "isGalli": false
      },
      "geometry": {
        "type": "LineString",
        "coordinates": [
          [
            72.8433646,
            19.0206587
          ],
          [
            72.8430353,
            19.0208596
          ],
          [
            72.842966,
            19.0208916
          ],
          [
            72.8428681,
            19.0209368
          ],
          [
            72.8426816,
            19.0209956
          ]
        ]
      }
    },
    {
      "type": "Feature",
      "id": "osm-22848625",
      "properties": {
        "osmid": 22848625,
        "name": "Gokhale Road",
        "highway": "primary",
        "highwayCategory": "Municipal Thoroughfare",
        "isGalli": false
      },
      "geometry": {
        "type": "LineString",
        "coordinates": [
          [
            72.8360462,
            19.018829
          ],
          [
            72.835894,
            19.0185126
          ]
        ]
      }
    },
    {
      "type": "Feature",
      "id": "osm-22848653",
      "properties": {
        "osmid": 22848653,
        "name": "Balshet Madurkar Marg",
        "highway": "residential",
        "highwayCategory": "Galli / Local Lane",
        "isGalli": true
      },
      "geometry": {
        "type": "LineString",
        "coordinates": [
          [
            72.8309569,
            19.0051861
          ],
          [
            72.8310695,
            19.0049626
          ]
        ]
      }
    },
    {
      "type": "Feature",
      "id": "osm-22848656",
      "properties": {
        "osmid": 22848656,
        "name": "Road No 16",
        "highway": "residential",
        "highwayCategory": "Galli / Local Lane",
        "isGalli": true
      },
      "geometry": {
        "type": "LineString",
        "coordinates": [
          [
            72.8418532,
            19.0069822
          ],
          [
            72.8412486,
            19.0070785
          ],
          [
            72.8410501,
            19.0071154
          ]
        ]
      }
    },
    {
      "type": "Feature",
      "id": "osm-22848660",
      "properties": {
        "osmid": 22848660,
        "name": "Chamarbaug Wala Road",
        "highway": "residential",
        "highwayCategory": "Galli / Local Lane",
        "isGalli": true
      },
      "geometry": {
        "type": "LineString",
        "coordinates": [
          [
            72.8407889,
            19.0017875
          ],
          [
            72.8397087,
            19.0021498
          ],
          [
            72.8396628,
            19.0021624
          ],
          [
            72.8394638,
            19.0022168
          ],
          [
            72.8391254,
            19.0023095
          ],
          [
            72.8385913,
            19.0024436
          ]
        ]
      }
    },
    {
      "type": "Feature",
      "id": "osm-22848662",
      "properties": {
        "osmid": 22848662,
        "name": "Aimai Merwanji Street",
        "highway": "residential",
        "highwayCategory": "Galli / Local Lane",
        "isGalli": true
      },
      "geometry": {
        "type": "LineString",
        "coordinates": [
          [
            72.8384156,
            19.0017896
          ],
          [
            72.8387574,
            19.0016893
          ],
          [
            72.8390349,
            19.0016191
          ],
          [
            72.8392847,
            19.0015414
          ],
          [
            72.8400368,
            19.0013076
          ],
          [
            72.8405255,
            19.0011935
          ]
        ]
      }
    },
    {
      "type": "Feature",
      "id": "osm-22848664",
      "properties": {
        "osmid": 22848664,
        "name": "P Guruji Street",
        "highway": "residential",
        "highwayCategory": "Galli / Local Lane",
        "isGalli": true
      },
      "geometry": {
        "type": "LineString",
        "coordinates": [
          [
            72.8387646,
            19.0006413
          ],
          [
            72.8384916,
            19.0006771
          ],
          [
            72.8380738,
            19.0007204
          ]
        ]
      }
    },
    {
      "type": "Feature",
      "id": "osm-22848680",
      "properties": {
        "osmid": 22848680,
        "name": "J Merwanji Street",
        "highway": "residential",
        "highwayCategory": "Galli / Local Lane",
        "isGalli": true
      },
      "geometry": {
        "type": "LineString",
        "coordinates": [
          [
            72.8387892,
            19.0032495
          ],
          [
            72.8395935,
            19.0030107
          ],
          [
            72.8400237,
            19.0028787
          ],
          [
            72.8411933,
            19.0025785
          ]
        ]
      }
    },
    {
      "type": "Feature",
      "id": "osm-22848691",
      "properties": {
        "osmid": 22848691,
        "name": "K Jadhav Marg",
        "highway": "residential",
        "highwayCategory": "Galli / Local Lane",
        "isGalli": true
      },
      "geometry": {
        "type": "LineString",
        "coordinates": [
          [
            72.8437256,
            19.0066973
          ],
          [
            72.8450587,
            19.0070039
          ]
        ]
      }
    },
    {
      "type": "Feature",
      "id": "osm-22848701",
      "properties": {
        "osmid": 22848701,
        "name": "Dr Batliwala Marg",
        "highway": "residential",
        "highwayCategory": "Galli / Local Lane",
        "isGalli": true
      },
      "geometry": {
        "type": "LineString",
        "coordinates": [
          [
            72.8401969,
            19.0034096
          ],
          [
            72.8396086,
            19.0035922
          ],
          [
            72.8392913,
            19.0036944
          ],
          [
            72.8389207,
            19.0038148
          ]
        ]
      }
    },
    {
      "type": "Feature",
      "id": "osm-22848705",
      "properties": {
        "osmid": 22848705,
        "name": "B Mandir Road",
        "highway": "residential",
        "highwayCategory": "Galli / Local Lane",
        "isGalli": true
      },
      "geometry": {
        "type": "LineString",
        "coordinates": [
          [
            72.8413441,
            19.0060704
          ],
          [
            72.8418532,
            19.0069822
          ]
        ]
      }
    },
    {
      "type": "Feature",
      "id": "osm-22848706",
      "properties": {
        "osmid": 22848706,
        "name": "Road No 16",
        "highway": "residential",
        "highwayCategory": "Galli / Local Lane",
        "isGalli": true
      },
      "geometry": {
        "type": "LineString",
        "coordinates": [
          [
            72.8437256,
            19.0066973
          ],
          [
            72.8434109,
            19.0067328
          ],
          [
            72.8425721,
            19.0068807
          ],
          [
            72.8418532,
            19.0069822
          ]
        ]
      }
    },
    {
      "type": "Feature",
      "id": "osm-22848707",
      "properties": {
        "osmid": 22848707,
        "name": "Fitwala Road",
        "highway": "residential",
        "highwayCategory": "Galli / Local Lane",
        "isGalli": true
      },
      "geometry": {
        "type": "LineString",
        "coordinates": [
          [
            72.8354245,
            19.0071751
          ],
          [
            72.8348868,
            19.0074752
          ],
          [
            72.8347337,
            19.0075294
          ],
          [
            72.8341345,
            19.0077414
          ],
          [
            72.8333888,
            19.0079807
          ],
          [
            72.8327036,
            19.0083279
          ],
          [
            72.8325509,
            19.0084338
          ]
        ]
      }
    },
    {
      "type": "Feature",
      "id": "osm-22848709",
      "properties": {
        "osmid": 22848709,
        "name": "Local Street",
        "highway": "residential",
        "highwayCategory": "Galli / Local Lane",
        "isGalli": true
      },
      "geometry": {
        "type": "LineString",
        "coordinates": [
          [
            72.8413285,
            19.0053027
          ],
          [
            72.8415662,
            19.0060655
          ]
        ]
      }
    },
    {
      "type": "Feature",
      "id": "osm-22848719",
      "properties": {
        "osmid": 22848719,
        "name": "V L Parulekar Marg",
        "highway": "residential",
        "highwayCategory": "Galli / Local Lane",
        "isGalli": true
      },
      "geometry": {
        "type": "LineString",
        "coordinates": [
          [
            72.8436707,
            19.0053247
          ],
          [
            72.843647,
            19.0060524
          ],
          [
            72.8437256,
            19.0066973
          ],
          [
            72.8440949,
            19.00735
          ],
          [
            72.8443818,
            19.0079282
          ]
        ]
      }
    },
    {
      "type": "Feature",
      "id": "osm-22848745",
      "properties": {
        "osmid": 22848745,
        "name": "Shri Parmar Guruji Marg",
        "highway": "residential",
        "highwayCategory": "Galli / Local Lane",
        "isGalli": true
      },
      "geometry": {
        "type": "LineString",
        "coordinates": [
          [
            72.842112,
            18.9996802
          ],
          [
            72.8420203,
            18.9997195
          ],
          [
            72.8402923,
            19.0004561
          ]
        ]
      }
    },
    {
      "type": "Feature",
      "id": "osm-22848774",
      "properties": {
        "osmid": 22848774,
        "name": "Local Street",
        "highway": "residential",
        "highwayCategory": "Galli / Local Lane",
        "isGalli": true
      },
      "geometry": {
        "type": "LineString",
        "coordinates": [
          [
            72.8400237,
            19.0028787
          ],
          [
            72.8401969,
            19.0034096
          ]
        ]
      }
    },
    {
      "type": "Feature",
      "id": "osm-22848778",
      "properties": {
        "osmid": 22848778,
        "name": "Ranjana Deshmukh Marg",
        "highway": "residential",
        "highwayCategory": "Galli / Local Lane",
        "isGalli": true
      },
      "geometry": {
        "type": "LineString",
        "coordinates": [
          [
            72.8383267,
            18.9991983
          ],
          [
            72.8383937,
            18.9994192
          ],
          [
            72.8384182,
            18.9994998
          ],
          [
            72.8384423,
            18.9995792
          ],
          [
            72.8385188,
            18.9998314
          ],
          [
            72.8387646,
            19.0006413
          ],
          [
            72.8390349,
            19.0016191
          ]
        ]
      }
    },
    {
      "type": "Feature",
      "id": "osm-22848795",
      "properties": {
        "osmid": 22848795,
        "name": "Saint Xavier Street",
        "highway": "residential",
        "highwayCategory": "Galli / Local Lane",
        "isGalli": true
      },
      "geometry": {
        "type": "LineString",
        "coordinates": [
          [
            72.8405167,
            19.0061793
          ],
          [
            72.8413441,
            19.0060704
          ],
          [
            72.8415662,
            19.0060655
          ],
          [
            72.843647,
            19.0060524
          ],
          [
            72.8439437,
            19.0061067
          ],
          [
            72.8441467,
            19.0061438
          ],
          [
            72.8455189,
            19.0063949
          ],
          [
            72.8458486,
            19.0066636
          ],
          [
            72.8460622,
            19.0069871
          ],
          [
            72.8462492,
            19.0073322
          ]
        ]
      }
    },
    {
      "type": "Feature",
      "id": "osm-22848799",
      "properties": {
        "osmid": 22848799,
        "name": "Gokhale Society Lane",
        "highway": "residential",
        "highwayCategory": "Galli / Local Lane",
        "isGalli": true
      },
      "geometry": {
        "type": "LineString",
        "coordinates": [
          [
            72.8394137,
            19.0049093
          ],
          [
            72.8396371,
            19.0047276
          ],
          [
            72.8396634,
            19.0047062
          ],
          [
            72.8399072,
            19.0045077
          ],
          [
            72.840489,
            19.0040393
          ],
          [
            72.8405086,
            19.0040235
          ],
          [
            72.8410169,
            19.003639
          ],
          [
            72.8415271,
            19.0032394
          ]
        ]
      }
    },
    {
      "type": "Feature",
      "id": "osm-22848803",
      "properties": {
        "osmid": 22848803,
        "name": "Local Street",
        "highway": "residential",
        "highwayCategory": "Galli / Local Lane",
        "isGalli": true
      },
      "geometry": {
        "type": "LineString",
        "coordinates": [
          [
            72.8396086,
            19.0035922
          ],
          [
            72.8399072,
            19.0045077
          ]
        ]
      }
    },
    {
      "type": "Feature",
      "id": "osm-22848804",
      "properties": {
        "osmid": 22848804,
        "name": "Local Street",
        "highway": "residential",
        "highwayCategory": "Galli / Local Lane",
        "isGalli": true
      },
      "geometry": {
        "type": "LineString",
        "coordinates": [
          [
            72.840489,
            19.0040393
          ],
          [
            72.8409267,
            19.0044865
          ],
          [
            72.84098,
            19.0045459
          ]
        ]
      }
    },
    {
      "type": "Feature",
      "id": "osm-22848805",
      "properties": {
        "osmid": 22848805,
        "name": "Govindji Keni Road",
        "highway": "tertiary",
        "highwayCategory": "Municipal Thoroughfare",
        "isGalli": false
      },
      "geometry": {
        "type": "LineString",
        "coordinates": [
          [
            72.8443818,
            19.0079282
          ],
          [
            72.8436319,
            19.008552
          ]
        ]
      }
    },
    {
      "type": "Feature",
      "id": "osm-22848876",
      "properties": {
        "osmid": 22848876,
        "name": "Telang Road",
        "highway": "residential",
        "highwayCategory": "Galli / Local Lane",
        "isGalli": true
      },
      "geometry": {
        "type": "LineString",
        "coordinates": [
          [
            72.8521201,
            19.0265554
          ],
          [
            72.8525219,
            19.0269659
          ],
          [
            72.8527001,
            19.0273563
          ],
          [
            72.8529032,
            19.0277142
          ],
          [
            72.852923,
            19.0277491
          ],
          [
            72.8530401,
            19.0281008
          ],
          [
            72.8531575,
            19.0283729
          ],
          [
            72.8534902,
            19.0290602
          ],
          [
            72.8538658,
            19.0298547
          ],
          [
            72.8539747,
            19.030099
          ],
          [
            72.8541447,
            19.0305192
          ],
          [
            72.854319,
            19.0308913
          ]
        ]
      }
    },
    {
      "type": "Feature",
      "id": "osm-22848880",
      "properties": {
        "osmid": 22848880,
        "name": "Shradhanand Road",
        "highway": "residential",
        "highwayCategory": "Galli / Local Lane",
        "isGalli": true
      },
      "geometry": {
        "type": "LineString",
        "coordinates": [
          [
            72.8534902,
            19.0290602
          ],
          [
            72.8549028,
            19.0292643
          ]
        ]
      }
    },
    {
      "type": "Feature",
      "id": "osm-22848882",
      "properties": {
        "osmid": 22848882,
        "name": "Mahilashram Road",
        "highway": "residential",
        "highwayCategory": "Galli / Local Lane",
        "isGalli": true
      },
      "geometry": {
        "type": "LineString",
        "coordinates": [
          [
            72.8564233,
            19.0281843
          ],
          [
            72.85619,
            19.0283471
          ],
          [
            72.8561649,
            19.0283638
          ],
          [
            72.8560974,
            19.0284117
          ],
          [
            72.8560509,
            19.0284438
          ],
          [
            72.8558771,
            19.0285638
          ],
          [
            72.8549028,
            19.0292643
          ]
        ]
      }
    },
    {
      "type": "Feature",
      "id": "osm-22848885",
      "properties": {
        "osmid": 22848885,
        "name": "Bhimani Street",
        "highway": "residential",
        "highwayCategory": "Galli / Local Lane",
        "isGalli": true
      },
      "geometry": {
        "type": "LineString",
        "coordinates": [
          [
            72.8521201,
            19.0265554
          ],
          [
            72.8519025,
            19.0267434
          ],
          [
            72.8517408,
            19.026883
          ],
          [
            72.851171,
            19.0274235
          ]
        ]
      }
    },
    {
      "type": "Feature",
      "id": "osm-22848888",
      "properties": {
        "osmid": 22848888,
        "name": "K A Subramanyam Marg",
        "highway": "residential",
        "highwayCategory": "Galli / Local Lane",
        "isGalli": true
      },
      "geometry": {
        "type": "LineString",
        "coordinates": [
          [
            72.8544543,
            19.0330902
          ],
          [
            72.8560951,
            19.0322609
          ],
          [
            72.8562897,
            19.0320821
          ],
          [
            72.8573228,
            19.0305698
          ]
        ]
      }
    },
    {
      "type": "Feature",
      "id": "osm-22848889",
      "properties": {
        "osmid": 22848889,
        "name": "Matunga Station Road",
        "highway": "residential",
        "highwayCategory": "Galli / Local Lane",
        "isGalli": true
      },
      "geometry": {
        "type": "LineString",
        "coordinates": [
          [
            72.8516943,
            19.026087
          ],
          [
            72.8514905,
            19.0262628
          ],
          [
            72.8513042,
            19.0264236
          ],
          [
            72.8509847,
            19.0267038
          ],
          [
            72.8508153,
            19.0268524
          ]
        ]
      }
    },
    {
      "type": "Feature",
      "id": "osm-22848898",
      "properties": {
        "osmid": 22848898,
        "name": "Scheme 57 Road no.32",
        "highway": "residential",
        "highwayCategory": "Galli / Local Lane",
        "isGalli": true
      },
      "geometry": {
        "type": "LineString",
        "coordinates": [
          [
            72.8554695,
            19.0244178
          ],
          [
            72.8548222,
            19.024553
          ]
        ]
      }
    },
    {
      "type": "Feature",
      "id": "osm-22848904",
      "properties": {
        "osmid": 22848904,
        "name": "Road No 4",
        "highway": "residential",
        "highwayCategory": "Galli / Local Lane",
        "isGalli": true
      },
      "geometry": {
        "type": "LineString",
        "coordinates": [
          [
            72.8529891,
            19.0305177
          ],
          [
            72.8532527,
            19.0308881
          ],
          [
            72.8534967,
            19.0312497
          ],
          [
            72.8540766,
            19.0321202
          ],
          [
            72.8543464,
            19.0322449
          ],
          [
            72.8547978,
            19.0323327
          ]
        ]
      }
    },
    {
      "type": "Feature",
      "id": "osm-22848908",
      "properties": {
        "osmid": 22848908,
        "name": "Scheme 5 Road no.9",
        "highway": "residential",
        "highwayCategory": "Galli / Local Lane",
        "isGalli": true
      },
      "geometry": {
        "type": "LineString",
        "coordinates": [
          [
            72.857664,
            19.0301729
          ],
          [
            72.8575392,
            19.0302593
          ]
        ]
      }
    },
    {
      "type": "Feature",
      "id": "osm-22848910",
      "properties": {
        "osmid": 22848910,
        "name": "R.P. Masani Marg",
        "highway": "residential",
        "highwayCategory": "Galli / Local Lane",
        "isGalli": true
      },
      "geometry": {
        "type": "LineString",
        "coordinates": [
          [
            72.8550524,
            19.0224568
          ],
          [
            72.8551077,
            19.0227169
          ],
          [
            72.8554246,
            19.0242068
          ],
          [
            72.8554695,
            19.0244178
          ]
        ]
      }
    },
    {
      "type": "Feature",
      "id": "osm-22848913",
      "properties": {
        "osmid": 22848913,
        "name": "Road No 33",
        "highway": "residential",
        "highwayCategory": "Galli / Local Lane",
        "isGalli": true
      },
      "geometry": {
        "type": "LineString",
        "coordinates": [
          [
            72.8550917,
            19.0256687
          ],
          [
            72.8553807,
            19.0256366
          ],
          [
            72.855592,
            19.0256613
          ],
          [
            72.8558808,
            19.025744
          ],
          [
            72.8560868,
            19.0258495
          ],
          [
            72.85627,
            19.025986
          ],
          [
            72.8563747,
            19.026116
          ]
        ]
      }
    },
    {
      "type": "Feature",
      "id": "osm-22848914",
      "properties": {
        "osmid": 22848914,
        "name": "Deodhar Road",
        "highway": "residential",
        "highwayCategory": "Galli / Local Lane",
        "isGalli": true
      },
      "geometry": {
        "type": "LineString",
        "coordinates": [
          [
            72.852717,
            19.0243793
          ],
          [
            72.8526677,
            19.0244225
          ],
          [
            72.8523886,
            19.0246504
          ],
          [
            72.8520222,
            19.0249747
          ],
          [
            72.851349,
            19.0255788
          ]
        ]
      }
    },
    {
      "type": "Feature",
      "id": "osm-22848918",
      "properties": {
        "osmid": 22848918,
        "name": "U Bhat Marg",
        "highway": "residential",
        "highwayCategory": "Galli / Local Lane",
        "isGalli": true
      },
      "geometry": {
        "type": "LineString",
        "coordinates": [
          [
            72.8515848,
            19.0244706
          ],
          [
            72.8507918,
            19.0251382
          ]
        ]
      }
    },
    {
      "type": "Feature",
      "id": "osm-22848924",
      "properties": {
        "osmid": 22848924,
        "name": "Road No 3",
        "highway": "residential",
        "highwayCategory": "Galli / Local Lane",
        "isGalli": true
      },
      "geometry": {
        "type": "LineString",
        "coordinates": [
          [
            72.854319,
            19.0308913
          ],
          [
            72.8534967,
            19.0312497
          ]
        ]
      }
    },
    {
      "type": "Feature",
      "id": "osm-22848933",
      "properties": {
        "osmid": 22848933,
        "name": "Bal Govind Das Road",
        "highway": "tertiary",
        "highwayCategory": "Municipal Thoroughfare",
        "isGalli": false
      },
      "geometry": {
        "type": "LineString",
        "coordinates": [
          [
            72.8456289,
            19.0251444
          ],
          [
            72.8455399,
            19.0251812
          ],
          [
            72.844978,
            19.0254022
          ],
          [
            72.8448676,
            19.0254456
          ],
          [
            72.844821,
            19.0254639
          ],
          [
            72.844775,
            19.0254834
          ],
          [
            72.8447463,
            19.0254955
          ],
          [
            72.8446813,
            19.025523
          ],
          [
            72.8442805,
            19.0256926
          ],
          [
            72.8441917,
            19.0257302
          ],
          [
            72.8439181,
            19.0258475
          ],
          [
            72.8438015,
            19.025896
          ],
          [
            72.8437088,
            19.0259346
          ],
          [
            72.843619,
            19.0259726
          ],
          [
            72.843301,
            19.0261072
          ]
        ]
      }
    },
    {
      "type": "Feature",
      "id": "osm-22848943",
      "properties": {
        "osmid": 22848943,
        "name": "Laxmi Narayan Lane",
        "highway": "residential",
        "highwayCategory": "Galli / Local Lane",
        "isGalli": true
      },
      "geometry": {
        "type": "LineString",
        "coordinates": [
          [
            72.8516649,
            19.0281875
          ],
          [
            72.8516929,
            19.0283746
          ],
          [
            72.8521548,
            19.0291074
          ],
          [
            72.8522953,
            19.0292274
          ],
          [
            72.8523961,
            19.0292758
          ],
          [
            72.8525885,
            19.0293682
          ],
          [
            72.8528326,
            19.0295345
          ],
          [
            72.8528783,
            19.0295656
          ],
          [
            72.8529322,
            19.0296335
          ],
          [
            72.8529605,
            19.029669
          ],
          [
            72.8533551,
            19.0303407
          ]
        ]
      }
    },
    {
      "type": "Feature",
      "id": "osm-22848945",
      "properties": {
        "osmid": 22848945,
        "name": "Road No 8",
        "highway": "residential",
        "highwayCategory": "Galli / Local Lane",
        "isGalli": true
      },
      "geometry": {
        "type": "LineString",
        "coordinates": [
          [
            72.8562524,
            19.0311098
          ],
          [
            72.8551173,
            19.0309261
          ],
          [
            72.854608,
            19.0308437
          ]
        ]
      }
    },
    {
      "type": "Feature",
      "id": "osm-22848953",
      "properties": {
        "osmid": 22848953,
        "name": "Road No 2",
        "highway": "residential",
        "highwayCategory": "Galli / Local Lane",
        "isGalli": true
      },
      "geometry": {
        "type": "LineString",
        "coordinates": [
          [
            72.8541447,
            19.0305192
          ],
          [
            72.8532527,
            19.0308881
          ]
        ]
      }
    },
    {
      "type": "Feature",
      "id": "osm-22848958",
      "properties": {
        "osmid": 22848958,
        "name": "Bhagwandas Narottamdas Marg",
        "highway": "residential",
        "highwayCategory": "Galli / Local Lane",
        "isGalli": true
      },
      "geometry": {
        "type": "LineString",
        "coordinates": [
          [
            72.8538815,
            19.0236369
          ],
          [
            72.8534193,
            19.024043
          ],
          [
            72.8533397,
            19.0241129
          ],
          [
            72.8533154,
            19.0241343
          ],
          [
            72.8530999,
            19.0243236
          ]
        ]
      }
    },
    {
      "type": "Feature",
      "id": "osm-22848963",
      "properties": {
        "osmid": 22848963,
        "name": "Telang Cross Road no.3",
        "highway": "residential",
        "highwayCategory": "Galli / Local Lane",
        "isGalli": true
      },
      "geometry": {
        "type": "LineString",
        "coordinates": [
          [
            72.8550243,
            19.0273186
          ],
          [
            72.8546242,
            19.0277543
          ],
          [
            72.8545474,
            19.0278399
          ],
          [
            72.8542288,
            19.0281851
          ],
          [
            72.8539919,
            19.02848
          ],
          [
            72.8538898,
            19.0286004
          ],
          [
            72.8534902,
            19.0290602
          ]
        ]
      }
    },
    {
      "type": "Feature",
      "id": "osm-22848965",
      "properties": {
        "osmid": 22848965,
        "name": "Scheme 57 Road no.10",
        "highway": "residential",
        "highwayCategory": "Galli / Local Lane",
        "isGalli": true
      },
      "geometry": {
        "type": "LineString",
        "coordinates": [
          [
            72.8576025,
            19.0268726
          ],
          [
            72.8576245,
            19.027468
          ],
          [
            72.8578324,
            19.0283498
          ]
        ]
      }
    },
    {
      "type": "Feature",
      "id": "osm-22848968",
      "properties": {
        "osmid": 22848968,
        "name": "Shradhanand Road",
        "highway": "residential",
        "highwayCategory": "Galli / Local Lane",
        "isGalli": true
      },
      "geometry": {
        "type": "LineString",
        "coordinates": [
          [
            72.8558771,
            19.0285638
          ],
          [
            72.8561161,
            19.0295047
          ]
        ]
      }
    },
    {
      "type": "Feature",
      "id": "osm-22848974",
      "properties": {
        "osmid": 22848974,
        "name": "Varadraj Addye Road",
        "highway": "residential",
        "highwayCategory": "Galli / Local Lane",
        "isGalli": true
      },
      "geometry": {
        "type": "LineString",
        "coordinates": [
          [
            72.8457871,
            19.0317146
          ],
          [
            72.8453103,
            19.0318279
          ],
          [
            72.8445599,
            19.0320077
          ]
        ]
      }
    },
    {
      "type": "Feature",
      "id": "osm-22848978",
      "properties": {
        "osmid": 22848978,
        "name": "Pandit Satawlekar Marg",
        "highway": "residential",
        "highwayCategory": "Galli / Local Lane",
        "isGalli": true
      },
      "geometry": {
        "type": "LineString",
        "coordinates": [
          [
            72.8443667,
            19.0345294
          ],
          [
            72.8442456,
            19.0345103
          ],
          [
            72.8440499,
            19.0344763
          ],
          [
            72.8439767,
            19.0344715
          ],
          [
            72.8439148,
            19.0344666
          ],
          [
            72.8436958,
            19.0344539
          ],
          [
            72.8430883,
            19.0344187
          ],
          [
            72.8425622,
            19.0342582
          ],
          [
            72.8423352,
            19.0341889
          ]
        ]
      }
    },
    {
      "type": "Feature",
      "id": "osm-22848986",
      "properties": {
        "osmid": 22848986,
        "name": "Lady Jehangir Road",
        "highway": "tertiary",
        "highwayCategory": "Municipal Thoroughfare",
        "isGalli": false
      },
      "geometry": {
        "type": "LineString",
        "coordinates": [
          [
            72.8534815,
            19.0203455
          ],
          [
            72.8529443,
            19.0206866
          ],
          [
            72.8520453,
            19.0212692
          ]
        ]
      }
    },
    {
      "type": "Feature",
      "id": "osm-22848991",
      "properties": {
        "osmid": 22848991,
        "name": "Local Street",
        "highway": "residential",
        "highwayCategory": "Galli / Local Lane",
        "isGalli": true
      },
      "geometry": {
        "type": "LineString",
        "coordinates": [
          [
            72.8544126,
            19.0261114
          ],
          [
            72.8543625,
            19.0261611
          ],
          [
            72.8542907,
            19.0262497
          ],
          [
            72.8542161,
            19.0263657
          ],
          [
            72.8541757,
            19.0264498
          ],
          [
            72.8541597,
            19.0265014
          ],
          [
            72.8541106,
            19.0266672
          ],
          [
            72.8540849,
            19.0267528
          ],
          [
            72.8540381,
            19.0269092
          ]
        ]
      }
    },
    {
      "type": "Feature",
      "id": "osm-22849000",
      "properties": {
        "osmid": 22849000,
        "name": "Telang Cross Road",
        "highway": "residential",
        "highwayCategory": "Galli / Local Lane",
        "isGalli": true
      },
      "geometry": {
        "type": "LineString",
        "coordinates": [
          [
            72.85369,
            19.0265818
          ],
          [
            72.8533196,
            19.0268728
          ],
          [
            72.8529512,
            19.0271623
          ],
          [
            72.8527001,
            19.0273563
          ]
        ]
      }
    },
    {
      "type": "Feature",
      "id": "osm-22849013",
      "properties": {
        "osmid": 22849013,
        "name": "Wenden Avenue",
        "highway": "residential",
        "highwayCategory": "Galli / Local Lane",
        "isGalli": true
      },
      "geometry": {
        "type": "LineString",
        "coordinates": [
          [
            72.8487145,
            19.0309917
          ],
          [
            72.8486707,
            19.0311069
          ],
          [
            72.8486496,
            19.0313897
          ],
          [
            72.848829,
            19.0319293
          ],
          [
            72.849521,
            19.0329968
          ],
          [
            72.8502309,
            19.0340322
          ],
          [
            72.8503539,
            19.0342116
          ],
          [
            72.8503814,
            19.0342364
          ],
          [
            72.8504122,
            19.0342424
          ],
          [
            72.8504447,
            19.0342383
          ],
          [
            72.8508681,
            19.0339938
          ],
          [
            72.8509313,
            19.0339388
          ]
        ]
      }
    },
    {
      "type": "Feature",
      "id": "osm-22849015",
      "properties": {
        "osmid": 22849015,
        "name": "L J Marg",
        "highway": "tertiary",
        "highwayCategory": "Municipal Thoroughfare",
        "isGalli": false
      },
      "geometry": {
        "type": "LineString",
        "coordinates": [
          [
            72.8499194,
            19.0225542
          ],
          [
            72.8498814,
            19.0225266
          ],
          [
            72.8498336,
            19.022524
          ],
          [
            72.8497926,
            19.0225474
          ],
          [
            72.8497726,
            19.0225885
          ],
          [
            72.8497825,
            19.0226227
          ]
        ]
      }
    },
    {
      "type": "Feature",
      "id": "osm-22849023",
      "properties": {
        "osmid": 22849023,
        "name": "Scheme 5 Road no.6",
        "highway": "residential",
        "highwayCategory": "Galli / Local Lane",
        "isGalli": true
      },
      "geometry": {
        "type": "LineString",
        "coordinates": [
          [
            72.8493161,
            19.0217099
          ],
          [
            72.8484973,
            19.0222639
          ],
          [
            72.8484847,
            19.0222724
          ]
        ]
      }
    },
    {
      "type": "Feature",
      "id": "osm-22849060",
      "properties": {
        "osmid": 22849060,
        "name": "Scheme 6 Road no.1",
        "highway": "residential",
        "highwayCategory": "Galli / Local Lane",
        "isGalli": true
      },
      "geometry": {
        "type": "LineString",
        "coordinates": [
          [
            72.8539747,
            19.030099
          ],
          [
            72.8533551,
            19.0303407
          ],
          [
            72.8529891,
            19.0305177
          ],
          [
            72.8526692,
            19.0306701
          ],
          [
            72.8522654,
            19.0301012
          ],
          [
            72.8522204,
            19.0300378
          ],
          [
            72.8521979,
            19.0300061
          ],
          [
            72.8519996,
            19.029716
          ],
          [
            72.8518828,
            19.0295453
          ],
          [
            72.851267,
            19.0286448
          ]
        ]
      }
    },
    {
      "type": "Feature",
      "id": "osm-22849078",
      "properties": {
        "osmid": 22849078,
        "name": "Local Street",
        "highway": "residential",
        "highwayCategory": "Galli / Local Lane",
        "isGalli": true
      },
      "geometry": {
        "type": "LineString",
        "coordinates": [
          [
            72.8540381,
            19.0269092
          ],
          [
            72.8541692,
            19.0272611
          ]
        ]
      }
    },
    {
      "type": "Feature",
      "id": "osm-22849082",
      "properties": {
        "osmid": 22849082,
        "name": "Scheme 5 Road no.10",
        "highway": "residential",
        "highwayCategory": "Galli / Local Lane",
        "isGalli": true
      },
      "geometry": {
        "type": "LineString",
        "coordinates": [
          [
            72.8548024,
            19.029802
          ],
          [
            72.8561846,
            19.0300315
          ]
        ]
      }
    },
    {
      "type": "Feature",
      "id": "osm-22849084",
      "properties": {
        "osmid": 22849084,
        "name": "VJTI Marg",
        "highway": "residential",
        "highwayCategory": "Galli / Local Lane",
        "isGalli": true
      },
      "geometry": {
        "type": "LineString",
        "coordinates": [
          [
            72.8555661,
            19.0223476
          ],
          [
            72.8552726,
            19.02241
          ],
          [
            72.8550524,
            19.0224568
          ],
          [
            72.8543923,
            19.0225969
          ]
        ]
      }
    },
    {
      "type": "Feature",
      "id": "osm-22849085",
      "properties": {
        "osmid": 22849085,
        "name": "Bhandarkar Road",
        "highway": "tertiary",
        "highwayCategory": "Municipal Thoroughfare",
        "isGalli": false
      },
      "geometry": {
        "type": "LineString",
        "coordinates": [
          [
            72.8500744,
            19.0256042
          ],
          [
            72.8500807,
            19.0256463
          ]
        ]
      }
    },
    {
      "type": "Feature",
      "id": "osm-22849127",
      "properties": {
        "osmid": 22849127,
        "name": "King's Circle",
        "highway": "trunk",
        "highwayCategory": "Municipal Thoroughfare",
        "isGalli": false
      },
      "geometry": {
        "type": "LineString",
        "coordinates": [
          [
            72.8548297,
            19.0266746
          ],
          [
            72.8547937,
            19.0268596
          ],
          [
            72.854823,
            19.0270457
          ],
          [
            72.8548364,
            19.0270808
          ],
          [
            72.8548926,
            19.027183
          ],
          [
            72.8550243,
            19.0273186
          ],
          [
            72.8550966,
            19.0273652
          ],
          [
            72.8552453,
            19.027423
          ]
        ]
      }
    },
    {
      "type": "Feature",
      "id": "osm-22849157",
      "properties": {
        "osmid": 22849157,
        "name": "Sitaladevi Temple Road",
        "highway": "secondary",
        "highwayCategory": "Municipal Thoroughfare",
        "isGalli": false
      },
      "geometry": {
        "type": "LineString",
        "coordinates": [
          [
            72.8424175,
            19.0353966
          ],
          [
            72.8425561,
            19.0353903
          ],
          [
            72.8425888,
            19.0353888
          ],
          [
            72.8429394,
            19.0353729
          ],
          [
            72.8433568,
            19.0353539
          ],
          [
            72.8434468,
            19.0353498
          ],
          [
            72.8434699,
            19.0353488
          ],
          [
            72.8437488,
            19.0353318
          ],
          [
            72.8440148,
            19.0353156
          ],
          [
            72.8443852,
            19.0352931
          ],
          [
            72.8449302,
            19.0352799
          ],
          [
            72.8455434,
            19.0352548
          ],
          [
            72.8468811,
            19.0351942
          ],
          [
            72.8477514,
            19.0351547
          ]
        ]
      }
    },
    {
      "type": "Feature",
      "id": "osm-22849159",
      "properties": {
        "osmid": 22849159,
        "name": "Mia Mohd Chhotani Road",
        "highway": "tertiary",
        "highwayCategory": "Municipal Thoroughfare",
        "isGalli": false
      },
      "geometry": {
        "type": "LineString",
        "coordinates": [
          [
            72.8419758,
            19.0389255
          ],
          [
            72.842436,
            19.0390236
          ],
          [
            72.8425061,
            19.0390385
          ],
          [
            72.8429386,
            19.0391306
          ],
          [
            72.8430746,
            19.0391541
          ],
          [
            72.8432894,
            19.0391996
          ],
          [
            72.8435612,
            19.039253
          ],
          [
            72.8438844,
            19.0393165
          ],
          [
            72.8446638,
            19.0394697
          ],
          [
            72.8450824,
            19.0395519
          ],
          [
            72.8454288,
            19.03962
          ],
          [
            72.8454448,
            19.0396231
          ],
          [
            72.8457015,
            19.0396736
          ],
          [
            72.8457727,
            19.0396876
          ],
          [
            72.8463798,
            19.0398012
          ]
        ]
      }
    },
    {
      "type": "Feature",
      "id": "osm-22849193",
      "properties": {
        "osmid": 22849193,
        "name": "Sulochana Shetty Marg",
        "highway": "secondary",
        "highwayCategory": "Municipal Thoroughfare",
        "isGalli": false
      },
      "geometry": {
        "type": "LineString",
        "coordinates": [
          [
            72.8537905,
            19.0380522
          ],
          [
            72.8538625,
            19.0380177
          ],
          [
            72.8551074,
            19.0374517
          ],
          [
            72.8555688,
            19.037223
          ],
          [
            72.8560617,
            19.0369502
          ],
          [
            72.8561491,
            19.0368972
          ],
          [
            72.8562816,
            19.0368106
          ]
        ]
      }
    },
    {
      "type": "Feature",
      "id": "osm-22849285",
      "properties": {
        "osmid": 22849285,
        "name": "Pitamber Lane",
        "highway": "residential",
        "highwayCategory": "Galli / Local Lane",
        "isGalli": true
      },
      "geometry": {
        "type": "LineString",
        "coordinates": [
          [
            72.8452551,
            19.0385798
          ],
          [
            72.8456287,
            19.0386048
          ],
          [
            72.8456894,
            19.0386089
          ],
          [
            72.8461133,
            19.0386427
          ],
          [
            72.8462619,
            19.0386896
          ],
          [
            72.8470413,
            19.0389006
          ],
          [
            72.8471282,
            19.0389247
          ]
        ]
      }
    },
    {
      "type": "Feature",
      "id": "osm-22849318",
      "properties": {
        "osmid": 22849318,
        "name": "Local Street",
        "highway": "tertiary",
        "highwayCategory": "Municipal Thoroughfare",
        "isGalli": false
      },
      "geometry": {
        "type": "LineString",
        "coordinates": [
          [
            72.8452939,
            19.0376611
          ],
          [
            72.8457455,
            19.0376245
          ],
          [
            72.8459168,
            19.037607
          ],
          [
            72.846071,
            19.0375912
          ],
          [
            72.8463834,
            19.0375592
          ],
          [
            72.846637,
            19.0375332
          ],
          [
            72.8473912,
            19.0375829
          ],
          [
            72.8474825,
            19.0375907
          ]
        ]
      }
    },
    {
      "type": "Feature",
      "id": "osm-22849347",
      "properties": {
        "osmid": 22849347,
        "name": "Sion Bandra Link Road",
        "highway": "primary",
        "highwayCategory": "Municipal Thoroughfare",
        "isGalli": false
      },
      "geometry": {
        "type": "LineString",
        "coordinates": [
          [
            72.856338,
            19.0481672
          ],
          [
            72.8562022,
            19.0481967
          ],
          [
            72.8558198,
            19.0482643
          ],
          [
            72.8554107,
            19.0483531
          ],
          [
            72.8551083,
            19.0484117
          ],
          [
            72.854916,
            19.0484499
          ],
          [
            72.8547025,
            19.0484627
          ],
          [
            72.8544369,
            19.0484455
          ],
          [
            72.8542605,
            19.0484302
          ],
          [
            72.854099,
            19.0483988
          ],
          [
            72.8538586,
            19.0483228
          ],
          [
            72.8536737,
            19.0482559
          ],
          [
            72.853581,
            19.0482056
          ],
          [
            72.8534576,
            19.0481356
          ],
          [
            72.8533302,
            19.0480527
          ],
          [
            72.8530601,
            19.0478659
          ],
          [
            72.8527479,
            19.0476041
          ],
          [
            72.8525737,
            19.0474474
          ],
          [
            72.8523807,
            19.0472189
          ],
          [
            72.8521245,
            19.0470064
          ],
          [
            72.8519716,
            19.0468797
          ],
          [
            72.8518556,
            19.0468098
          ]
        ]
      }
    },
    {
      "type": "Feature",
      "id": "osm-22849355",
      "properties": {
        "osmid": 22849355,
        "name": "Lt Dilip Gupte Marg",
        "highway": "residential",
        "highwayCategory": "Galli / Local Lane",
        "isGalli": true
      },
      "geometry": {
        "type": "LineString",
        "coordinates": [
          [
            72.839862,
            19.029441
          ],
          [
            72.8398703,
            19.0295032
          ],
          [
            72.839944,
            19.0300532
          ],
          [
            72.8399567,
            19.0301482
          ],
          [
            72.8399958,
            19.0304574
          ],
          [
            72.8400158,
            19.0307277
          ],
          [
            72.8400155,
            19.030758
          ],
          [
            72.8400144,
            19.0308833
          ],
          [
            72.8400112,
            19.0312331
          ],
          [
            72.8400143,
            19.0312781
          ],
          [
            72.8401031,
            19.0319608
          ],
          [
            72.8401256,
            19.0321154
          ],
          [
            72.8401473,
            19.0322656
          ],
          [
            72.8401535,
            19.0323081
          ],
          [
            72.8401812,
            19.0324994
          ],
          [
            72.8402508,
            19.0330147
          ],
          [
            72.8402959,
            19.0333133
          ],
          [
            72.8403436,
            19.034113
          ],
          [
            72.8403477,
            19.0341807
          ],
          [
            72.8403502,
            19.0342221
          ],
          [
            72.8403538,
            19.0342832
          ],
          [
            72.8403596,
            19.0343801
          ],
          [
            72.8404203,
            19.0349696
          ],
          [
            72.8404838,
            19.0355864
          ]
        ]
      }
    },
    {
      "type": "Feature",
      "id": "osm-22849359",
      "properties": {
        "osmid": 22849359,
        "name": "Local Street",
        "highway": "residential",
        "highwayCategory": "Galli / Local Lane",
        "isGalli": true
      },
      "geometry": {
        "type": "LineString",
        "coordinates": [
          [
            72.8435127,
            19.0428475
          ],
          [
            72.8435127,
            19.0425938
          ],
          [
            72.8435266,
            19.0419754
          ],
          [
            72.8435309,
            19.0417825
          ],
          [
            72.8435385,
            19.0414439
          ],
          [
            72.8436243,
            19.0409895
          ],
          [
            72.8438742,
            19.0404701
          ]
        ]
      }
    },
    {
      "type": "Feature",
      "id": "osm-22849370",
      "properties": {
        "osmid": 22849370,
        "name": "Soonawala Agiary Lane",
        "highway": "residential",
        "highwayCategory": "Galli / Local Lane",
        "isGalli": true
      },
      "geometry": {
        "type": "LineString",
        "coordinates": [
          [
            72.8425016,
            19.0416012
          ],
          [
            72.8424015,
            19.0417202
          ]
        ]
      }
    },
    {
      "type": "Feature",
      "id": "osm-22849373",
      "properties": {
        "osmid": 22849373,
        "name": "Soonawala Agiary Lane",
        "highway": "residential",
        "highwayCategory": "Galli / Local Lane",
        "isGalli": true
      },
      "geometry": {
        "type": "LineString",
        "coordinates": [
          [
            72.8425923,
            19.0414555
          ],
          [
            72.8425016,
            19.0416012
          ]
        ]
      }
    },
    {
      "type": "Feature",
      "id": "osm-22849382",
      "properties": {
        "osmid": 22849382,
        "name": "Tabkeshwari Mahadev Mandir Road",
        "highway": "residential",
        "highwayCategory": "Galli / Local Lane",
        "isGalli": true
      },
      "geometry": {
        "type": "LineString",
        "coordinates": [
          [
            72.8398481,
            19.0377708
          ],
          [
            72.8398694,
            19.0380419
          ],
          [
            72.8398747,
            19.0382082
          ],
          [
            72.8398798,
            19.0382798
          ],
          [
            72.8398863,
            19.038349
          ],
          [
            72.8399104,
            19.0384746
          ],
          [
            72.8400287,
            19.0388745
          ]
        ]
      }
    },
    {
      "type": "Feature",
      "id": "osm-22849387",
      "properties": {
        "osmid": 22849387,
        "name": "Soonawala Agiary Lane",
        "highway": "residential",
        "highwayCategory": "Galli / Local Lane",
        "isGalli": true
      },
      "geometry": {
        "type": "LineString",
        "coordinates": [
          [
            72.8424015,
            19.0417202
          ],
          [
            72.8420045,
            19.0421509
          ],
          [
            72.8416337,
            19.0425207
          ],
          [
            72.8415577,
            19.0426443
          ],
          [
            72.84131,
            19.0430468
          ]
        ]
      }
    },
    {
      "type": "Feature",
      "id": "osm-22849389",
      "properties": {
        "osmid": 22849389,
        "name": "St michael school road",
        "highway": "residential",
        "highwayCategory": "Galli / Local Lane",
        "isGalli": true
      },
      "geometry": {
        "type": "LineString",
        "coordinates": [
          [
            72.8416345,
            19.0410823
          ],
          [
            72.841353,
            19.0416423
          ],
          [
            72.8413054,
            19.041866
          ],
          [
            72.8413107,
            19.0420659
          ],
          [
            72.8414228,
            19.0423518
          ],
          [
            72.8416337,
            19.0425207
          ]
        ]
      }
    },
    {
      "type": "Feature",
      "id": "osm-22849401",
      "properties": {
        "osmid": 22849401,
        "name": "Mori Road",
        "highway": "secondary",
        "highwayCategory": "Municipal Thoroughfare",
        "isGalli": false
      },
      "geometry": {
        "type": "LineString",
        "coordinates": [
          [
            72.8401526,
            19.0428643
          ],
          [
            72.8407285,
            19.0429551
          ],
          [
            72.8407611,
            19.0429602
          ],
          [
            72.8411748,
            19.0430255
          ],
          [
            72.84131,
            19.0430468
          ],
          [
            72.8424129,
            19.0432483
          ],
          [
            72.8424822,
            19.0432522
          ],
          [
            72.8427127,
            19.0432568
          ],
          [
            72.8428504,
            19.0432596
          ],
          [
            72.8428683,
            19.0432588
          ],
          [
            72.8429388,
            19.0432556
          ],
          [
            72.843463,
            19.0432146
          ],
          [
            72.8435628,
            19.0432146
          ],
          [
            72.843793,
            19.0432182
          ],
          [
            72.8440806,
            19.0432474
          ],
          [
            72.8445164,
            19.0433039
          ],
          [
            72.8448494,
            19.0433358
          ],
          [
            72.8449936,
            19.0433444
          ]
        ]
      }
    },
    {
      "type": "Feature",
      "id": "osm-22849404",
      "properties": {
        "osmid": 22849404,
        "name": "Narayan Pathare Marg",
        "highway": "residential",
        "highwayCategory": "Galli / Local Lane",
        "isGalli": true
      },
      "geometry": {
        "type": "LineString",
        "coordinates": [
          [
            72.8455434,
            19.0352548
          ],
          [
            72.8455516,
            19.0357659
          ],
          [
            72.8455545,
            19.0359505
          ],
          [
            72.8455555,
            19.0360105
          ]
        ]
      }
    },
    {
      "type": "Feature",
      "id": "osm-22849406",
      "properties": {
        "osmid": 22849406,
        "name": "Local Street",
        "highway": "residential",
        "highwayCategory": "Galli / Local Lane",
        "isGalli": true
      },
      "geometry": {
        "type": "LineString",
        "coordinates": [
          [
            72.8448669,
            19.0345698
          ],
          [
            72.8448946,
            19.0346183
          ],
          [
            72.8449302,
            19.0352799
          ]
        ]
      }
    },
    {
      "type": "Feature",
      "id": "osm-22849407",
      "properties": {
        "osmid": 22849407,
        "name": "R. Raikar Marg",
        "highway": "tertiary",
        "highwayCategory": "Municipal Thoroughfare",
        "isGalli": false
      },
      "geometry": {
        "type": "LineString",
        "coordinates": [
          [
            72.8401288,
            19.0359544
          ],
          [
            72.8401297,
            19.0359667
          ],
          [
            72.840177,
            19.0366665
          ],
          [
            72.8401762,
            19.0367595
          ],
          [
            72.8401648,
            19.0368764
          ],
          [
            72.8401186,
            19.0370115
          ],
          [
            72.8399118,
            19.037083
          ]
        ]
      }
    },
    {
      "type": "Feature",
      "id": "osm-22849408",
      "properties": {
        "osmid": 22849408,
        "name": "R. Raikar Marg",
        "highway": "tertiary",
        "highwayCategory": "Municipal Thoroughfare",
        "isGalli": false
      },
      "geometry": {
        "type": "LineString",
        "coordinates": [
          [
            72.8396512,
            19.0357535
          ],
          [
            72.8398168,
            19.0358265
          ],
          [
            72.8401288,
            19.0359544
          ]
        ]
      }
    },
    {
      "type": "Feature",
      "id": "osm-22849412",
      "properties": {
        "osmid": 22849412,
        "name": "Bhagoji Balooji Keer Marg",
        "highway": "tertiary",
        "highwayCategory": "Municipal Thoroughfare",
        "isGalli": false
      },
      "geometry": {
        "type": "LineString",
        "coordinates": [
          [
            72.8422532,
            19.0370251
          ],
          [
            72.8423448,
            19.0370177
          ]
        ]
      }
    },
    {
      "type": "Feature",
      "id": "osm-22849413",
      "properties": {
        "osmid": 22849413,
        "name": "Local Street",
        "highway": "residential",
        "highwayCategory": "Galli / Local Lane",
        "isGalli": true
      },
      "geometry": {
        "type": "LineString",
        "coordinates": [
          [
            72.8443852,
            19.0352931
          ],
          [
            72.844447,
            19.0356552
          ],
          [
            72.844475,
            19.0358189
          ],
          [
            72.8445448,
            19.0362277
          ],
          [
            72.844557,
            19.036299
          ],
          [
            72.8445792,
            19.0366214
          ],
          [
            72.8445414,
            19.0368565
          ],
          [
            72.8445066,
            19.0370501
          ]
        ]
      }
    },
    {
      "type": "Feature",
      "id": "osm-22849414",
      "properties": {
        "osmid": 22849414,
        "name": "Kapad Bazaar Road",
        "highway": "tertiary",
        "highwayCategory": "Municipal Thoroughfare",
        "isGalli": false
      },
      "geometry": {
        "type": "LineString",
        "coordinates": [
          [
            72.8415119,
            19.037038
          ],
          [
            72.8411307,
            19.037042
          ],
          [
            72.8410797,
            19.0370444
          ],
          [
            72.8403144,
            19.0370799
          ],
          [
            72.8402521,
            19.0370712
          ],
          [
            72.8401959,
            19.037052
          ],
          [
            72.8401186,
            19.0370115
          ]
        ]
      }
    },
    {
      "type": "Feature",
      "id": "osm-22849420",
      "properties": {
        "osmid": 22849420,
        "name": "Local Street",
        "highway": "residential",
        "highwayCategory": "Galli / Local Lane",
        "isGalli": true
      },
      "geometry": {
        "type": "LineString",
        "coordinates": [
          [
            72.8443867,
            19.0346714
          ],
          [
            72.8443766,
            19.0348757
          ],
          [
            72.8443761,
            19.0349281
          ],
          [
            72.8443852,
            19.0352931
          ]
        ]
      }
    },
    {
      "type": "Feature",
      "id": "osm-22849424",
      "properties": {
        "osmid": 22849424,
        "name": "Tabkeshwari Mahadev Mandir Road",
        "highway": "residential",
        "highwayCategory": "Galli / Local Lane",
        "isGalli": true
      },
      "geometry": {
        "type": "LineString",
        "coordinates": [
          [
            72.8399118,
            19.037083
          ],
          [
            72.8398732,
            19.0372657
          ],
          [
            72.8398627,
            19.0374135
          ],
          [
            72.8398481,
            19.0377708
          ]
        ]
      }
    },
    {
      "type": "Feature",
      "id": "osm-22849445",
      "properties": {
        "osmid": 22849445,
        "name": "Gabriel Road",
        "highway": "tertiary",
        "highwayCategory": "Municipal Thoroughfare",
        "isGalli": false
      },
      "geometry": {
        "type": "LineString",
        "coordinates": [
          [
            72.8450829,
            19.0376964
          ],
          [
            72.8450078,
            19.037965
          ],
          [
            72.8449917,
            19.0380034
          ],
          [
            72.8449769,
            19.0380374
          ],
          [
            72.8449633,
            19.0380687
          ],
          [
            72.844877,
            19.0381886
          ],
          [
            72.8448174,
            19.0382715
          ],
          [
            72.8446114,
            19.0384013
          ],
          [
            72.8445524,
            19.0384159
          ],
          [
            72.8441906,
            19.0385169
          ],
          [
            72.8441393,
            19.0385312
          ],
          [
            72.8438632,
            19.0385094
          ],
          [
            72.8437324,
            19.0384991
          ],
          [
            72.8435572,
            19.0384726
          ],
          [
            72.8434676,
            19.0384747
          ],
          [
            72.8432042,
            19.0384882
          ],
          [
            72.8431873,
            19.0384893
          ],
          [
            72.8431649,
            19.0384905
          ],
          [
            72.8426115,
            19.0385312
          ],
          [
            72.8425289,
            19.0385207
          ],
          [
            72.8423274,
            19.038495
          ],
          [
            72.8422466,
            19.0384847
          ],
          [
            72.842074,
            19.0384627
          ]
        ]
      }
    },
    {
      "type": "Feature",
      "id": "osm-22849449",
      "properties": {
        "osmid": 22849449,
        "name": "Mori Road",
        "highway": "tertiary",
        "highwayCategory": "Municipal Thoroughfare",
        "isGalli": false
      },
      "geometry": {
        "type": "LineString",
        "coordinates": [
          [
            72.8400528,
            19.0428199
          ],
          [
            72.8401526,
            19.0428643
          ]
        ]
      }
    },
    {
      "type": "Feature",
      "id": "osm-22849450",
      "properties": {
        "osmid": 22849450,
        "name": "Tabkeshwari Mahadev Mandir Road",
        "highway": "residential",
        "highwayCategory": "Galli / Local Lane",
        "isGalli": true
      },
      "geometry": {
        "type": "LineString",
        "coordinates": [
          [
            72.8403301,
            19.0407347
          ],
          [
            72.8403634,
            19.0411037
          ],
          [
            72.8403806,
            19.0412954
          ],
          [
            72.8404499,
            19.0420639
          ]
        ]
      }
    },
    {
      "type": "Feature",
      "id": "osm-22849452",
      "properties": {
        "osmid": 22849452,
        "name": "HMA Faqir Street",
        "highway": "residential",
        "highwayCategory": "Galli / Local Lane",
        "isGalli": true
      },
      "geometry": {
        "type": "LineString",
        "coordinates": [
          [
            72.8394959,
            19.0399756
          ],
          [
            72.8391898,
            19.0400614
          ],
          [
            72.8391248,
            19.0401292
          ],
          [
            72.8390495,
            19.0402512
          ],
          [
            72.8389504,
            19.0406285
          ],
          [
            72.8388963,
            19.0410063
          ],
          [
            72.8388773,
            19.0412972
          ],
          [
            72.8388754,
            19.041514
          ],
          [
            72.8388828,
            19.0419748
          ]
        ]
      }
    },
    {
      "type": "Feature",
      "id": "osm-22849455",
      "properties": {
        "osmid": 22849455,
        "name": "S B Kadri Marg",
        "highway": "residential",
        "highwayCategory": "Galli / Local Lane",
        "isGalli": true
      },
      "geometry": {
        "type": "LineString",
        "coordinates": [
          [
            72.8403301,
            19.0407347
          ],
          [
            72.8408447,
            19.0406219
          ],
          [
            72.8411159,
            19.0406862
          ]
        ]
      }
    },
    {
      "type": "Feature",
      "id": "osm-22849458",
      "properties": {
        "osmid": 22849458,
        "name": "Local Street",
        "highway": "residential",
        "highwayCategory": "Galli / Local Lane",
        "isGalli": true
      },
      "geometry": {
        "type": "LineString",
        "coordinates": [
          [
            72.8450824,
            19.0395519
          ],
          [
            72.8450094,
            19.0396713
          ],
          [
            72.8449183,
            19.0398202
          ],
          [
            72.8444869,
            19.0404259
          ],
          [
            72.8438742,
            19.0404701
          ]
        ]
      }
    },
    {
      "type": "Feature",
      "id": "osm-22849464",
      "properties": {
        "osmid": 22849464,
        "name": "Soonawala Agiary Lane",
        "highway": "residential",
        "highwayCategory": "Galli / Local Lane",
        "isGalli": true
      },
      "geometry": {
        "type": "LineString",
        "coordinates": [
          [
            72.8441393,
            19.0385312
          ],
          [
            72.8438844,
            19.0393165
          ],
          [
            72.8433739,
            19.0402368
          ],
          [
            72.8433089,
            19.0403494
          ],
          [
            72.843255,
            19.0404357
          ],
          [
            72.8431087,
            19.040651
          ],
          [
            72.8428947,
            19.0409733
          ]
        ]
      }
    },
    {
      "type": "Feature",
      "id": "osm-22849467",
      "properties": {
        "osmid": 22849467,
        "name": "Road Number 5",
        "highway": "residential",
        "highwayCategory": "Galli / Local Lane",
        "isGalli": true
      },
      "geometry": {
        "type": "LineString",
        "coordinates": [
          [
            72.8429386,
            19.0391306
          ],
          [
            72.8427896,
            19.039882
          ]
        ]
      }
    },
    {
      "type": "Feature",
      "id": "osm-22849470",
      "properties": {
        "osmid": 22849470,
        "name": "L. J. Cross Road No 2",
        "highway": "residential",
        "highwayCategory": "Galli / Local Lane",
        "isGalli": true
      },
      "geometry": {
        "type": "LineString",
        "coordinates": [
          [
            72.8394959,
            19.0399756
          ],
          [
            72.8402855,
            19.0398699
          ],
          [
            72.8407267,
            19.0398249
          ],
          [
            72.8414469,
            19.0400078
          ]
        ]
      }
    },
    {
      "type": "Feature",
      "id": "osm-22849475",
      "properties": {
        "osmid": 22849475,
        "name": "Local Street",
        "highway": "residential",
        "highwayCategory": "Galli / Local Lane",
        "isGalli": true
      },
      "geometry": {
        "type": "LineString",
        "coordinates": [
          [
            72.8394802,
            19.0395231
          ],
          [
            72.8391278,
            19.0395818
          ]
        ]
      }
    },
    {
      "type": "Feature",
      "id": "osm-22849478",
      "properties": {
        "osmid": 22849478,
        "name": "Local Street",
        "highway": "residential",
        "highwayCategory": "Galli / Local Lane",
        "isGalli": true
      },
      "geometry": {
        "type": "LineString",
        "coordinates": [
          [
            72.8392479,
            19.0380834
          ],
          [
            72.8388183,
            19.0381721
          ],
          [
            72.8387794,
            19.0382628
          ],
          [
            72.8385096,
            19.0387523
          ]
        ]
      }
    },
    {
      "type": "Feature",
      "id": "osm-22849481",
      "properties": {
        "osmid": 22849481,
        "name": "Local Street",
        "highway": "residential",
        "highwayCategory": "Galli / Local Lane",
        "isGalli": true
      },
      "geometry": {
        "type": "LineString",
        "coordinates": [
          [
            72.8391797,
            19.0378798
          ],
          [
            72.8398481,
            19.0377708
          ]
        ]
      }
    },
    {
      "type": "Feature",
      "id": "osm-22849487",
      "properties": {
        "osmid": 22849487,
        "name": "Local Street",
        "highway": "residential",
        "highwayCategory": "Galli / Local Lane",
        "isGalli": true
      },
      "geometry": {
        "type": "LineString",
        "coordinates": [
          [
            72.8416106,
            19.0455091
          ],
          [
            72.8415907,
            19.0455886
          ],
          [
            72.8413384,
            19.0464558
          ],
          [
            72.8412507,
            19.0467605
          ],
          [
            72.8411953,
            19.0469528
          ]
        ]
      }
    },
    {
      "type": "Feature",
      "id": "osm-22849492",
      "properties": {
        "osmid": 22849492,
        "name": "SL Raheja Hospital Marg",
        "highway": "secondary",
        "highwayCategory": "Municipal Thoroughfare",
        "isGalli": false
      },
      "geometry": {
        "type": "LineString",
        "coordinates": [
          [
            72.8438297,
            19.046054
          ],
          [
            72.8437436,
            19.0460672
          ],
          [
            72.8431537,
            19.0459217
          ],
          [
            72.842468,
            19.0457283
          ]
        ]
      }
    },
    {
      "type": "Feature",
      "id": "osm-22849498",
      "properties": {
        "osmid": 22849498,
        "name": "Local Street",
        "highway": "residential",
        "highwayCategory": "Galli / Local Lane",
        "isGalli": true
      },
      "geometry": {
        "type": "LineString",
        "coordinates": [
          [
            72.8436442,
            19.0370456
          ],
          [
            72.8435572,
            19.0384726
          ]
        ]
      }
    },
    {
      "type": "Feature",
      "id": "osm-22849514",
      "properties": {
        "osmid": 22849514,
        "name": "Local Street",
        "highway": "residential",
        "highwayCategory": "Galli / Local Lane",
        "isGalli": true
      },
      "geometry": {
        "type": "LineString",
        "coordinates": [
          [
            72.8387133,
            19.0390304
          ],
          [
            72.8388033,
            19.0390904
          ],
          [
            72.8388806,
            19.0391534
          ],
          [
            72.838896,
            19.0391825
          ],
          [
            72.838882,
            19.0393928
          ],
          [
            72.8388674,
            19.0394176
          ],
          [
            72.8388425,
            19.0394294
          ],
          [
            72.8386079,
            19.039426
          ],
          [
            72.8385821,
            19.0394004
          ],
          [
            72.838578,
            19.039373
          ],
          [
            72.8385903,
            19.0392679
          ],
          [
            72.8386096,
            19.0391531
          ],
          [
            72.8386179,
            19.0391282
          ],
          [
            72.8386359,
            19.0391052
          ],
          [
            72.8386805,
            19.0390678
          ],
          [
            72.8387008,
            19.0390504
          ],
          [
            72.8387133,
            19.0390304
          ]
        ]
      }
    },
    {
      "type": "Feature",
      "id": "osm-22849519",
      "properties": {
        "osmid": 22849519,
        "name": "Local Street",
        "highway": "living_street",
        "highwayCategory": "Galli / Local Lane",
        "isGalli": true
      },
      "geometry": {
        "type": "LineString",
        "coordinates": [
          [
            72.8409116,
            19.0386574
          ],
          [
            72.8400287,
            19.0388745
          ]
        ]
      }
    },
    {
      "type": "Feature",
      "id": "osm-22849520",
      "properties": {
        "osmid": 22849520,
        "name": "Local Street",
        "highway": "residential",
        "highwayCategory": "Galli / Local Lane",
        "isGalli": true
      },
      "geometry": {
        "type": "LineString",
        "coordinates": [
          [
            72.8398481,
            19.0377708
          ],
          [
            72.8401822,
            19.0378801
          ],
          [
            72.8409182,
            19.0382828
          ],
          [
            72.8409356,
            19.0385034
          ],
          [
            72.8409116,
            19.0386574
          ],
          [
            72.8408978,
            19.038744
          ],
          [
            72.8408873,
            19.0388101
          ],
          [
            72.8408593,
            19.0389857
          ],
          [
            72.8407684,
            19.0395567
          ],
          [
            72.8407267,
            19.0398249
          ]
        ]
      }
    },
    {
      "type": "Feature",
      "id": "osm-22849521",
      "properties": {
        "osmid": 22849521,
        "name": "Tabkeshwari Mahadev Mandir Road",
        "highway": "residential",
        "highwayCategory": "Galli / Local Lane",
        "isGalli": true
      },
      "geometry": {
        "type": "LineString",
        "coordinates": [
          [
            72.8400287,
            19.0388745
          ],
          [
            72.840245,
            19.0397129
          ],
          [
            72.8402855,
            19.0398699
          ]
        ]
      }
    },
    {
      "type": "Feature",
      "id": "osm-22849523",
      "properties": {
        "osmid": 22849523,
        "name": "Soonawala Agiary Lane",
        "highway": "residential",
        "highwayCategory": "Galli / Local Lane",
        "isGalli": true
      },
      "geometry": {
        "type": "LineString",
        "coordinates": [
          [
            72.8428947,
            19.0409733
          ],
          [
            72.8425923,
            19.0414555
          ]
        ]
      }
    },
    {
      "type": "Feature",
      "id": "osm-22849535",
      "properties": {
        "osmid": 22849535,
        "name": "Local Street",
        "highway": "residential",
        "highwayCategory": "Galli / Local Lane",
        "isGalli": true
      },
      "geometry": {
        "type": "LineString",
        "coordinates": [
          [
            72.8438742,
            19.0404701
          ],
          [
            72.8433739,
            19.0402368
          ]
        ]
      }
    },
    {
      "type": "Feature",
      "id": "osm-22849536",
      "properties": {
        "osmid": 22849536,
        "name": "Road Number 5",
        "highway": "residential",
        "highwayCategory": "Galli / Local Lane",
        "isGalli": true
      },
      "geometry": {
        "type": "LineString",
        "coordinates": [
          [
            72.8427896,
            19.039882
          ],
          [
            72.8427511,
            19.0399847
          ],
          [
            72.8427116,
            19.040082
          ],
          [
            72.8425626,
            19.0403214
          ],
          [
            72.8423712,
            19.0406001
          ]
        ]
      }
    },
    {
      "type": "Feature",
      "id": "osm-22849540",
      "properties": {
        "osmid": 22849540,
        "name": "Tabkeshwari Mahadev Mandir Road",
        "highway": "residential",
        "highwayCategory": "Galli / Local Lane",
        "isGalli": true
      },
      "geometry": {
        "type": "LineString",
        "coordinates": [
          [
            72.8402855,
            19.0398699
          ],
          [
            72.8403199,
            19.0405369
          ],
          [
            72.8403301,
            19.0407347
          ]
        ]
      }
    },
    {
      "type": "Feature",
      "id": "osm-22849541",
      "properties": {
        "osmid": 22849541,
        "name": "Sitaladevi Temple Road (West)",
        "highway": "secondary",
        "highwayCategory": "Municipal Thoroughfare",
        "isGalli": false
      },
      "geometry": {
        "type": "LineString",
        "coordinates": [
          [
            72.8390308,
            19.0358761
          ],
          [
            72.8391141,
            19.0358823
          ],
          [
            72.8396512,
            19.0357535
          ],
          [
            72.8397688,
            19.0357299
          ],
          [
            72.8402653,
            19.0356303
          ],
          [
            72.8404838,
            19.0355864
          ]
        ]
      }
    },
    {
      "type": "Feature",
      "id": "osm-22849542",
      "properties": {
        "osmid": 22849542,
        "name": "Local Street",
        "highway": "residential",
        "highwayCategory": "Galli / Local Lane",
        "isGalli": true
      },
      "geometry": {
        "type": "LineString",
        "coordinates": [
          [
            72.8438401,
            19.0461585
          ],
          [
            72.843824,
            19.0463588
          ],
          [
            72.8433953,
            19.0472926
          ]
        ]
      }
    },
    {
      "type": "Feature",
      "id": "osm-22849567",
      "properties": {
        "osmid": 22849567,
        "name": "Mahim Sion Link Road",
        "highway": "secondary",
        "highwayCategory": "Municipal Thoroughfare",
        "isGalli": false
      },
      "geometry": {
        "type": "LineString",
        "coordinates": [
          [
            72.8518556,
            19.0468098
          ],
          [
            72.8517442,
            19.0467407
          ],
          [
            72.8516283,
            19.0466695
          ],
          [
            72.8514848,
            19.0466
          ],
          [
            72.8513401,
            19.0465277
          ],
          [
            72.8509983,
            19.0464201
          ],
          [
            72.8498504,
            19.0461917
          ],
          [
            72.8494697,
            19.0460927
          ],
          [
            72.8494087,
            19.0460763
          ],
          [
            72.8493247,
            19.0460567
          ],
          [
            72.8491376,
            19.0460149
          ],
          [
            72.8485169,
            19.0458722
          ],
          [
            72.8483797,
            19.0458422
          ]
        ]
      }
    },
    {
      "type": "Feature",
      "id": "osm-22849581",
      "properties": {
        "osmid": 22849581,
        "name": "Lady Jamshedji Road",
        "highway": "primary",
        "highwayCategory": "Municipal Thoroughfare",
        "isGalli": false
      },
      "geometry": {
        "type": "LineString",
        "coordinates": [
          [
            72.8404096,
            19.0250959
          ],
          [
            72.8404563,
            19.0251787
          ]
        ]
      }
    },
    {
      "type": "Feature",
      "id": "osm-22849589",
      "properties": {
        "osmid": 22849589,
        "name": "Swatantrya Veer Savarkar Marg",
        "highway": "primary",
        "highwayCategory": "Municipal Thoroughfare",
        "isGalli": false
      },
      "geometry": {
        "type": "LineString",
        "coordinates": [
          [
            72.8238738,
            19.0132009
          ],
          [
            72.8239586,
            19.013247
          ],
          [
            72.8239907,
            19.0132644
          ],
          [
            72.8243237,
            19.0134214
          ],
          [
            72.8244159,
            19.0134792
          ],
          [
            72.8256913,
            19.0142791
          ],
          [
            72.8264798,
            19.0147258
          ],
          [
            72.8274206,
            19.0153528
          ],
          [
            72.8282029,
            19.0159818
          ],
          [
            72.82849,
            19.0161307
          ]
        ]
      }
    },
    {
      "type": "Feature",
      "id": "osm-22849628",
      "properties": {
        "osmid": 22849628,
        "name": "Bai Padmabai Thakkar Marg",
        "highway": "tertiary",
        "highwayCategory": "Municipal Thoroughfare",
        "isGalli": false
      },
      "geometry": {
        "type": "LineString",
        "coordinates": [
          [
            72.8407153,
            19.0252851
          ],
          [
            72.8409827,
            19.0253762
          ],
          [
            72.841387,
            19.0255138
          ],
          [
            72.8414547,
            19.0255368
          ],
          [
            72.8415445,
            19.0255645
          ],
          [
            72.8419786,
            19.025736
          ],
          [
            72.8421775,
            19.0258116
          ],
          [
            72.8424167,
            19.025891
          ],
          [
            72.8427965,
            19.0260352
          ],
          [
            72.8430154,
            19.0261096
          ],
          [
            72.8431021,
            19.0261321
          ]
        ]
      }
    },
    {
      "type": "Feature",
      "id": "osm-22849633",
      "properties": {
        "osmid": 22849633,
        "name": "J K Sawant Marg",
        "highway": "tertiary",
        "highwayCategory": "Municipal Thoroughfare",
        "isGalli": false
      },
      "geometry": {
        "type": "LineString",
        "coordinates": [
          [
            72.8424691,
            19.0228066
          ],
          [
            72.8425205,
            19.0228961
          ],
          [
            72.8426542,
            19.0231881
          ],
          [
            72.842866,
            19.0236248
          ],
          [
            72.8429023,
            19.0236996
          ],
          [
            72.8429798,
            19.0239649
          ],
          [
            72.8430286,
            19.0241946
          ],
          [
            72.8430447,
            19.0242703
          ],
          [
            72.843054,
            19.0243588
          ],
          [
            72.8430647,
            19.0244614
          ],
          [
            72.8430787,
            19.0245952
          ],
          [
            72.8430939,
            19.0247406
          ],
          [
            72.8431103,
            19.0248967
          ],
          [
            72.8431212,
            19.0250013
          ],
          [
            72.8431997,
            19.0260491
          ]
        ]
      }
    },
    {
      "type": "Feature",
      "id": "osm-22849635",
      "properties": {
        "osmid": 22849635,
        "name": "Ganesh Peth Lane",
        "highway": "residential",
        "highwayCategory": "Galli / Local Lane",
        "isGalli": true
      },
      "geometry": {
        "type": "LineString",
        "coordinates": [
          [
            72.8412516,
            19.021976
          ],
          [
            72.8414742,
            19.0224386
          ],
          [
            72.8415111,
            19.0225124
          ],
          [
            72.8416711,
            19.0228434
          ],
          [
            72.8416802,
            19.0228623
          ],
          [
            72.8416904,
            19.0228843
          ],
          [
            72.8417009,
            19.0229067
          ],
          [
            72.8417109,
            19.0229274
          ],
          [
            72.8418659,
            19.0232459
          ],
          [
            72.8418912,
            19.0232988
          ]
        ]
      }
    },
    {
      "type": "Feature",
      "id": "osm-22849638",
      "properties": {
        "osmid": 22849638,
        "name": "Local Street",
        "highway": "residential",
        "highwayCategory": "Galli / Local Lane",
        "isGalli": true
      },
      "geometry": {
        "type": "LineString",
        "coordinates": [
          [
            72.8398884,
            19.0231373
          ],
          [
            72.8396582,
            19.0233371
          ],
          [
            72.8393263,
            19.023652
          ]
        ]
      }
    },
    {
      "type": "Feature",
      "id": "osm-22849639",
      "properties": {
        "osmid": 22849639,
        "name": "Ram Maruti Marg",
        "highway": "residential",
        "highwayCategory": "Galli / Local Lane",
        "isGalli": true
      },
      "geometry": {
        "type": "LineString",
        "coordinates": [
          [
            72.8403112,
            19.0222269
          ],
          [
            72.8408435,
            19.0228133
          ],
          [
            72.8408676,
            19.0228399
          ],
          [
            72.8408858,
            19.0228599
          ],
          [
            72.8409908,
            19.0229756
          ],
          [
            72.841128,
            19.0233029
          ],
          [
            72.8412324,
            19.0237222
          ]
        ]
      }
    },
    {
      "type": "Feature",
      "id": "osm-22849640",
      "properties": {
        "osmid": 22849640,
        "name": "D L Vaidya Marg",
        "highway": "residential",
        "highwayCategory": "Galli / Local Lane",
        "isGalli": true
      },
      "geometry": {
        "type": "LineString",
        "coordinates": [
          [
            72.8389689,
            19.0221112
          ],
          [
            72.8393271,
            19.022511
          ],
          [
            72.8396919,
            19.022918
          ],
          [
            72.8397883,
            19.0230256
          ],
          [
            72.8398123,
            19.0230524
          ],
          [
            72.8398884,
            19.0231373
          ],
          [
            72.8400134,
            19.0232789
          ],
          [
            72.8402052,
            19.0234962
          ],
          [
            72.8404575,
            19.0237816
          ],
          [
            72.8409084,
            19.0242914
          ]
        ]
      }
    },
    {
      "type": "Feature",
      "id": "osm-22849644",
      "properties": {
        "osmid": 22849644,
        "name": "Pandit Gunidas Road",
        "highway": "residential",
        "highwayCategory": "Galli / Local Lane",
        "isGalli": true
      },
      "geometry": {
        "type": "LineString",
        "coordinates": [
          [
            72.8403596,
            19.0343801
          ],
          [
            72.8412142,
            19.0343089
          ],
          [
            72.842225,
            19.0342359
          ]
        ]
      }
    },
    {
      "type": "Feature",
      "id": "osm-22849645",
      "properties": {
        "osmid": 22849645,
        "name": "Shiv Sena Bhavan Path",
        "highway": "residential",
        "highwayCategory": "Galli / Local Lane",
        "isGalli": true
      },
      "geometry": {
        "type": "LineString",
        "coordinates": [
          [
            72.8388321,
            19.0223675
          ],
          [
            72.8389596,
            19.0225174
          ],
          [
            72.8396582,
            19.0233371
          ],
          [
            72.8397766,
            19.0234629
          ],
          [
            72.8399594,
            19.023657
          ],
          [
            72.8407565,
            19.0245583
          ]
        ]
      }
    },
    {
      "type": "Feature",
      "id": "osm-22849654",
      "properties": {
        "osmid": 22849654,
        "name": "Dnanyeshwar Mandir Marg",
        "highway": "residential",
        "highwayCategory": "Galli / Local Lane",
        "isGalli": true
      },
      "geometry": {
        "type": "LineString",
        "coordinates": [
          [
            72.8357626,
            19.0254641
          ],
          [
            72.8354433,
            19.0256453
          ],
          [
            72.8349218,
            19.0259361
          ],
          [
            72.834508,
            19.0261747
          ],
          [
            72.83434,
            19.0262716
          ]
        ]
      }
    },
    {
      "type": "Feature",
      "id": "osm-22849665",
      "properties": {
        "osmid": 22849665,
        "name": "Pandurang Naik Marg",
        "highway": "residential",
        "highwayCategory": "Galli / Local Lane",
        "isGalli": true
      },
      "geometry": {
        "type": "LineString",
        "coordinates": [
          [
            72.839862,
            19.029441
          ],
          [
            72.840391,
            19.0291357
          ],
          [
            72.8406851,
            19.028966
          ],
          [
            72.8409126,
            19.0288249
          ],
          [
            72.8411436,
            19.0286816
          ],
          [
            72.8413672,
            19.0285586
          ]
        ]
      }
    },
    {
      "type": "Feature",
      "id": "osm-22849666",
      "properties": {
        "osmid": 22849666,
        "name": "Keluskar Road North",
        "highway": "residential",
        "highwayCategory": "Galli / Local Lane",
        "isGalli": true
      },
      "geometry": {
        "type": "LineString",
        "coordinates": [
          [
            72.8400523,
            19.0279534
          ],
          [
            72.8400317,
            19.0280196
          ],
          [
            72.8397408,
            19.0282321
          ],
          [
            72.8382214,
            19.0291103
          ]
        ]
      }
    },
    {
      "type": "Feature",
      "id": "osm-22849670",
      "properties": {
        "osmid": 22849670,
        "name": "P L K Marg",
        "highway": "residential",
        "highwayCategory": "Galli / Local Lane",
        "isGalli": true
      },
      "geometry": {
        "type": "LineString",
        "coordinates": [
          [
            72.8394162,
            19.02165
          ],
          [
            72.8390269,
            19.0214774
          ],
          [
            72.838658,
            19.0214871
          ],
          [
            72.8384163,
            19.0215978
          ]
        ]
      }
    },
    {
      "type": "Feature",
      "id": "osm-22849672",
      "properties": {
        "osmid": 22849672,
        "name": "Anant Patil Marg",
        "highway": "residential",
        "highwayCategory": "Galli / Local Lane",
        "isGalli": true
      },
      "geometry": {
        "type": "LineString",
        "coordinates": [
          [
            72.8370288,
            19.0230957
          ],
          [
            72.8382123,
            19.0224974
          ]
        ]
      }
    },
    {
      "type": "Feature",
      "id": "osm-22849674",
      "properties": {
        "osmid": 22849674,
        "name": "Local Street",
        "highway": "residential",
        "highwayCategory": "Galli / Local Lane",
        "isGalli": true
      },
      "geometry": {
        "type": "LineString",
        "coordinates": [
          [
            72.8429077,
            19.0313288
          ],
          [
            72.8431644,
            19.0323193
          ]
        ]
      }
    },
    {
      "type": "Feature",
      "id": "osm-22849676",
      "properties": {
        "osmid": 22849676,
        "name": "Local Street",
        "highway": "residential",
        "highwayCategory": "Galli / Local Lane",
        "isGalli": true
      },
      "geometry": {
        "type": "LineString",
        "coordinates": [
          [
            72.8411469,
            19.0332314
          ],
          [
            72.841164,
            19.0335058
          ],
          [
            72.8411978,
            19.0340461
          ],
          [
            72.8412142,
            19.0343089
          ],
          [
            72.8413241,
            19.0355016
          ]
        ]
      }
    },
    {
      "type": "Feature",
      "id": "osm-22849685",
      "properties": {
        "osmid": 22849685,
        "name": "Bhagat Gully",
        "highway": "residential",
        "highwayCategory": "Galli / Local Lane",
        "isGalli": true
      },
      "geometry": {
        "type": "LineString",
        "coordinates": [
          [
            72.8427876,
            19.0292998
          ],
          [
            72.8428634,
            19.0295075
          ],
          [
            72.8428914,
            19.0295911
          ],
          [
            72.8428982,
            19.0296116
          ],
          [
            72.8429817,
            19.0298611
          ],
          [
            72.8430858,
            19.0301619
          ],
          [
            72.8431771,
            19.0304262
          ],
          [
            72.8432681,
            19.03069
          ],
          [
            72.8434468,
            19.0312074
          ],
          [
            72.8436634,
            19.032023
          ]
        ]
      }
    },
    {
      "type": "Feature",
      "id": "osm-22849687",
      "properties": {
        "osmid": 22849687,
        "name": "Lt Prakash Kotnis Path",
        "highway": "residential",
        "highwayCategory": "Galli / Local Lane",
        "isGalli": true
      },
      "geometry": {
        "type": "LineString",
        "coordinates": [
          [
            72.8402959,
            19.0333133
          ],
          [
            72.8394838,
            19.0334865
          ],
          [
            72.8387896,
            19.0336313
          ]
        ]
      }
    },
    {
      "type": "Feature",
      "id": "osm-22849691",
      "properties": {
        "osmid": 22849691,
        "name": "Mahim Sarvajanik Vachnalaya Marg",
        "highway": "residential",
        "highwayCategory": "Galli / Local Lane",
        "isGalli": true
      },
      "geometry": {
        "type": "LineString",
        "coordinates": [
          [
            72.8400143,
            19.0312781
          ],
          [
            72.8389976,
            19.0313719
          ],
          [
            72.838719,
            19.0313967
          ],
          [
            72.8386369,
            19.0314026
          ]
        ]
      }
    },
    {
      "type": "Feature",
      "id": "osm-22849695",
      "properties": {
        "osmid": 22849695,
        "name": "Local Street",
        "highway": "residential",
        "highwayCategory": "Galli / Local Lane",
        "isGalli": true
      },
      "geometry": {
        "type": "LineString",
        "coordinates": [
          [
            72.8443223,
            19.0310196
          ],
          [
            72.8445599,
            19.0320077
          ],
          [
            72.8447152,
            19.0325607
          ],
          [
            72.8447728,
            19.0327586
          ],
          [
            72.8448791,
            19.0331337
          ],
          [
            72.8449122,
            19.0332503
          ],
          [
            72.8450528,
            19.0337463
          ],
          [
            72.8451729,
            19.0339101
          ],
          [
            72.8451992,
            19.0339426
          ]
        ]
      }
    },
    {
      "type": "Feature",
      "id": "osm-22849705",
      "properties": {
        "osmid": 22849705,
        "name": "Gopi Tank Marg",
        "highway": "residential",
        "highwayCategory": "Galli / Local Lane",
        "isGalli": true
      },
      "geometry": {
        "type": "LineString",
        "coordinates": [
          [
            72.8406851,
            19.028966
          ],
          [
            72.8407266,
            19.0294387
          ],
          [
            72.8407753,
            19.0300271
          ],
          [
            72.84085,
            19.0305593
          ],
          [
            72.840859,
            19.0307508
          ],
          [
            72.84088,
            19.0309622
          ],
          [
            72.8408828,
            19.0309907
          ],
          [
            72.8409006,
            19.0311708
          ],
          [
            72.8409208,
            19.0313757
          ],
          [
            72.8409595,
            19.0317678
          ]
        ]
      }
    },
    {
      "type": "Feature",
      "id": "osm-22849735",
      "properties": {
        "osmid": 22849735,
        "name": "S K S Marg",
        "highway": "residential",
        "highwayCategory": "Galli / Local Lane",
        "isGalli": true
      },
      "geometry": {
        "type": "LineString",
        "coordinates": [
          [
            72.8342577,
            19.0229321
          ],
          [
            72.8342461,
            19.0229406
          ],
          [
            72.8340888,
            19.0230559
          ],
          [
            72.8339094,
            19.0231874
          ],
          [
            72.8335725,
            19.0234343
          ],
          [
            72.8328721,
            19.0239486
          ]
        ]
      }
    },
    {
      "type": "Feature",
      "id": "osm-22849779",
      "properties": {
        "osmid": 22849779,
        "name": "Manmala Tank Path",
        "highway": "tertiary",
        "highwayCategory": "Municipal Thoroughfare",
        "isGalli": false
      },
      "geometry": {
        "type": "LineString",
        "coordinates": [
          [
            72.8437927,
            19.0282203
          ],
          [
            72.8442383,
            19.02906
          ],
          [
            72.8442906,
            19.0291586
          ],
          [
            72.8444966,
            19.0295439
          ],
          [
            72.8448651,
            19.0297799
          ],
          [
            72.8449551,
            19.0298419
          ],
          [
            72.8451691,
            19.029987
          ],
          [
            72.8453823,
            19.03021
          ],
          [
            72.8455303,
            19.0304474
          ]
        ]
      }
    },
    {
      "type": "Feature",
      "id": "osm-22849789",
      "properties": {
        "osmid": 22849789,
        "name": "Taikalwadi Marg",
        "highway": "residential",
        "highwayCategory": "Galli / Local Lane",
        "isGalli": true
      },
      "geometry": {
        "type": "LineString",
        "coordinates": [
          [
            72.8437927,
            19.0282203
          ],
          [
            72.8434128,
            19.0282744
          ],
          [
            72.8430786,
            19.0283221
          ],
          [
            72.8425839,
            19.0283926
          ],
          [
            72.8425285,
            19.0284005
          ],
          [
            72.8420793,
            19.0284646
          ],
          [
            72.841461,
            19.0285527
          ]
        ]
      }
    },
    {
      "type": "Feature",
      "id": "osm-22849807",
      "properties": {
        "osmid": 22849807,
        "name": "Shivaji Park Road no.2",
        "highway": "residential",
        "highwayCategory": "Galli / Local Lane",
        "isGalli": true
      },
      "geometry": {
        "type": "LineString",
        "coordinates": [
          [
            72.8414431,
            19.0284721
          ],
          [
            72.84134,
            19.0284333
          ],
          [
            72.8411912,
            19.0283788
          ],
          [
            72.8411233,
            19.028353
          ],
          [
            72.8407414,
            19.028208
          ]
        ]
      }
    },
    {
      "type": "Feature",
      "id": "osm-22849810",
      "properties": {
        "osmid": 22849810,
        "name": "Jambhekar Path",
        "highway": "residential",
        "highwayCategory": "Galli / Local Lane",
        "isGalli": true
      },
      "geometry": {
        "type": "LineString",
        "coordinates": [
          [
            72.8335725,
            19.0234343
          ],
          [
            72.8338979,
            19.0239119
          ],
          [
            72.834101,
            19.024209
          ],
          [
            72.8348365,
            19.0254217
          ],
          [
            72.8349218,
            19.0259361
          ]
        ]
      }
    },
    {
      "type": "Feature",
      "id": "osm-22849853",
      "properties": {
        "osmid": 22849853,
        "name": "Khot Gali",
        "highway": "residential",
        "highwayCategory": "Galli / Local Lane",
        "isGalli": true
      },
      "geometry": {
        "type": "LineString",
        "coordinates": [
          [
            72.8415767,
            19.0295415
          ],
          [
            72.8412649,
            19.0297279
          ],
          [
            72.8407753,
            19.0300271
          ],
          [
            72.8405601,
            19.0301102
          ],
          [
            72.8404655,
            19.0301162
          ],
          [
            72.8399567,
            19.0301482
          ]
        ]
      }
    },
    {
      "type": "Feature",
      "id": "osm-22849859",
      "properties": {
        "osmid": 22849859,
        "name": "Bhandar Gully",
        "highway": "residential",
        "highwayCategory": "Galli / Local Lane",
        "isGalli": true
      },
      "geometry": {
        "type": "LineString",
        "coordinates": [
          [
            72.8422307,
            19.0332072
          ],
          [
            72.8432244,
            19.033354
          ],
          [
            72.8438056,
            19.0333571
          ],
          [
            72.8436075,
            19.0323934
          ],
          [
            72.8434917,
            19.0323286
          ],
          [
            72.843463,
            19.0323066
          ],
          [
            72.8431644,
            19.0323193
          ],
          [
            72.8429792,
            19.0323549
          ],
          [
            72.8421698,
            19.0324936
          ]
        ]
      }
    },
    {
      "type": "Feature",
      "id": "osm-22849889",
      "properties": {
        "osmid": 22849889,
        "name": "Dr Madhukar B. Raut Marg",
        "highway": "residential",
        "highwayCategory": "Galli / Local Lane",
        "isGalli": true
      },
      "geometry": {
        "type": "LineString",
        "coordinates": [
          [
            72.8398478,
            19.0256348
          ],
          [
            72.8400331,
            19.0258439
          ],
          [
            72.8402182,
            19.0261815
          ],
          [
            72.8403056,
            19.0265198
          ],
          [
            72.8407414,
            19.028208
          ]
        ]
      }
    },
    {
      "type": "Feature",
      "id": "osm-22849895",
      "properties": {
        "osmid": 22849895,
        "name": "MN Marg",
        "highway": "residential",
        "highwayCategory": "Galli / Local Lane",
        "isGalli": true
      },
      "geometry": {
        "type": "LineString",
        "coordinates": [
          [
            72.8420793,
            19.0284646
          ],
          [
            72.8422603,
            19.0293183
          ],
          [
            72.8423576,
            19.0293978
          ],
          [
            72.8427876,
            19.0292998
          ]
        ]
      }
    },
    {
      "type": "Feature",
      "id": "osm-22849896",
      "properties": {
        "osmid": 22849896,
        "name": "Bhagat Gully",
        "highway": "residential",
        "highwayCategory": "Galli / Local Lane",
        "isGalli": true
      },
      "geometry": {
        "type": "LineString",
        "coordinates": [
          [
            72.8425285,
            19.0284005
          ],
          [
            72.8427876,
            19.0292998
          ]
        ]
      }
    },
    {
      "type": "Feature",
      "id": "osm-22849907",
      "properties": {
        "osmid": 22849907,
        "name": "D S Babrekar Marg",
        "highway": "tertiary",
        "highwayCategory": "Municipal Thoroughfare",
        "isGalli": false
      },
      "geometry": {
        "type": "LineString",
        "coordinates": [
          [
            72.8361502,
            19.0217896
          ],
          [
            72.8358184,
            19.0217881
          ],
          [
            72.8356191,
            19.0218374
          ],
          [
            72.8353197,
            19.0219643
          ],
          [
            72.8352611,
            19.0220073
          ],
          [
            72.8351757,
            19.0220979
          ],
          [
            72.8350392,
            19.0222426
          ],
          [
            72.834419,
            19.0226594
          ]
        ]
      }
    },
    {
      "type": "Feature",
      "id": "osm-22849978",
      "properties": {
        "osmid": 22849978,
        "name": "Local Street",
        "highway": "residential",
        "highwayCategory": "Galli / Local Lane",
        "isGalli": true
      },
      "geometry": {
        "type": "LineString",
        "coordinates": [
          [
            72.8328455,
            19.020676
          ],
          [
            72.832631,
            19.0208064
          ],
          [
            72.832508,
            19.0208878
          ]
        ]
      }
    },
    {
      "type": "Feature",
      "id": "osm-22850065",
      "properties": {
        "osmid": 22850065,
        "name": "Sasmira Road",
        "highway": "tertiary",
        "highwayCategory": "Municipal Thoroughfare",
        "isGalli": false
      },
      "geometry": {
        "type": "LineString",
        "coordinates": [
          [
            72.8203149,
            19.0108627
          ],
          [
            72.8203101,
            19.010889
          ],
          [
            72.8203072,
            19.0109996
          ],
          [
            72.8203122,
            19.0112427
          ],
          [
            72.8203131,
            19.0112888
          ],
          [
            72.820315,
            19.0114318
          ],
          [
            72.820324,
            19.0120888
          ],
          [
            72.8204154,
            19.0125612
          ],
          [
            72.820417,
            19.0126222
          ],
          [
            72.8204002,
            19.0126912
          ],
          [
            72.8203423,
            19.012771
          ],
          [
            72.820159,
            19.0131335
          ]
        ]
      }
    },
    {
      "type": "Feature",
      "id": "osm-22850080",
      "properties": {
        "osmid": 22850080,
        "name": "Local Street",
        "highway": "residential",
        "highwayCategory": "Galli / Local Lane",
        "isGalli": true
      },
      "geometry": {
        "type": "LineString",
        "coordinates": [
          [
            72.8135443,
            19.0027621
          ],
          [
            72.8134365,
            19.0025635
          ],
          [
            72.81326,
            19.0022844
          ],
          [
            72.813183,
            19.0021691
          ],
          [
            72.8131436,
            19.0021102
          ],
          [
            72.813021,
            19.0019222
          ],
          [
            72.8129505,
            19.0018142
          ],
          [
            72.8129404,
            19.0017987
          ],
          [
            72.8129011,
            19.0017385
          ],
          [
            72.8127723,
            19.0015014
          ],
          [
            72.8127153,
            19.0013964
          ],
          [
            72.8127091,
            19.0013745
          ],
          [
            72.8126829,
            19.0011971
          ]
        ]
      }
    },
    {
      "type": "Feature",
      "id": "osm-22850088",
      "properties": {
        "osmid": 22850088,
        "name": "S N Munje Road",
        "highway": "residential",
        "highwayCategory": "Galli / Local Lane",
        "isGalli": true
      },
      "geometry": {
        "type": "LineString",
        "coordinates": [
          [
            72.8194843,
            19.0013116
          ],
          [
            72.8195921,
            19.0015005
          ],
          [
            72.8200611,
            19.0023229
          ],
          [
            72.8209161,
            19.0038221
          ],
          [
            72.8210328,
            19.0040268
          ]
        ]
      }
    },
    {
      "type": "Feature",
      "id": "osm-22850103",
      "properties": {
        "osmid": 22850103,
        "name": "Worli Hill Road",
        "highway": "residential",
        "highwayCategory": "Galli / Local Lane",
        "isGalli": true
      },
      "geometry": {
        "type": "LineString",
        "coordinates": [
          [
            72.8146496,
            18.9985475
          ],
          [
            72.8145182,
            18.9983319
          ],
          [
            72.8144791,
            18.9982971
          ],
          [
            72.8144153,
            18.9982768
          ],
          [
            72.8143402,
            18.9982986
          ],
          [
            72.8142768,
            18.9983268
          ],
          [
            72.8142048,
            18.9983811
          ],
          [
            72.8141474,
            18.9984472
          ],
          [
            72.8141384,
            18.9986251
          ],
          [
            72.81414,
            18.998773
          ],
          [
            72.8141338,
            18.9988723
          ],
          [
            72.8141338,
            18.9989699
          ],
          [
            72.8141402,
            18.9990658
          ],
          [
            72.8143294,
            18.9998052
          ],
          [
            72.8143267,
            18.9999002
          ],
          [
            72.8142229,
            19.0000206
          ],
          [
            72.8140793,
            19.0001739
          ]
        ]
      }
    },
    {
      "type": "Feature",
      "id": "osm-22850107",
      "properties": {
        "osmid": 22850107,
        "name": "Ganpat Jadhav Marg",
        "highway": "residential",
        "highwayCategory": "Galli / Local Lane",
        "isGalli": true
      },
      "geometry": {
        "type": "LineString",
        "coordinates": [
          [
            72.8165138,
            19.000518
          ],
          [
            72.8165241,
            19.0005373
          ],
          [
            72.8165656,
            19.0006153
          ],
          [
            72.8167508,
            19.0009414
          ],
          [
            72.8167863,
            19.0010039
          ],
          [
            72.8169162,
            19.0012326
          ],
          [
            72.8170403,
            19.0014512
          ],
          [
            72.8171607,
            19.0016632
          ],
          [
            72.8172891,
            19.0018891
          ],
          [
            72.8174193,
            19.0021185
          ],
          [
            72.8175434,
            19.0023369
          ],
          [
            72.8176573,
            19.0025375
          ],
          [
            72.8179482,
            19.0030496
          ],
          [
            72.818117,
            19.0033469
          ],
          [
            72.8183842,
            19.0038172
          ],
          [
            72.8184477,
            19.0039291
          ],
          [
            72.8185555,
            19.0041189
          ],
          [
            72.8186714,
            19.0043229
          ],
          [
            72.8187905,
            19.0045327
          ],
          [
            72.8189813,
            19.0048686
          ],
          [
            72.8191609,
            19.0051847
          ],
          [
            72.819193,
            19.0052413
          ],
          [
            72.8192925,
            19.0054165
          ],
          [
            72.81957,
            19.0059051
          ],
          [
            72.8197526,
            19.0061775
          ],
          [
            72.8197727,
            19.0062204
          ]
        ]
      }
    },
    {
      "type": "Feature",
      "id": "osm-22850108",
      "properties": {
        "osmid": 22850108,
        "name": "Local Street",
        "highway": "residential",
        "highwayCategory": "Galli / Local Lane",
        "isGalli": true
      },
      "geometry": {
        "type": "LineString",
        "coordinates": [
          [
            72.8215774,
            19.0125119
          ],
          [
            72.8214769,
            19.012425
          ],
          [
            72.8214538,
            19.0124051
          ],
          [
            72.8212989,
            19.0122599
          ],
          [
            72.8211809,
            19.0121342
          ],
          [
            72.8210364,
            19.0119804
          ],
          [
            72.8209876,
            19.0119284
          ],
          [
            72.8206875,
            19.0116439
          ],
          [
            72.8203131,
            19.0112888
          ]
        ]
      }
    },
    {
      "type": "Feature",
      "id": "osm-22850109",
      "properties": {
        "osmid": 22850109,
        "name": "B Temkar Marg",
        "highway": "residential",
        "highwayCategory": "Galli / Local Lane",
        "isGalli": true
      },
      "geometry": {
        "type": "LineString",
        "coordinates": [
          [
            72.8237643,
            19.0135446
          ],
          [
            72.823508,
            19.0134376
          ],
          [
            72.8231799,
            19.0132939
          ],
          [
            72.823144,
            19.0132782
          ],
          [
            72.8230939,
            19.0132547
          ],
          [
            72.8230686,
            19.0132428
          ],
          [
            72.8222588,
            19.0128698
          ],
          [
            72.8221933,
            19.0128317
          ],
          [
            72.8216709,
            19.0125861
          ]
        ]
      }
    },
    {
      "type": "Feature",
      "id": "osm-22850110",
      "properties": {
        "osmid": 22850110,
        "name": "Anant Patil Marg",
        "highway": "residential",
        "highwayCategory": "Galli / Local Lane",
        "isGalli": true
      },
      "geometry": {
        "type": "LineString",
        "coordinates": [
          [
            72.8311791,
            19.0130351
          ],
          [
            72.8315965,
            19.0133511
          ],
          [
            72.8318863,
            19.0134963
          ],
          [
            72.8320078,
            19.0135572
          ],
          [
            72.8322121,
            19.0136471
          ],
          [
            72.8327172,
            19.0138619
          ],
          [
            72.8328833,
            19.0138876
          ],
          [
            72.8330469,
            19.0138657
          ],
          [
            72.8331787,
            19.0138195
          ],
          [
            72.8333111,
            19.0137297
          ]
        ]
      }
    },
    {
      "type": "Feature",
      "id": "osm-22850114",
      "properties": {
        "osmid": 22850114,
        "name": "J A Ravil Marg",
        "highway": "residential",
        "highwayCategory": "Galli / Local Lane",
        "isGalli": true
      },
      "geometry": {
        "type": "LineString",
        "coordinates": [
          [
            72.8289531,
            19.0116168
          ],
          [
            72.8291587,
            19.0116841
          ],
          [
            72.8292282,
            19.0117195
          ],
          [
            72.8292631,
            19.01175
          ],
          [
            72.829566,
            19.0120157
          ],
          [
            72.8296704,
            19.0121073
          ],
          [
            72.8298902,
            19.0122894
          ]
        ]
      }
    },
    {
      "type": "Feature",
      "id": "osm-22850116",
      "properties": {
        "osmid": 22850116,
        "name": "New Prabhadevi Marg",
        "highway": "secondary",
        "highwayCategory": "Municipal Thoroughfare",
        "isGalli": false
      },
      "geometry": {
        "type": "LineString",
        "coordinates": [
          [
            72.8306834,
            19.0092681
          ],
          [
            72.8306158,
            19.0092851
          ],
          [
            72.8304969,
            19.0092991
          ],
          [
            72.8302614,
            19.0093775
          ],
          [
            72.8301918,
            19.0094091
          ],
          [
            72.8301474,
            19.0094688
          ],
          [
            72.8298899,
            19.0098185
          ],
          [
            72.8298333,
            19.0098969
          ],
          [
            72.8297827,
            19.0099671
          ],
          [
            72.8297639,
            19.0099927
          ],
          [
            72.829648,
            19.0101161
          ],
          [
            72.8295448,
            19.010317
          ],
          [
            72.8294803,
            19.0104298
          ],
          [
            72.8293098,
            19.0107963
          ],
          [
            72.8292963,
            19.0108213
          ],
          [
            72.8292617,
            19.0108855
          ],
          [
            72.828954,
            19.011459
          ],
          [
            72.8289101,
            19.0115407
          ]
        ]
      }
    },
    {
      "type": "Feature",
      "id": "osm-22850119",
      "properties": {
        "osmid": 22850119,
        "name": "Local Street",
        "highway": "residential",
        "highwayCategory": "Galli / Local Lane",
        "isGalli": true
      },
      "geometry": {
        "type": "LineString",
        "coordinates": [
          [
            72.8307304,
            19.0138453
          ],
          [
            72.8311803,
            19.0140945
          ],
          [
            72.83128,
            19.0141483
          ]
        ]
      }
    },
    {
      "type": "Feature",
      "id": "osm-22850120",
      "properties": {
        "osmid": 22850120,
        "name": "R B Anant Desai Marg",
        "highway": "residential",
        "highwayCategory": "Galli / Local Lane",
        "isGalli": true
      },
      "geometry": {
        "type": "LineString",
        "coordinates": [
          [
            72.8288096,
            19.0116274
          ],
          [
            72.8278826,
            19.0113337
          ],
          [
            72.8272031,
            19.0111307
          ],
          [
            72.8271565,
            19.0111168
          ],
          [
            72.8269982,
            19.0110695
          ],
          [
            72.8267423,
            19.0109931
          ],
          [
            72.8261497,
            19.0108741
          ],
          [
            72.8260801,
            19.0108582
          ],
          [
            72.8260578,
            19.0108542
          ],
          [
            72.8260142,
            19.0108483
          ],
          [
            72.8259256,
            19.0108598
          ],
          [
            72.8258492,
            19.0109403
          ],
          [
            72.8258436,
            19.011029
          ],
          [
            72.8258743,
            19.0112234
          ],
          [
            72.8259228,
            19.0114501
          ],
          [
            72.8259962,
            19.0117669
          ],
          [
            72.8261132,
            19.012272
          ],
          [
            72.826185,
            19.012773
          ]
        ]
      }
    },
    {
      "type": "Feature",
      "id": "osm-22850121",
      "properties": {
        "osmid": 22850121,
        "name": "Chalankar Arvind Hari Raut Marg",
        "highway": "residential",
        "highwayCategory": "Galli / Local Lane",
        "isGalli": true
      },
      "geometry": {
        "type": "LineString",
        "coordinates": [
          [
            72.8311497,
            19.0206028
          ],
          [
            72.8314215,
            19.020849
          ],
          [
            72.831688,
            19.0211449
          ],
          [
            72.831851,
            19.0213258
          ]
        ]
      }
    },
    {
      "type": "Feature",
      "id": "osm-22850137",
      "properties": {
        "osmid": 22850137,
        "name": "Local Street",
        "highway": "residential",
        "highwayCategory": "Galli / Local Lane",
        "isGalli": true
      },
      "geometry": {
        "type": "LineString",
        "coordinates": [
          [
            72.8315965,
            19.0133511
          ],
          [
            72.8315312,
            19.0135224
          ],
          [
            72.831355,
            19.0139851
          ],
          [
            72.83128,
            19.0141483
          ],
          [
            72.8310936,
            19.0144909
          ]
        ]
      }
    },
    {
      "type": "Feature",
      "id": "osm-22850142",
      "properties": {
        "osmid": 22850142,
        "name": "Sir Pochkhanwala Marg",
        "highway": "residential",
        "highwayCategory": "Galli / Local Lane",
        "isGalli": true
      },
      "geometry": {
        "type": "LineString",
        "coordinates": [
          [
            72.8152725,
            19.0048481
          ],
          [
            72.8153733,
            19.0048961
          ],
          [
            72.8154638,
            19.004933
          ],
          [
            72.8155911,
            19.0049857
          ],
          [
            72.8157399,
            19.0050584
          ],
          [
            72.8158888,
            19.0051311
          ],
          [
            72.8161262,
            19.0052946
          ],
          [
            72.8161812,
            19.0053491
          ],
          [
            72.8162187,
            19.0054087
          ],
          [
            72.8163281,
            19.0056915
          ],
          [
            72.8165588,
            19.0063912
          ],
          [
            72.8165719,
            19.0064323
          ],
          [
            72.8166605,
            19.0067087
          ],
          [
            72.8167509,
            19.0069886
          ],
          [
            72.8168933,
            19.0074298
          ],
          [
            72.8169069,
            19.0074676
          ],
          [
            72.816915,
            19.0074903
          ],
          [
            72.8170033,
            19.0077355
          ],
          [
            72.8170475,
            19.0078357
          ],
          [
            72.8171032,
            19.0079372
          ],
          [
            72.8171127,
            19.0079544
          ],
          [
            72.8171275,
            19.0079822
          ],
          [
            72.8171667,
            19.0080527
          ],
          [
            72.8174976,
            19.0086548
          ],
          [
            72.8175916,
            19.0087953
          ],
          [
            72.8178906,
            19.0092893
          ],
          [
            72.8180069,
            19.0094815
          ],
          [
            72.8181123,
            19.0096555
          ],
          [
            72.8183162,
            19.0099925
          ],
          [
            72.8183425,
            19.0100882
          ],
          [
            72.8183564,
            19.0101878
          ],
          [
            72.818453,
            19.010558
          ],
          [
            72.8184664,
            19.0106721
          ],
          [
            72.8184544,
            19.0109853
          ],
          [
            72.8184517,
            19.01105
          ],
          [
            72.818422,
            19.0114932
          ],
          [
            72.8183458,
            19.0126281
          ],
          [
            72.8183291,
            19.01293
          ],
          [
            72.8182817,
            19.0137887
          ]
        ]
      }
    },
    {
      "type": "Feature",
      "id": "osm-22850157",
      "properties": {
        "osmid": 22850157,
        "name": "Private Road",
        "highway": "residential",
        "highwayCategory": "Galli / Local Lane",
        "isGalli": true
      },
      "geometry": {
        "type": "LineString",
        "coordinates": [
          [
            72.8293989,
            19.01963
          ],
          [
            72.82946,
            19.0196902
          ],
          [
            72.8294904,
            19.0197202
          ],
          [
            72.8298129,
            19.020038
          ],
          [
            72.8298804,
            19.0201077
          ],
          [
            72.8301586,
            19.0203917
          ],
          [
            72.8304523,
            19.0207014
          ],
          [
            72.8307357,
            19.0209942
          ]
        ]
      }
    },
    {
      "type": "Feature",
      "id": "osm-22850174",
      "properties": {
        "osmid": 22850174,
        "name": "P Balu Marg",
        "highway": "residential",
        "highwayCategory": "Galli / Local Lane",
        "isGalli": true
      },
      "geometry": {
        "type": "LineString",
        "coordinates": [
          [
            72.826817,
            19.0163254
          ],
          [
            72.826705,
            19.0164929
          ]
        ]
      }
    },
    {
      "type": "Feature",
      "id": "osm-22850187",
      "properties": {
        "osmid": 22850187,
        "name": "B R Thokle Marg",
        "highway": "residential",
        "highwayCategory": "Galli / Local Lane",
        "isGalli": true
      },
      "geometry": {
        "type": "LineString",
        "coordinates": [
          [
            72.8221543,
            19.0016408
          ],
          [
            72.8216639,
            19.0016921
          ],
          [
            72.8211858,
            19.001744
          ]
        ]
      }
    },
    {
      "type": "Feature",
      "id": "osm-22850194",
      "properties": {
        "osmid": 22850194,
        "name": "D N Wakrikar Marg",
        "highway": "residential",
        "highwayCategory": "Galli / Local Lane",
        "isGalli": true
      },
      "geometry": {
        "type": "LineString",
        "coordinates": [
          [
            72.8209554,
            19.0001152
          ],
          [
            72.8211858,
            19.001744
          ],
          [
            72.8213198,
            19.0031594
          ],
          [
            72.8213486,
            19.0034632
          ],
          [
            72.8213617,
            19.0036019
          ]
        ]
      }
    },
    {
      "type": "Feature",
      "id": "osm-22850196",
      "properties": {
        "osmid": 22850196,
        "name": "Guruvarya B R Thokle Marg",
        "highway": "residential",
        "highwayCategory": "Galli / Local Lane",
        "isGalli": true
      },
      "geometry": {
        "type": "LineString",
        "coordinates": [
          [
            72.8211858,
            19.001744
          ],
          [
            72.8205051,
            19.0020944
          ],
          [
            72.8200611,
            19.0023229
          ],
          [
            72.8195868,
            19.0025671
          ],
          [
            72.819566,
            19.0025778
          ],
          [
            72.8194539,
            19.0026356
          ]
        ]
      }
    },
    {
      "type": "Feature",
      "id": "osm-22850199",
      "properties": {
        "osmid": 22850199,
        "name": "Local Street",
        "highway": "service",
        "highwayCategory": "Galli / Local Lane",
        "isGalli": true
      },
      "geometry": {
        "type": "LineString",
        "coordinates": [
          [
            72.8223483,
            19.0085081
          ],
          [
            72.8223496,
            19.008561
          ],
          [
            72.8223682,
            19.0092987
          ]
        ]
      }
    },
    {
      "type": "Feature",
      "id": "osm-22850214",
      "properties": {
        "osmid": 22850214,
        "name": "Hind Cycle Road",
        "highway": "residential",
        "highwayCategory": "Galli / Local Lane",
        "isGalli": true
      },
      "geometry": {
        "type": "LineString",
        "coordinates": [
          [
            72.8230479,
            19.0085072
          ],
          [
            72.8223483,
            19.0085081
          ],
          [
            72.8205503,
            19.0085923
          ]
        ]
      }
    },
    {
      "type": "Feature",
      "id": "osm-22850232",
      "properties": {
        "osmid": 22850232,
        "name": "Local Street",
        "highway": "tertiary",
        "highwayCategory": "Municipal Thoroughfare",
        "isGalli": false
      },
      "geometry": {
        "type": "LineString",
        "coordinates": [
          [
            72.822476,
            19.003353
          ],
          [
            72.8227728,
            19.0033245
          ],
          [
            72.8231416,
            19.0032882
          ],
          [
            72.8232318,
            19.0032803
          ],
          [
            72.823503,
            19.0033005
          ],
          [
            72.823969,
            19.0033703
          ],
          [
            72.8241343,
            19.0034323
          ]
        ]
      }
    },
    {
      "type": "Feature",
      "id": "osm-22850270",
      "properties": {
        "osmid": 22850270,
        "name": "Local Street",
        "highway": "residential",
        "highwayCategory": "Galli / Local Lane",
        "isGalli": true
      },
      "geometry": {
        "type": "LineString",
        "coordinates": [
          [
            72.8190194,
            19.0004848
          ],
          [
            72.8192287,
            19.0008635
          ]
        ]
      }
    },
    {
      "type": "Feature",
      "id": "osm-22850279",
      "properties": {
        "osmid": 22850279,
        "name": "Yadav Patil Lane",
        "highway": "residential",
        "highwayCategory": "Galli / Local Lane",
        "isGalli": true
      },
      "geometry": {
        "type": "LineString",
        "coordinates": [
          [
            72.8309172,
            19.0183159
          ],
          [
            72.8304255,
            19.0186917
          ],
          [
            72.8302334,
            19.0188133
          ],
          [
            72.8299755,
            19.019014
          ],
          [
            72.8298788,
            19.0190892
          ],
          [
            72.8295994,
            19.0193686
          ],
          [
            72.8295094,
            19.019486
          ],
          [
            72.8293989,
            19.01963
          ]
        ]
      }
    },
    {
      "type": "Feature",
      "id": "osm-22850287",
      "properties": {
        "osmid": 22850287,
        "name": "H R Divekar Marg",
        "highway": "tertiary",
        "highwayCategory": "Municipal Thoroughfare",
        "isGalli": false
      },
      "geometry": {
        "type": "LineString",
        "coordinates": [
          [
            72.8226165,
            19.0044
          ],
          [
            72.82259,
            19.0044587
          ],
          [
            72.8225478,
            19.0044797
          ],
          [
            72.8225076,
            19.0044981
          ],
          [
            72.8224872,
            19.0045026
          ],
          [
            72.8219492,
            19.0046216
          ]
        ]
      }
    },
    {
      "type": "Feature",
      "id": "osm-22850312",
      "properties": {
        "osmid": 22850312,
        "name": "J Palkar Road",
        "highway": "residential",
        "highwayCategory": "Galli / Local Lane",
        "isGalli": true
      },
      "geometry": {
        "type": "LineString",
        "coordinates": [
          [
            72.8149879,
            19.0017943
          ],
          [
            72.8150003,
            19.0018258
          ],
          [
            72.815088,
            19.0019808
          ],
          [
            72.8151234,
            19.0020752
          ],
          [
            72.8152565,
            19.0025668
          ],
          [
            72.8152754,
            19.0026366
          ],
          [
            72.8154216,
            19.0031224
          ],
          [
            72.8155176,
            19.0033119
          ],
          [
            72.8155288,
            19.0033333
          ],
          [
            72.8156021,
            19.003489
          ],
          [
            72.8156367,
            19.0035458
          ],
          [
            72.815733,
            19.0036921
          ],
          [
            72.8159503,
            19.0039853
          ],
          [
            72.816123,
            19.0041734
          ],
          [
            72.8161959,
            19.0042605
          ],
          [
            72.8162321,
            19.004282
          ],
          [
            72.8162804,
            19.0042972
          ],
          [
            72.8163233,
            19.0042934
          ],
          [
            72.8164763,
            19.0042197
          ],
          [
            72.8165864,
            19.004169
          ]
        ]
      }
    },
    {
      "type": "Feature",
      "id": "osm-22850313",
      "properties": {
        "osmid": 22850313,
        "name": "Professor Narendra Ganpat Bansode Marg",
        "highway": "residential",
        "highwayCategory": "Galli / Local Lane",
        "isGalli": true
      },
      "geometry": {
        "type": "LineString",
        "coordinates": [
          [
            72.8196497,
            19.0006179
          ],
          [
            72.8199998,
            19.000453
          ],
          [
            72.8204262,
            19.0002522
          ],
          [
            72.8209554,
            19.0001152
          ],
          [
            72.8214341,
            19.0000507
          ],
          [
            72.8219241,
            18.9999988
          ]
        ]
      }
    },
    {
      "type": "Feature",
      "id": "osm-22850327",
      "properties": {
        "osmid": 22850327,
        "name": "Pandurang Budhkar Marg",
        "highway": "secondary",
        "highwayCategory": "Municipal Thoroughfare",
        "isGalli": false
      },
      "geometry": {
        "type": "LineString",
        "coordinates": [
          [
            72.8232784,
            19.0063308
          ],
          [
            72.8235918,
            19.0063341
          ],
          [
            72.8238685,
            19.0063432
          ],
          [
            72.8241617,
            19.0063529
          ],
          [
            72.8242022,
            19.0063524
          ],
          [
            72.8244708,
            19.0063516
          ],
          [
            72.8247251,
            19.0063509
          ],
          [
            72.8252393,
            19.0063524
          ],
          [
            72.8255785,
            19.0063492
          ],
          [
            72.8261143,
            19.0063386
          ],
          [
            72.8261959,
            19.0063375
          ],
          [
            72.8268001,
            19.0063294
          ],
          [
            72.8280372,
            19.0063128
          ],
          [
            72.829119,
            19.006298
          ],
          [
            72.8296271,
            19.0063119
          ],
          [
            72.8296687,
            19.006313
          ],
          [
            72.8297478,
            19.0063171
          ],
          [
            72.8300403,
            19.0063096
          ],
          [
            72.830144,
            19.0063089
          ],
          [
            72.8302358,
            19.0063083
          ],
          [
            72.8308528,
            19.0063045
          ],
          [
            72.830884,
            19.0063043
          ]
        ]
      }
    },
    {
      "type": "Feature",
      "id": "osm-22850337",
      "properties": {
        "osmid": 22850337,
        "name": "Shankar Rao Naram Path (Gowalia Chawl Lane)",
        "highway": "tertiary",
        "highwayCategory": "Municipal Thoroughfare",
        "isGalli": false
      },
      "geometry": {
        "type": "LineString",
        "coordinates": [
          [
            72.8270408,
            18.9982518
          ],
          [
            72.8268586,
            18.9987472
          ],
          [
            72.826792,
            18.998886
          ],
          [
            72.8267385,
            18.9989933
          ],
          [
            72.8265242,
            18.9991223
          ],
          [
            72.8264138,
            18.9992081
          ],
          [
            72.8263575,
            18.9992741
          ],
          [
            72.8263159,
            18.9993413
          ],
          [
            72.8260211,
            18.9998922
          ],
          [
            72.8259555,
            19.0000453
          ],
          [
            72.8256429,
            19.0007721
          ],
          [
            72.8256035,
            19.0008636
          ],
          [
            72.8255447,
            19.0009739
          ],
          [
            72.8254806,
            19.0011136
          ],
          [
            72.8254348,
            19.0012068
          ],
          [
            72.8253631,
            19.0013528
          ],
          [
            72.8253552,
            19.0013724
          ],
          [
            72.8253391,
            19.0014093
          ],
          [
            72.8252901,
            19.0015439
          ],
          [
            72.8252782,
            19.0015833
          ],
          [
            72.8252638,
            19.0016309
          ],
          [
            72.8251761,
            19.0018966
          ],
          [
            72.8251571,
            19.0019519
          ],
          [
            72.8250882,
            19.0021505
          ],
          [
            72.8249692,
            19.0023788
          ],
          [
            72.8249587,
            19.0024112
          ],
          [
            72.8249171,
            19.0025101
          ],
          [
            72.8248689,
            19.0025963
          ],
          [
            72.8247964,
            19.0026914
          ],
          [
            72.8247839,
            19.0027049
          ],
          [
            72.824769,
            19.002721
          ],
          [
            72.8247516,
            19.0027414
          ],
          [
            72.8246713,
            19.0028265
          ],
          [
            72.8244388,
            19.0030775
          ],
          [
            72.8243956,
            19.0031242
          ],
          [
            72.8241343,
            19.0034323
          ],
          [
            72.8240789,
            19.0035613
          ],
          [
            72.8240532,
            19.0037092
          ],
          [
            72.8238665,
            19.0047824
          ],
          [
            72.8236101,
            19.0061573
          ],
          [
            72.8235922,
            19.0062392
          ],
          [
            72.82359,
            19.006271
          ],
          [
            72.8235918,
            19.0063341
          ]
        ]
      }
    },
    {
      "type": "Feature",
      "id": "osm-22850347",
      "properties": {
        "osmid": 22850347,
        "name": "C R Marg",
        "highway": "residential",
        "highwayCategory": "Galli / Local Lane",
        "isGalli": true
      },
      "geometry": {
        "type": "LineString",
        "coordinates": [
          [
            72.8165656,
            19.0006153
          ],
          [
            72.8172245,
            19.0002548
          ],
          [
            72.8174274,
            19.0001438
          ],
          [
            72.8178703,
            18.9999134
          ],
          [
            72.8178928,
            18.9999017
          ]
        ]
      }
    },
    {
      "type": "Feature",
      "id": "osm-22850376",
      "properties": {
        "osmid": 22850376,
        "name": "Sudam Kalu Ahire Marg",
        "highway": "residential",
        "highwayCategory": "Galli / Local Lane",
        "isGalli": true
      },
      "geometry": {
        "type": "LineString",
        "coordinates": [
          [
            72.8160737,
            19.000954
          ],
          [
            72.8160882,
            19.0009794
          ],
          [
            72.8162208,
            19.0012113
          ],
          [
            72.8175742,
            19.003579
          ],
          [
            72.8176002,
            19.0036244
          ],
          [
            72.817709,
            19.0038181
          ],
          [
            72.8177625,
            19.003915
          ],
          [
            72.8181471,
            19.0045996
          ],
          [
            72.818257,
            19.0047951
          ],
          [
            72.8184765,
            19.0051859
          ],
          [
            72.8185585,
            19.0053318
          ],
          [
            72.8190437,
            19.0061954
          ],
          [
            72.8190682,
            19.0062454
          ]
        ]
      }
    },
    {
      "type": "Feature",
      "id": "osm-22850380",
      "properties": {
        "osmid": 22850380,
        "name": "Appasaheb Marathe Marg",
        "highway": "primary",
        "highwayCategory": "Municipal Thoroughfare",
        "isGalli": false
      },
      "geometry": {
        "type": "LineString",
        "coordinates": [
          [
            72.8280661,
            19.0130639
          ],
          [
            72.8280223,
            19.0130498
          ],
          [
            72.827805,
            19.0129776
          ],
          [
            72.8277293,
            19.0129158
          ],
          [
            72.8272138,
            19.0128339
          ],
          [
            72.8270813,
            19.012827
          ],
          [
            72.827012,
            19.0128228
          ],
          [
            72.826185,
            19.012773
          ],
          [
            72.8260959,
            19.0127697
          ],
          [
            72.8256129,
            19.012754
          ],
          [
            72.825441,
            19.0127549
          ],
          [
            72.8249167,
            19.0127473
          ],
          [
            72.8248421,
            19.0127586
          ],
          [
            72.8243749,
            19.0128081
          ],
          [
            72.8243449,
            19.0128138
          ],
          [
            72.8242941,
            19.0128235
          ]
        ]
      }
    },
    {
      "type": "Feature",
      "id": "osm-22850489",
      "properties": {
        "osmid": 22850489,
        "name": "Doctor R.G. Thadani Marg",
        "highway": "primary",
        "highwayCategory": "Municipal Thoroughfare",
        "isGalli": false
      },
      "geometry": {
        "type": "LineString",
        "coordinates": [
          [
            72.8156582,
            19.0012966
          ],
          [
            72.8155334,
            19.0013169
          ],
          [
            72.8154648,
            19.0013464
          ],
          [
            72.8153332,
            19.0014029
          ],
          [
            72.8151998,
            19.0015055
          ],
          [
            72.8151358,
            19.0015548
          ],
          [
            72.8149569,
            19.0016901
          ],
          [
            72.8148977,
            19.0017382
          ],
          [
            72.8147896,
            19.001826
          ],
          [
            72.8146667,
            19.0019259
          ],
          [
            72.8146366,
            19.0019504
          ],
          [
            72.8144788,
            19.0020791
          ],
          [
            72.8143081,
            19.0022303
          ],
          [
            72.8141794,
            19.0023839
          ],
          [
            72.814026,
            19.0025571
          ],
          [
            72.8139843,
            19.0026061
          ],
          [
            72.813835,
            19.0027812
          ],
          [
            72.8137781,
            19.0028661
          ],
          [
            72.8137474,
            19.0029118
          ],
          [
            72.8136949,
            19.0029902
          ],
          [
            72.8136905,
            19.0030061
          ],
          [
            72.8136618,
            19.0031112
          ],
          [
            72.8136331,
            19.0032164
          ],
          [
            72.8135741,
            19.0034116
          ],
          [
            72.8135691,
            19.0034299
          ],
          [
            72.8135124,
            19.0036399
          ],
          [
            72.8134856,
            19.0038326
          ],
          [
            72.8134453,
            19.0040469
          ],
          [
            72.8134266,
            19.0041496
          ],
          [
            72.813379,
            19.0042446
          ],
          [
            72.8132795,
            19.0043722
          ]
        ]
      }
    },
    {
      "type": "Feature",
      "id": "osm-22850510",
      "properties": {
        "osmid": 22850510,
        "name": "Khan Abdul Gaffar Khan Marg",
        "highway": "primary",
        "highwayCategory": "Municipal Thoroughfare",
        "isGalli": false
      },
      "geometry": {
        "type": "LineString",
        "coordinates": [
          [
            72.8172262,
            19.0154514
          ],
          [
            72.8176568,
            19.0158277
          ]
        ]
      }
    },
    {
      "type": "Feature",
      "id": "osm-22850512",
      "properties": {
        "osmid": 22850512,
        "name": "Prabhadevi New Road",
        "highway": "primary",
        "highwayCategory": "Municipal Thoroughfare",
        "isGalli": false
      },
      "geometry": {
        "type": "LineString",
        "coordinates": [
          [
            72.8218594,
            19.0120935
          ],
          [
            72.8215774,
            19.0125119
          ],
          [
            72.8215495,
            19.0125514
          ],
          [
            72.8206963,
            19.013793
          ],
          [
            72.8206818,
            19.0138141
          ],
          [
            72.8206586,
            19.0138479
          ],
          [
            72.8203319,
            19.0143137
          ],
          [
            72.8200884,
            19.0145992
          ],
          [
            72.8200302,
            19.0146674
          ],
          [
            72.8195747,
            19.0151526
          ],
          [
            72.8194917,
            19.0152348
          ]
        ]
      }
    },
    {
      "type": "Feature",
      "id": "osm-22852497",
      "properties": {
        "osmid": 22852497,
        "name": "Khan Abdul Gaffar Khan Marg",
        "highway": "primary",
        "highwayCategory": "Municipal Thoroughfare",
        "isGalli": false
      },
      "geometry": {
        "type": "LineString",
        "coordinates": [
          [
            72.817201,
            19.0150661
          ],
          [
            72.8171281,
            19.0150067
          ],
          [
            72.8170482,
            19.0149164
          ],
          [
            72.8169944,
            19.0148447
          ],
          [
            72.8169688,
            19.0147666
          ],
          [
            72.8169551,
            19.0146959
          ],
          [
            72.8169545,
            19.0146794
          ],
          [
            72.8169516,
            19.014374
          ],
          [
            72.8169683,
            19.0134207
          ],
          [
            72.8169653,
            19.0131998
          ],
          [
            72.8169656,
            19.0129921
          ],
          [
            72.8169375,
            19.0127276
          ],
          [
            72.8169149,
            19.0126128
          ],
          [
            72.816888,
            19.012474
          ],
          [
            72.8168175,
            19.0122285
          ],
          [
            72.816704,
            19.0120387
          ],
          [
            72.816673,
            19.0119609
          ],
          [
            72.8166459,
            19.0118928
          ],
          [
            72.8165556,
            19.0117048
          ],
          [
            72.8164603,
            19.0115351
          ],
          [
            72.8163938,
            19.0114231
          ],
          [
            72.8149231,
            19.0089469
          ],
          [
            72.8148832,
            19.0088711
          ],
          [
            72.8148618,
            19.0088321
          ],
          [
            72.8148236,
            19.0087565
          ],
          [
            72.8147376,
            19.0085635
          ],
          [
            72.8146817,
            19.0084252
          ],
          [
            72.8146413,
            19.0083251
          ],
          [
            72.8144147,
            19.0075686
          ],
          [
            72.8141841,
            19.0068257
          ],
          [
            72.8141183,
            19.0066136
          ],
          [
            72.8137566,
            19.005448
          ],
          [
            72.8136892,
            19.005218
          ],
          [
            72.8136512,
            19.0051194
          ],
          [
            72.8135623,
            19.004978
          ]
        ]
      }
    },
    {
      "type": "Feature",
      "id": "osm-22854860",
      "properties": {
        "osmid": 22854860,
        "name": "S G Barve Marg (C S T Road)",
        "highway": "secondary",
        "highwayCategory": "Municipal Thoroughfare",
        "isGalli": false
      },
      "geometry": {
        "type": "LineString",
        "coordinates": [
          [
            72.8859595,
            19.0586924
          ],
          [
            72.8858965,
            19.0587817
          ],
          [
            72.8855956,
            19.0592226
          ],
          [
            72.8855807,
            19.0592428
          ],
          [
            72.8850696,
            19.0599369
          ],
          [
            72.8844858,
            19.0607299
          ]
        ]
      }
    },
    {
      "type": "Feature",
      "id": "osm-22855079",
      "properties": {
        "osmid": 22855079,
        "name": "Nathani Road",
        "highway": "residential",
        "highwayCategory": "Galli / Local Lane",
        "isGalli": true
      },
      "geometry": {
        "type": "LineString",
        "coordinates": [
          [
            72.8905256,
            19.0775957
          ],
          [
            72.8903465,
            19.0779665
          ],
          [
            72.8901756,
            19.0782372
          ],
          [
            72.889952,
            19.0786462
          ],
          [
            72.8898149,
            19.0790256
          ],
          [
            72.8897643,
            19.0793063
          ],
          [
            72.8897305,
            19.0795373
          ],
          [
            72.8897251,
            19.079782
          ],
          [
            72.8897628,
            19.0801379
          ],
          [
            72.8897994,
            19.0803507
          ],
          [
            72.8898378,
            19.0805782
          ],
          [
            72.8898387,
            19.0806363
          ]
        ]
      }
    },
    {
      "type": "Feature",
      "id": "osm-22855090",
      "properties": {
        "osmid": 22855090,
        "name": "New Hall Road",
        "highway": "residential",
        "highwayCategory": "Galli / Local Lane",
        "isGalli": true
      },
      "geometry": {
        "type": "LineString",
        "coordinates": [
          [
            72.8833953,
            19.0770518
          ],
          [
            72.8831439,
            19.0771302
          ],
          [
            72.8830755,
            19.0771683
          ],
          [
            72.8830589,
            19.0771939
          ],
          [
            72.8830352,
            19.0772304
          ],
          [
            72.8829774,
            19.0775351
          ],
          [
            72.8829643,
            19.0780462
          ],
          [
            72.8829628,
            19.0780698
          ],
          [
            72.8829539,
            19.0782073
          ],
          [
            72.882917,
            19.078551
          ],
          [
            72.8829062,
            19.0786489
          ],
          [
            72.8828921,
            19.0789095
          ],
          [
            72.8828888,
            19.0791596
          ],
          [
            72.8828956,
            19.0794297
          ],
          [
            72.8828913,
            19.0795145
          ],
          [
            72.8828869,
            19.0801051
          ],
          [
            72.8828515,
            19.0805937
          ],
          [
            72.8828524,
            19.0806624
          ],
          [
            72.8828613,
            19.0812202
          ]
        ]
      }
    },
    {
      "type": "Feature",
      "id": "osm-22855430",
      "properties": {
        "osmid": 22855430,
        "name": "Local Street",
        "highway": "residential",
        "highwayCategory": "Galli / Local Lane",
        "isGalli": true
      },
      "geometry": {
        "type": "LineString",
        "coordinates": [
          [
            72.8609546,
            19.0775542
          ],
          [
            72.8611601,
            19.0778377
          ]
        ]
      }
    },
    {
      "type": "Feature",
      "id": "osm-22855438",
      "properties": {
        "osmid": 22855438,
        "name": "Local Street",
        "highway": "residential",
        "highwayCategory": "Galli / Local Lane",
        "isGalli": true
      },
      "geometry": {
        "type": "LineString",
        "coordinates": [
          [
            72.8593175,
            19.0774621
          ],
          [
            72.8596605,
            19.0785447
          ]
        ]
      }
    },
    {
      "type": "Feature",
      "id": "osm-22855445",
      "properties": {
        "osmid": 22855445,
        "name": "Local Street",
        "highway": "service",
        "highwayCategory": "Galli / Local Lane",
        "isGalli": true
      },
      "geometry": {
        "type": "LineString",
        "coordinates": [
          [
            72.873531,
            19.0794424
          ],
          [
            72.872898,
            19.0797567
          ]
        ]
      }
    },
    {
      "type": "Feature",
      "id": "osm-22855453",
      "properties": {
        "osmid": 22855453,
        "name": "Air India Road",
        "highway": "secondary",
        "highwayCategory": "Municipal Thoroughfare",
        "isGalli": false
      },
      "geometry": {
        "type": "LineString",
        "coordinates": [
          [
            72.8599596,
            19.0849445
          ],
          [
            72.8607273,
            19.0850516
          ],
          [
            72.8608534,
            19.0850535
          ],
          [
            72.8609124,
            19.0850466
          ],
          [
            72.8609781,
            19.085025
          ],
          [
            72.8610237,
            19.0849578
          ],
          [
            72.8610679,
            19.0848805
          ],
          [
            72.8611873,
            19.0846245
          ],
          [
            72.8612356,
            19.0845333
          ],
          [
            72.8613,
            19.0844509
          ],
          [
            72.8613684,
            19.0844065
          ],
          [
            72.8614394,
            19.0843799
          ],
          [
            72.8618471,
            19.0843039
          ],
          [
            72.8622656,
            19.0842278
          ],
          [
            72.8624479,
            19.0842164
          ],
          [
            72.8626867,
            19.0842265
          ],
          [
            72.8634457,
            19.0842595
          ],
          [
            72.8636898,
            19.0842696
          ],
          [
            72.8638373,
            19.0842722
          ],
          [
            72.8640211,
            19.084243
          ],
          [
            72.8641123,
            19.0842151
          ],
          [
            72.8642948,
            19.0841197
          ],
          [
            72.8647922,
            19.0838882
          ],
          [
            72.8649317,
            19.0838197
          ],
          [
            72.8650054,
            19.0837576
          ],
          [
            72.8653598,
            19.0834068
          ],
          [
            72.8655711,
            19.0831887
          ],
          [
            72.866022,
            19.0827792
          ],
          [
            72.8662245,
            19.0826106
          ],
          [
            72.8663599,
            19.0825257
          ],
          [
            72.8664605,
            19.0824636
          ],
          [
            72.866592,
            19.082423
          ],
          [
            72.8668065,
            19.0823888
          ],
          [
            72.8672236,
            19.0823926
          ],
          [
            72.8678509,
            19.0824554
          ],
          [
            72.8682362,
            19.082494
          ],
          [
            72.8683729,
            19.0825003
          ],
          [
            72.8684923,
            19.0824978
          ],
          [
            72.8685808,
            19.0824864
          ],
          [
            72.8687149,
            19.0824408
          ],
          [
            72.870048,
            19.0818159
          ],
          [
            72.8703766,
            19.0816474
          ]
        ]
      }
    },
    {
      "type": "Feature",
      "id": "osm-22855467",
      "properties": {
        "osmid": 22855467,
        "name": "Shastri Nagar Road",
        "highway": "residential",
        "highwayCategory": "Galli / Local Lane",
        "isGalli": true
      },
      "geometry": {
        "type": "LineString",
        "coordinates": [
          [
            72.8698037,
            19.0781953
          ],
          [
            72.870396,
            19.0781727
          ],
          [
            72.8706562,
            19.0781777
          ],
          [
            72.87108,
            19.0782513
          ],
          [
            72.871208,
            19.0782595
          ],
          [
            72.871263,
            19.0782862
          ],
          [
            72.8713059,
            19.0783381
          ],
          [
            72.8713489,
            19.0783673
          ],
          [
            72.8716406,
            19.0784312
          ],
          [
            72.8717096,
            19.0784674
          ],
          [
            72.871841,
            19.0785637
          ],
          [
            72.8719094,
            19.0785916
          ],
          [
            72.8721368,
            19.0786442
          ],
          [
            72.8722186,
            19.0786503
          ],
          [
            72.8723392,
            19.0786594
          ],
          [
            72.8729092,
            19.0785884
          ],
          [
            72.8733116,
            19.0784591
          ],
          [
            72.8736012,
            19.0783552
          ],
          [
            72.873838,
            19.078329
          ],
          [
            72.8741752,
            19.0782918
          ],
          [
            72.8746867,
            19.0781028
          ]
        ]
      }
    },
    {
      "type": "Feature",
      "id": "osm-22855468",
      "properties": {
        "osmid": 22855468,
        "name": "Old CST Road",
        "highway": "residential",
        "highwayCategory": "Galli / Local Lane",
        "isGalli": true
      },
      "geometry": {
        "type": "LineString",
        "coordinates": [
          [
            72.8626074,
            19.0778047
          ],
          [
            72.8626813,
            19.0779541
          ],
          [
            72.8629521,
            19.0783325
          ],
          [
            72.8633449,
            19.0788924
          ],
          [
            72.8633959,
            19.0789917
          ],
          [
            72.8635356,
            19.0799502
          ],
          [
            72.8635864,
            19.0801405
          ],
          [
            72.863769,
            19.0803908
          ],
          [
            72.8641546,
            19.0807505
          ]
        ]
      }
    },
    {
      "type": "Feature",
      "id": "osm-22855477",
      "properties": {
        "osmid": 22855477,
        "name": "Sunder Nagar Road Number 2",
        "highway": "residential",
        "highwayCategory": "Galli / Local Lane",
        "isGalli": true
      },
      "geometry": {
        "type": "LineString",
        "coordinates": [
          [
            72.8657095,
            19.0759667
          ],
          [
            72.8654394,
            19.0759641
          ],
          [
            72.8644859,
            19.075896
          ],
          [
            72.8638763,
            19.0758861
          ],
          [
            72.8636779,
            19.0758829
          ],
          [
            72.8634944,
            19.0759386
          ],
          [
            72.8628213,
            19.0761427
          ],
          [
            72.8624182,
            19.0764258
          ],
          [
            72.8621525,
            19.0766228
          ],
          [
            72.8618114,
            19.0768603
          ]
        ]
      }
    },
    {
      "type": "Feature",
      "id": "osm-22855488",
      "properties": {
        "osmid": 22855488,
        "name": "St Anthony Road",
        "highway": "residential",
        "highwayCategory": "Galli / Local Lane",
        "isGalli": true
      },
      "geometry": {
        "type": "LineString",
        "coordinates": [
          [
            72.8616097,
            19.0777982
          ],
          [
            72.8611601,
            19.0778377
          ],
          [
            72.8609923,
            19.0779164
          ],
          [
            72.8605093,
            19.0781428
          ],
          [
            72.860002,
            19.078383
          ],
          [
            72.8596605,
            19.0785447
          ],
          [
            72.8587645,
            19.0789524
          ],
          [
            72.8579839,
            19.0792666
          ],
          [
            72.8578515,
            19.0793393
          ],
          [
            72.8575016,
            19.0795336
          ],
          [
            72.8571267,
            19.079759
          ],
          [
            72.8569584,
            19.0798589
          ],
          [
            72.8568377,
            19.0799549
          ],
          [
            72.8566959,
            19.0801138
          ],
          [
            72.8566182,
            19.080276
          ],
          [
            72.8564921,
            19.0806512
          ],
          [
            72.8563821,
            19.0807627
          ],
          [
            72.856312,
            19.0807931
          ],
          [
            72.8562441,
            19.0808226
          ],
          [
            72.8560683,
            19.0808388
          ],
          [
            72.8558273,
            19.080799
          ],
          [
            72.8554894,
            19.0807963
          ],
          [
            72.855416,
            19.0807832
          ],
          [
            72.8553309,
            19.0807531
          ],
          [
            72.8552282,
            19.0806862
          ],
          [
            72.855158,
            19.0806179
          ],
          [
            72.855065,
            19.0805285
          ],
          [
            72.8549842,
            19.0804176
          ],
          [
            72.8549189,
            19.0803073
          ],
          [
            72.8548425,
            19.0802075
          ]
        ]
      }
    },
    {
      "type": "Feature",
      "id": "osm-22855489",
      "properties": {
        "osmid": 22855489,
        "name": "Parshiwadi Road",
        "highway": "residential",
        "highwayCategory": "Galli / Local Lane",
        "isGalli": true
      },
      "geometry": {
        "type": "LineString",
        "coordinates": [
          [
            72.8588766,
            19.0761568
          ],
          [
            72.8589812,
            19.0759414
          ],
          [
            72.8591394,
            19.0758501
          ],
          [
            72.8593272,
            19.0757893
          ],
          [
            72.8594425,
            19.0757842
          ],
          [
            72.8595981,
            19.0757766
          ],
          [
            72.8597704,
            19.0758037
          ],
          [
            72.8598341,
            19.0758247
          ],
          [
            72.8599763,
            19.075987
          ],
          [
            72.8602387,
            19.0760355
          ],
          [
            72.8603331,
            19.076053
          ],
          [
            72.8605007,
            19.0760301
          ],
          [
            72.8609312,
            19.0765472
          ]
        ]
      }
    },
    {
      "type": "Feature",
      "id": "osm-22855493",
      "properties": {
        "osmid": 22855493,
        "name": "Church Road",
        "highway": "residential",
        "highwayCategory": "Galli / Local Lane",
        "isGalli": true
      },
      "geometry": {
        "type": "LineString",
        "coordinates": [
          [
            72.8694528,
            19.0779844
          ],
          [
            72.8693648,
            19.078011
          ],
          [
            72.8691924,
            19.0780631
          ],
          [
            72.8687981,
            19.0781924
          ],
          [
            72.8681718,
            19.078383
          ],
          [
            72.8680886,
            19.0785358
          ],
          [
            72.8679263,
            19.0786022
          ],
          [
            72.8675938,
            19.0786981
          ],
          [
            72.8667931,
            19.0788615
          ]
        ]
      }
    },
    {
      "type": "Feature",
      "id": "osm-22855535",
      "properties": {
        "osmid": 22855535,
        "name": "Local Street",
        "highway": "service",
        "highwayCategory": "Galli / Local Lane",
        "isGalli": true
      },
      "geometry": {
        "type": "LineString",
        "coordinates": [
          [
            72.872898,
            19.0797567
          ],
          [
            72.8722125,
            19.0801277
          ],
          [
            72.8720865,
            19.0801784
          ],
          [
            72.871892,
            19.0802519
          ],
          [
            72.8715032,
            19.080436
          ],
          [
            72.8706475,
            19.0808274
          ],
          [
            72.8704785,
            19.0809173
          ],
          [
            72.870339,
            19.0810061
          ],
          [
            72.8702022,
            19.0811125
          ],
          [
            72.8700301,
            19.081269
          ],
          [
            72.8699727,
            19.0813191
          ]
        ]
      }
    },
    {
      "type": "Feature",
      "id": "osm-22855546",
      "properties": {
        "osmid": 22855546,
        "name": "Local Street",
        "highway": "service",
        "highwayCategory": "Galli / Local Lane",
        "isGalli": true
      },
      "geometry": {
        "type": "LineString",
        "coordinates": [
          [
            72.871244,
            19.0980145
          ],
          [
            72.8713129,
            19.0981801
          ],
          [
            72.871309,
            19.0982496
          ],
          [
            72.8712683,
            19.0989696
          ],
          [
            72.8712527,
            19.0993284
          ]
        ]
      }
    },
    {
      "type": "Feature",
      "id": "osm-22855562",
      "properties": {
        "osmid": 22855562,
        "name": "V K Krishna Marg",
        "highway": "tertiary",
        "highwayCategory": "Municipal Thoroughfare",
        "isGalli": false
      },
      "geometry": {
        "type": "LineString",
        "coordinates": [
          [
            72.8649718,
            19.0985848
          ],
          [
            72.8649093,
            19.0986264
          ],
          [
            72.8643929,
            19.0995628
          ],
          [
            72.864371,
            19.0995998
          ],
          [
            72.863735,
            19.1006743
          ]
        ]
      }
    },
    {
      "type": "Feature",
      "id": "osm-22855576",
      "properties": {
        "osmid": 22855576,
        "name": "S G Barve Marg",
        "highway": "tertiary",
        "highwayCategory": "Municipal Thoroughfare",
        "isGalli": false
      },
      "geometry": {
        "type": "LineString",
        "coordinates": [
          [
            72.877716,
            19.0668239
          ],
          [
            72.8787167,
            19.0661193
          ],
          [
            72.8790426,
            19.0658596
          ],
          [
            72.8794655,
            19.0665517
          ]
        ]
      }
    },
    {
      "type": "Feature",
      "id": "osm-22855577",
      "properties": {
        "osmid": 22855577,
        "name": "Jawaharlal Nehru Road",
        "highway": "secondary",
        "highwayCategory": "Municipal Thoroughfare",
        "isGalli": false
      },
      "geometry": {
        "type": "LineString",
        "coordinates": [
          [
            72.8587181,
            19.0819093
          ],
          [
            72.8589528,
            19.0807976
          ],
          [
            72.8590308,
            19.080418
          ],
          [
            72.8591745,
            19.0800844
          ],
          [
            72.8592025,
            19.0800277
          ],
          [
            72.8594016,
            19.0797734
          ],
          [
            72.8602351,
            19.0790771
          ],
          [
            72.8604953,
            19.0789149
          ],
          [
            72.8610693,
            19.0787019
          ],
          [
            72.8611551,
            19.0786284
          ],
          [
            72.8611846,
            19.0784991
          ],
          [
            72.861198,
            19.0781468
          ],
          [
            72.8612436,
            19.078015
          ],
          [
            72.861359,
            19.0779364
          ],
          [
            72.8615043,
            19.0778821
          ],
          [
            72.8617557,
            19.0778561
          ]
        ]
      }
    },
    {
      "type": "Feature",
      "id": "osm-22855579",
      "properties": {
        "osmid": 22855579,
        "name": "Kalina Kurla Road",
        "highway": "secondary",
        "highwayCategory": "Municipal Thoroughfare",
        "isGalli": false
      },
      "geometry": {
        "type": "LineString",
        "coordinates": [
          [
            72.8787234,
            19.0777927
          ],
          [
            72.8784089,
            19.0778984
          ],
          [
            72.8780912,
            19.0780124
          ],
          [
            72.8778828,
            19.0781017
          ],
          [
            72.8774777,
            19.0782685
          ],
          [
            72.8771731,
            19.078399
          ]
        ]
      }
    },
    {
      "type": "Feature",
      "id": "osm-22855647",
      "properties": {
        "osmid": 22855647,
        "name": "Avenue 5: Lane 3",
        "highway": "tertiary",
        "highwayCategory": "Municipal Thoroughfare",
        "isGalli": false
      },
      "geometry": {
        "type": "LineString",
        "coordinates": [
          [
            72.8679652,
            19.0621157
          ],
          [
            72.8683025,
            19.0621397
          ],
          [
            72.8688744,
            19.0621803
          ]
        ]
      }
    },
    {
      "type": "Feature",
      "id": "osm-22855651",
      "properties": {
        "osmid": 22855651,
        "name": "Street 5",
        "highway": "tertiary",
        "highwayCategory": "Municipal Thoroughfare",
        "isGalli": false
      },
      "geometry": {
        "type": "LineString",
        "coordinates": [
          [
            72.8622599,
            19.0652128
          ],
          [
            72.8625426,
            19.0649824
          ],
          [
            72.862555,
            19.0649715
          ],
          [
            72.8629199,
            19.0646518
          ],
          [
            72.8629412,
            19.0646331
          ],
          [
            72.863069,
            19.0645211
          ],
          [
            72.8634483,
            19.0641888
          ],
          [
            72.8634676,
            19.0641719
          ],
          [
            72.8635385,
            19.0641081
          ],
          [
            72.8636321,
            19.0640243
          ],
          [
            72.8641175,
            19.0636025
          ],
          [
            72.8641859,
            19.0635426
          ],
          [
            72.8644365,
            19.0633231
          ],
          [
            72.8645691,
            19.0632069
          ],
          [
            72.8649167,
            19.0629023
          ],
          [
            72.8650215,
            19.0628669
          ],
          [
            72.8651286,
            19.0628348
          ]
        ]
      }
    },
    {
      "type": "Feature",
      "id": "osm-22855659",
      "properties": {
        "osmid": 22855659,
        "name": "Swadeshi Mills Road",
        "highway": "residential",
        "highwayCategory": "Galli / Local Lane",
        "isGalli": true
      },
      "geometry": {
        "type": "LineString",
        "coordinates": [
          [
            72.8698276,
            19.0533155
          ],
          [
            72.8708242,
            19.0536335
          ],
          [
            72.8711879,
            19.0543057
          ],
          [
            72.871263,
            19.0544249
          ],
          [
            72.8713571,
            19.0545482
          ],
          [
            72.87144,
            19.0546087
          ],
          [
            72.8717431,
            19.0547582
          ],
          [
            72.8719981,
            19.054949
          ],
          [
            72.8721203,
            19.0550194
          ],
          [
            72.8723786,
            19.0552438
          ],
          [
            72.87253,
            19.0554005
          ],
          [
            72.8727703,
            19.0557865
          ],
          [
            72.872797,
            19.0558547
          ],
          [
            72.8729097,
            19.0561175
          ],
          [
            72.8730891,
            19.0564241
          ],
          [
            72.8731098,
            19.0564563
          ],
          [
            72.8733458,
            19.0568131
          ]
        ]
      }
    },
    {
      "type": "Feature",
      "id": "osm-22855692",
      "properties": {
        "osmid": 22855692,
        "name": "Avenue 5: Lane 3",
        "highway": "tertiary",
        "highwayCategory": "Municipal Thoroughfare",
        "isGalli": false
      },
      "geometry": {
        "type": "LineString",
        "coordinates": [
          [
            72.8688367,
            19.0620872
          ],
          [
            72.8679638,
            19.0620436
          ]
        ]
      }
    },
    {
      "type": "Feature",
      "id": "osm-22855725",
      "properties": {
        "osmid": 22855725,
        "name": "Local Street",
        "highway": "unclassified",
        "highwayCategory": "Galli / Local Lane",
        "isGalli": true
      },
      "geometry": {
        "type": "LineString",
        "coordinates": [
          [
            72.8669861,
            19.0604201
          ],
          [
            72.867086,
            19.0603682
          ],
          [
            72.8678759,
            19.0599636
          ],
          [
            72.8679543,
            19.0599258
          ],
          [
            72.8680323,
            19.0598952
          ],
          [
            72.8681011,
            19.0598545
          ]
        ]
      }
    },
    {
      "type": "Feature",
      "id": "osm-22855732",
      "properties": {
        "osmid": 22855732,
        "name": "Gulmohar Road",
        "highway": "tertiary",
        "highwayCategory": "Municipal Thoroughfare",
        "isGalli": false
      },
      "geometry": {
        "type": "LineString",
        "coordinates": [
          [
            72.8721156,
            19.0502117
          ],
          [
            72.8721147,
            19.0503028
          ],
          [
            72.8721694,
            19.0505629
          ],
          [
            72.8721907,
            19.0506856
          ],
          [
            72.8721969,
            19.0507169
          ],
          [
            72.8724541,
            19.0515847
          ],
          [
            72.8725918,
            19.0520491
          ],
          [
            72.8726744,
            19.0528007
          ]
        ]
      }
    },
    {
      "type": "Feature",
      "id": "osm-22855805",
      "properties": {
        "osmid": 22855805,
        "name": "Street 7",
        "highway": "secondary",
        "highwayCategory": "Municipal Thoroughfare",
        "isGalli": false
      },
      "geometry": {
        "type": "LineString",
        "coordinates": [
          [
            72.8652769,
            19.0672793
          ],
          [
            72.8653978,
            19.0671608
          ],
          [
            72.8657184,
            19.066865
          ],
          [
            72.866236,
            19.0663874
          ],
          [
            72.8664284,
            19.0662199
          ],
          [
            72.8664584,
            19.0661937
          ],
          [
            72.8664872,
            19.0661686
          ]
        ]
      }
    },
    {
      "type": "Feature",
      "id": "osm-22855806",
      "properties": {
        "osmid": 22855806,
        "name": "Kanzul Iman Road",
        "highway": "tertiary",
        "highwayCategory": "Municipal Thoroughfare",
        "isGalli": false
      },
      "geometry": {
        "type": "LineString",
        "coordinates": [
          [
            72.8674929,
            19.0704014
          ],
          [
            72.8675393,
            19.0704779
          ],
          [
            72.8678721,
            19.0706993
          ],
          [
            72.8682824,
            19.0709723
          ],
          [
            72.8685231,
            19.0711325
          ],
          [
            72.868723,
            19.0712489
          ],
          [
            72.8689751,
            19.0713957
          ],
          [
            72.8691714,
            19.0715065
          ],
          [
            72.8694588,
            19.0716687
          ],
          [
            72.8698506,
            19.0718899
          ],
          [
            72.8701933,
            19.0720412
          ],
          [
            72.8702595,
            19.0720434
          ]
        ]
      }
    },
    {
      "type": "Feature",
      "id": "osm-22855835",
      "properties": {
        "osmid": 22855835,
        "name": "Street 7",
        "highway": "secondary",
        "highwayCategory": "Municipal Thoroughfare",
        "isGalli": false
      },
      "geometry": {
        "type": "LineString",
        "coordinates": [
          [
            72.8664307,
            19.0661162
          ],
          [
            72.866402,
            19.0661444
          ],
          [
            72.8661849,
            19.0663342
          ],
          [
            72.8657463,
            19.0667387
          ],
          [
            72.8656656,
            19.0668132
          ],
          [
            72.8653966,
            19.0670614
          ],
          [
            72.8653326,
            19.0671204
          ],
          [
            72.8651975,
            19.0672299
          ]
        ]
      }
    },
    {
      "type": "Feature",
      "id": "osm-22855841",
      "properties": {
        "osmid": 22855841,
        "name": "Avenue 5",
        "highway": "tertiary",
        "highwayCategory": "Municipal Thoroughfare",
        "isGalli": false
      },
      "geometry": {
        "type": "LineString",
        "coordinates": [
          [
            72.8690517,
            19.0622722
          ],
          [
            72.8691455,
            19.0625078
          ],
          [
            72.8692947,
            19.0628789
          ],
          [
            72.8697265,
            19.063953
          ],
          [
            72.8701097,
            19.0649014
          ],
          [
            72.8701201,
            19.064923
          ],
          [
            72.8702312,
            19.0651551
          ],
          [
            72.8704655,
            19.0656853
          ],
          [
            72.8704711,
            19.0657801
          ]
        ]
      }
    },
    {
      "type": "Feature",
      "id": "osm-22855842",
      "properties": {
        "osmid": 22855842,
        "name": "Ranade Bhavan Road",
        "highway": "service",
        "highwayCategory": "Galli / Local Lane",
        "isGalli": true
      },
      "geometry": {
        "type": "LineString",
        "coordinates": [
          [
            72.8570996,
            19.0689524
          ],
          [
            72.8574008,
            19.0697639
          ],
          [
            72.8575533,
            19.0703347
          ],
          [
            72.8575797,
            19.0703847
          ],
          [
            72.8579011,
            19.0707498
          ],
          [
            72.8582243,
            19.0710669
          ]
        ]
      }
    },
    {
      "type": "Feature",
      "id": "osm-22855869",
      "properties": {
        "osmid": 22855869,
        "name": "Local Street",
        "highway": "residential",
        "highwayCategory": "Galli / Local Lane",
        "isGalli": true
      },
      "geometry": {
        "type": "LineString",
        "coordinates": [
          [
            72.8647437,
            19.071848
          ],
          [
            72.8643836,
            19.0724721
          ],
          [
            72.8642056,
            19.0726655
          ],
          [
            72.8639265,
            19.0729541
          ],
          [
            72.8638934,
            19.0731117
          ],
          [
            72.8638906,
            19.0731247
          ],
          [
            72.8638891,
            19.0731653
          ],
          [
            72.8638667,
            19.0737702
          ],
          [
            72.8638596,
            19.0739634
          ],
          [
            72.8638206,
            19.0743466
          ],
          [
            72.8637931,
            19.0744014
          ],
          [
            72.8637367,
            19.0744407
          ],
          [
            72.8630722,
            19.0746329
          ],
          [
            72.862394,
            19.074817
          ],
          [
            72.8624298,
            19.0749423
          ],
          [
            72.8624778,
            19.0751101
          ],
          [
            72.862496,
            19.0751737
          ],
          [
            72.8625615,
            19.0753813
          ]
        ]
      }
    },
    {
      "type": "Feature",
      "id": "osm-22855881",
      "properties": {
        "osmid": 22855881,
        "name": "Local Street",
        "highway": "unclassified",
        "highwayCategory": "Galli / Local Lane",
        "isGalli": true
      },
      "geometry": {
        "type": "LineString",
        "coordinates": [
          [
            72.8678134,
            19.0638628
          ],
          [
            72.8683048,
            19.0639014
          ],
          [
            72.8692001,
            19.0639742
          ],
          [
            72.8695317,
            19.0640002
          ],
          [
            72.8697265,
            19.063953
          ]
        ]
      }
    },
    {
      "type": "Feature",
      "id": "osm-22855895",
      "properties": {
        "osmid": 22855895,
        "name": "Bharat Nagar Road",
        "highway": "tertiary",
        "highwayCategory": "Municipal Thoroughfare",
        "isGalli": false
      },
      "geometry": {
        "type": "LineString",
        "coordinates": [
          [
            72.8620802,
            19.0652947
          ],
          [
            72.8618884,
            19.0654516
          ],
          [
            72.8617069,
            19.0656002
          ],
          [
            72.861675,
            19.0656216
          ],
          [
            72.8616034,
            19.0656697
          ],
          [
            72.8614931,
            19.0657148
          ],
          [
            72.86145,
            19.0657245
          ],
          [
            72.8613515,
            19.0657466
          ],
          [
            72.8612917,
            19.0657541
          ],
          [
            72.8612626,
            19.0657577
          ],
          [
            72.8612271,
            19.0657622
          ],
          [
            72.8611509,
            19.0657717
          ],
          [
            72.8608824,
            19.0658053
          ],
          [
            72.8605336,
            19.0658489
          ],
          [
            72.8603996,
            19.0658657
          ],
          [
            72.860134,
            19.0658989
          ],
          [
            72.8600438,
            19.0659102
          ],
          [
            72.8594995,
            19.0659783
          ],
          [
            72.8580266,
            19.0661628
          ],
          [
            72.8579576,
            19.0661711
          ],
          [
            72.8575573,
            19.0662212
          ],
          [
            72.8575284,
            19.0662248
          ],
          [
            72.857163,
            19.0662824
          ]
        ]
      }
    },
    {
      "type": "Feature",
      "id": "osm-22855897",
      "properties": {
        "osmid": 22855897,
        "name": "Local Street",
        "highway": "tertiary",
        "highwayCategory": "Municipal Thoroughfare",
        "isGalli": false
      },
      "geometry": {
        "type": "LineString",
        "coordinates": [
          [
            72.8595089,
            19.0660495
          ],
          [
            72.8594995,
            19.0659783
          ],
          [
            72.8594328,
            19.0654711
          ],
          [
            72.8594124,
            19.0653166
          ],
          [
            72.8593728,
            19.0650153
          ]
        ]
      }
    },
    {
      "type": "Feature",
      "id": "osm-22855915",
      "properties": {
        "osmid": 22855915,
        "name": "Local Street",
        "highway": "service",
        "highwayCategory": "Galli / Local Lane",
        "isGalli": true
      },
      "geometry": {
        "type": "LineString",
        "coordinates": [
          [
            72.8599117,
            19.0727605
          ],
          [
            72.8592069,
            19.0727339
          ],
          [
            72.8589717,
            19.0727248
          ],
          [
            72.8587565,
            19.0727167
          ],
          [
            72.8584903,
            19.0727068
          ],
          [
            72.858365,
            19.0727281
          ],
          [
            72.8579598,
            19.0730763
          ],
          [
            72.8577527,
            19.0732543
          ],
          [
            72.8576783,
            19.0732657
          ],
          [
            72.8576276,
            19.0732504
          ],
          [
            72.8575831,
            19.0731894
          ],
          [
            72.8571081,
            19.0725387
          ],
          [
            72.8570306,
            19.0724996
          ],
          [
            72.8569542,
            19.0725121
          ],
          [
            72.8564886,
            19.0728477
          ],
          [
            72.8563768,
            19.0728779
          ],
          [
            72.8562695,
            19.0728817
          ],
          [
            72.8561521,
            19.0728739
          ],
          [
            72.8555887,
            19.072758
          ],
          [
            72.8554755,
            19.0727347
          ],
          [
            72.8553877,
            19.0727163
          ],
          [
            72.8553271,
            19.0726734
          ],
          [
            72.8550031,
            19.0723607
          ],
          [
            72.8547917,
            19.0721421
          ]
        ]
      }
    },
    {
      "type": "Feature",
      "id": "osm-22855921",
      "properties": {
        "osmid": 22855921,
        "name": "Avenue 3",
        "highway": "tertiary",
        "highwayCategory": "Municipal Thoroughfare",
        "isGalli": false
      },
      "geometry": {
        "type": "LineString",
        "coordinates": [
          [
            72.8723,
            19.0710084
          ],
          [
            72.8724298,
            19.0707597
          ],
          [
            72.8724597,
            19.0706871
          ],
          [
            72.8724765,
            19.0706145
          ],
          [
            72.8724756,
            19.0702842
          ],
          [
            72.8724458,
            19.0701656
          ],
          [
            72.8720175,
            19.0689938
          ],
          [
            72.8719284,
            19.0689151
          ],
          [
            72.871356,
            19.0685648
          ],
          [
            72.8711522,
            19.0684363
          ],
          [
            72.8701673,
            19.067815
          ],
          [
            72.8697261,
            19.0675376
          ],
          [
            72.8696352,
            19.0674802
          ],
          [
            72.8696019,
            19.0674529
          ],
          [
            72.8695743,
            19.0674332
          ],
          [
            72.8694166,
            19.0673209
          ],
          [
            72.868924,
            19.0668192
          ],
          [
            72.8679244,
            19.0659614
          ],
          [
            72.8676733,
            19.0657295
          ]
        ]
      }
    },
    {
      "type": "Feature",
      "id": "osm-22856005",
      "properties": {
        "osmid": 22856005,
        "name": "Sion Bandra Link Road",
        "highway": "primary",
        "highwayCategory": "Municipal Thoroughfare",
        "isGalli": false
      },
      "geometry": {
        "type": "LineString",
        "coordinates": [
          [
            72.8522429,
            19.0472579
          ],
          [
            72.8526855,
            19.0476597
          ],
          [
            72.8529573,
            19.0479064
          ],
          [
            72.853138,
            19.0480448
          ],
          [
            72.8533937,
            19.0481961
          ],
          [
            72.8536176,
            19.0483156
          ],
          [
            72.8536393,
            19.0483249
          ],
          [
            72.853721,
            19.0483599
          ],
          [
            72.8538848,
            19.0484202
          ],
          [
            72.8541656,
            19.0484845
          ],
          [
            72.8543688,
            19.0485058
          ],
          [
            72.854555,
            19.048514
          ],
          [
            72.8547063,
            19.0485236
          ],
          [
            72.8549073,
            19.0485191
          ],
          [
            72.8550951,
            19.0484931
          ],
          [
            72.8554073,
            19.0484274
          ],
          [
            72.8556588,
            19.0483773
          ],
          [
            72.856043,
            19.0483128
          ],
          [
            72.8562186,
            19.0482771
          ]
        ]
      }
    },
    {
      "type": "Feature",
      "id": "osm-22856201",
      "properties": {
        "osmid": 22856201,
        "name": "Sag Baug Road",
        "highway": "service",
        "highwayCategory": "Galli / Local Lane",
        "isGalli": true
      },
      "geometry": {
        "type": "LineString",
        "coordinates": [
          [
            72.8855257,
            19.1057555
          ],
          [
            72.8855593,
            19.1057832
          ],
          [
            72.8858108,
            19.10599
          ],
          [
            72.8856714,
            19.1063123
          ]
        ]
      }
    },
    {
      "type": "Feature",
      "id": "osm-22856314",
      "properties": {
        "osmid": 22856314,
        "name": "Baji Pasalkar Marg (Saki Vihar Road)",
        "highway": "primary",
        "highwayCategory": "Municipal Thoroughfare",
        "isGalli": false
      },
      "geometry": {
        "type": "LineString",
        "coordinates": [
          [
            72.8930896,
            19.1248251
          ],
          [
            72.8930569,
            19.1247512
          ],
          [
            72.8929036,
            19.124404
          ],
          [
            72.8925824,
            19.1236764
          ],
          [
            72.8922373,
            19.1230043
          ],
          [
            72.8919023,
            19.1224817
          ],
          [
            72.8918692,
            19.1224318
          ],
          [
            72.8918452,
            19.1223956
          ],
          [
            72.8918118,
            19.1223513
          ],
          [
            72.8914509,
            19.1218794
          ],
          [
            72.8913499,
            19.1217043
          ],
          [
            72.8911294,
            19.1209654
          ],
          [
            72.8909936,
            19.1205803
          ],
          [
            72.8908217,
            19.1201951
          ],
          [
            72.8905303,
            19.119529
          ],
          [
            72.8904987,
            19.1194556
          ],
          [
            72.8903973,
            19.1192163
          ],
          [
            72.8902979,
            19.1189252
          ],
          [
            72.8902773,
            19.1188287
          ],
          [
            72.8902174,
            19.1186022
          ],
          [
            72.8901615,
            19.1183779
          ],
          [
            72.890055,
            19.1179509
          ],
          [
            72.8899978,
            19.1178474
          ],
          [
            72.8899225,
            19.1177608
          ],
          [
            72.8898985,
            19.1177331
          ],
          [
            72.8896725,
            19.1174436
          ],
          [
            72.8896508,
            19.1174157
          ],
          [
            72.8894133,
            19.1169797
          ],
          [
            72.8893688,
            19.11687
          ],
          [
            72.8893347,
            19.1167417
          ],
          [
            72.8892746,
            19.116538
          ],
          [
            72.8892328,
            19.1163778
          ],
          [
            72.8891944,
            19.1162144
          ],
          [
            72.8891877,
            19.1160252
          ],
          [
            72.8891843,
            19.1156943
          ],
          [
            72.8891786,
            19.1156172
          ]
        ]
      }
    },
    {
      "type": "Feature",
      "id": "osm-22856759",
      "properties": {
        "osmid": 22856759,
        "name": "Local Street",
        "highway": "residential",
        "highwayCategory": "Galli / Local Lane",
        "isGalli": true
      },
      "geometry": {
        "type": "LineString",
        "coordinates": [
          [
            72.8703723,
            19.1036324
          ],
          [
            72.8704211,
            19.1039996
          ],
          [
            72.8704272,
            19.1040392
          ],
          [
            72.8704749,
            19.1043487
          ],
          [
            72.8704898,
            19.1044457
          ],
          [
            72.8704791,
            19.1045966
          ],
          [
            72.8704726,
            19.104689
          ],
          [
            72.8704513,
            19.1047654
          ],
          [
            72.8704297,
            19.1048431
          ],
          [
            72.8702409,
            19.1050621
          ],
          [
            72.8699577,
            19.1053216
          ],
          [
            72.869373,
            19.1056699
          ],
          [
            72.8693421,
            19.1056883
          ],
          [
            72.8689215,
            19.1058938
          ],
          [
            72.8685977,
            19.1060487
          ]
        ]
      }
    },
    {
      "type": "Feature",
      "id": "osm-22856778",
      "properties": {
        "osmid": 22856778,
        "name": "Maroshi Village Road",
        "highway": "secondary",
        "highwayCategory": "Municipal Thoroughfare",
        "isGalli": false
      },
      "geometry": {
        "type": "LineString",
        "coordinates": [
          [
            72.8784764,
            19.1104433
          ],
          [
            72.8784867,
            19.1105027
          ],
          [
            72.8785819,
            19.1108245
          ],
          [
            72.8788537,
            19.1117916
          ],
          [
            72.8788788,
            19.1118807
          ],
          [
            72.8789108,
            19.1120151
          ],
          [
            72.8790006,
            19.1122604
          ],
          [
            72.8794188,
            19.1131048
          ],
          [
            72.8794768,
            19.1131259
          ]
        ]
      }
    },
    {
      "type": "Feature",
      "id": "osm-22857103",
      "properties": {
        "osmid": 22857103,
        "name": "Cardinal Gracias Road",
        "highway": "tertiary",
        "highwayCategory": "Municipal Thoroughfare",
        "isGalli": false
      },
      "geometry": {
        "type": "LineString",
        "coordinates": [
          [
            72.8585872,
            19.1077588
          ],
          [
            72.8586734,
            19.1078215
          ],
          [
            72.8587067,
            19.1078689
          ],
          [
            72.8588503,
            19.1080735
          ],
          [
            72.8590549,
            19.108767
          ],
          [
            72.859055,
            19.1088084
          ],
          [
            72.8590552,
            19.1088683
          ],
          [
            72.8590558,
            19.1091005
          ],
          [
            72.858999,
            19.1094809
          ],
          [
            72.8589839,
            19.1095332
          ],
          [
            72.858961,
            19.1097081
          ],
          [
            72.8589082,
            19.1101115
          ],
          [
            72.8588876,
            19.1102525
          ],
          [
            72.8588243,
            19.1106861
          ],
          [
            72.8588007,
            19.1108355
          ],
          [
            72.8587833,
            19.1109667
          ],
          [
            72.8587821,
            19.1109755
          ],
          [
            72.8587124,
            19.1114501
          ],
          [
            72.8587091,
            19.1114727
          ],
          [
            72.8586651,
            19.1117718
          ]
        ]
      }
    },
    {
      "type": "Feature",
      "id": "osm-22857142",
      "properties": {
        "osmid": 22857142,
        "name": "V K Krishna Marg",
        "highway": "secondary",
        "highwayCategory": "Municipal Thoroughfare",
        "isGalli": false
      },
      "geometry": {
        "type": "LineString",
        "coordinates": [
          [
            72.859285,
            19.1070163
          ],
          [
            72.8592061,
            19.1071011
          ],
          [
            72.8591307,
            19.1071809
          ],
          [
            72.8586488,
            19.107691
          ],
          [
            72.8585872,
            19.1077588
          ],
          [
            72.8583531,
            19.1079468
          ],
          [
            72.8581227,
            19.1080875
          ],
          [
            72.8579958,
            19.108165
          ],
          [
            72.8578305,
            19.108266
          ],
          [
            72.8574557,
            19.1084038
          ],
          [
            72.8570319,
            19.1085016
          ],
          [
            72.856201,
            19.1086933
          ],
          [
            72.8561097,
            19.1087144
          ],
          [
            72.8554117,
            19.1088633
          ],
          [
            72.855148,
            19.1089171
          ],
          [
            72.8546538,
            19.109007
          ],
          [
            72.8539346,
            19.1091378
          ]
        ]
      }
    },
    {
      "type": "Feature",
      "id": "osm-22857204",
      "properties": {
        "osmid": 22857204,
        "name": "Local Street",
        "highway": "residential",
        "highwayCategory": "Galli / Local Lane",
        "isGalli": true
      },
      "geometry": {
        "type": "LineString",
        "coordinates": [
          [
            72.8436824,
            19.1000936
          ],
          [
            72.8437297,
            19.1004777
          ],
          [
            72.8437817,
            19.1008721
          ],
          [
            72.8437972,
            19.1009566
          ]
        ]
      }
    },
    {
      "type": "Feature",
      "id": "osm-22857206",
      "properties": {
        "osmid": 22857206,
        "name": "Lajpatrai Road",
        "highway": "residential",
        "highwayCategory": "Galli / Local Lane",
        "isGalli": true
      },
      "geometry": {
        "type": "LineString",
        "coordinates": [
          [
            72.8402204,
            19.0981699
          ],
          [
            72.8402068,
            19.0989704
          ],
          [
            72.840205,
            19.099111
          ],
          [
            72.8402004,
            19.0993485
          ],
          [
            72.840198,
            19.099489
          ],
          [
            72.8401801,
            19.1005453
          ]
        ]
      }
    },
    {
      "type": "Feature",
      "id": "osm-22857212",
      "properties": {
        "osmid": 22857212,
        "name": "D Joshi Marg",
        "highway": "residential",
        "highwayCategory": "Galli / Local Lane",
        "isGalli": true
      },
      "geometry": {
        "type": "LineString",
        "coordinates": [
          [
            72.842592,
            19.1001722
          ],
          [
            72.8436824,
            19.1000936
          ]
        ]
      }
    },
    {
      "type": "Feature",
      "id": "osm-22857213",
      "properties": {
        "osmid": 22857213,
        "name": "Local Street",
        "highway": "service",
        "highwayCategory": "Galli / Local Lane",
        "isGalli": true
      },
      "geometry": {
        "type": "LineString",
        "coordinates": [
          [
            72.8427892,
            19.0985574
          ],
          [
            72.8427757,
            19.0986883
          ],
          [
            72.8427203,
            19.0992255
          ]
        ]
      }
    },
    {
      "type": "Feature",
      "id": "osm-22857218",
      "properties": {
        "osmid": 22857218,
        "name": "Saint Mary Path",
        "highway": "residential",
        "highwayCategory": "Galli / Local Lane",
        "isGalli": true
      },
      "geometry": {
        "type": "LineString",
        "coordinates": [
          [
            72.8417251,
            19.0981527
          ],
          [
            72.8417475,
            19.100006
          ],
          [
            72.8417508,
            19.1002776
          ]
        ]
      }
    },
    {
      "type": "Feature",
      "id": "osm-22857219",
      "properties": {
        "osmid": 22857219,
        "name": "Sarojani Path",
        "highway": "residential",
        "highwayCategory": "Galli / Local Lane",
        "isGalli": true
      },
      "geometry": {
        "type": "LineString",
        "coordinates": [
          [
            72.8408874,
            19.1004152
          ],
          [
            72.8409935,
            19.0981594
          ]
        ]
      }
    },
    {
      "type": "Feature",
      "id": "osm-22857230",
      "properties": {
        "osmid": 22857230,
        "name": "Local Street",
        "highway": "residential",
        "highwayCategory": "Galli / Local Lane",
        "isGalli": true
      },
      "geometry": {
        "type": "LineString",
        "coordinates": [
          [
            72.8420112,
            19.1061331
          ],
          [
            72.8419948,
            19.1066592
          ],
          [
            72.8419251,
            19.1067389
          ],
          [
            72.8417612,
            19.1067811
          ],
          [
            72.8417644,
            19.1070437
          ],
          [
            72.8418203,
            19.1072493
          ],
          [
            72.8417197,
            19.1074813
          ]
        ]
      }
    },
    {
      "type": "Feature",
      "id": "osm-22857295",
      "properties": {
        "osmid": 22857295,
        "name": "Sai Mandir Marg",
        "highway": "residential",
        "highwayCategory": "Galli / Local Lane",
        "isGalli": true
      },
      "geometry": {
        "type": "LineString",
        "coordinates": [
          [
            72.8484743,
            19.1096817
          ],
          [
            72.8479348,
            19.1099844
          ],
          [
            72.847622,
            19.1100595
          ],
          [
            72.8475309,
            19.1100812
          ],
          [
            72.8470234,
            19.1102508
          ],
          [
            72.8468853,
            19.1102534
          ],
          [
            72.8466206,
            19.1102754
          ],
          [
            72.8460611,
            19.1103547
          ],
          [
            72.8459226,
            19.1103744
          ]
        ]
      }
    },
    {
      "type": "Feature",
      "id": "osm-22857308",
      "properties": {
        "osmid": 22857308,
        "name": "Sudhir Tamse Marg",
        "highway": "residential",
        "highwayCategory": "Galli / Local Lane",
        "isGalli": true
      },
      "geometry": {
        "type": "LineString",
        "coordinates": [
          [
            72.8470234,
            19.1102508
          ],
          [
            72.8470665,
            19.1103691
          ],
          [
            72.8475316,
            19.1110467
          ],
          [
            72.8478599,
            19.1115584
          ],
          [
            72.8478827,
            19.111616
          ],
          [
            72.848238,
            19.1121219
          ],
          [
            72.8483877,
            19.1122173
          ],
          [
            72.8485775,
            19.1124428
          ]
        ]
      }
    },
    {
      "type": "Feature",
      "id": "osm-22857381",
      "properties": {
        "osmid": 22857381,
        "name": "Vithalbhai Patel Rd",
        "highway": "residential",
        "highwayCategory": "Galli / Local Lane",
        "isGalli": true
      },
      "geometry": {
        "type": "LineString",
        "coordinates": [
          [
            72.8438022,
            19.104414
          ],
          [
            72.8432036,
            19.1046045
          ],
          [
            72.8426919,
            19.1047674
          ]
        ]
      }
    },
    {
      "type": "Feature",
      "id": "osm-22857387",
      "properties": {
        "osmid": 22857387,
        "name": "D Joshi Marg",
        "highway": "residential",
        "highwayCategory": "Galli / Local Lane",
        "isGalli": true
      },
      "geometry": {
        "type": "LineString",
        "coordinates": [
          [
            72.8401801,
            19.1005453
          ],
          [
            72.8408874,
            19.1004152
          ]
        ]
      }
    },
    {
      "type": "Feature",
      "id": "osm-22857390",
      "properties": {
        "osmid": 22857390,
        "name": "D Joshi Marg",
        "highway": "residential",
        "highwayCategory": "Galli / Local Lane",
        "isGalli": true
      },
      "geometry": {
        "type": "LineString",
        "coordinates": [
          [
            72.8408874,
            19.1004152
          ],
          [
            72.841322,
            19.1003459
          ],
          [
            72.8416184,
            19.1002987
          ],
          [
            72.8417508,
            19.1002776
          ]
        ]
      }
    },
    {
      "type": "Feature",
      "id": "osm-22857391",
      "properties": {
        "osmid": 22857391,
        "name": "D Joshi Marg",
        "highway": "residential",
        "highwayCategory": "Galli / Local Lane",
        "isGalli": true
      },
      "geometry": {
        "type": "LineString",
        "coordinates": [
          [
            72.8417508,
            19.1002776
          ],
          [
            72.842592,
            19.1001722
          ]
        ]
      }
    },
    {
      "type": "Feature",
      "id": "osm-22857444",
      "properties": {
        "osmid": 22857444,
        "name": "Bapubhai Vasthi Road",
        "highway": "residential",
        "highwayCategory": "Galli / Local Lane",
        "isGalli": true
      },
      "geometry": {
        "type": "LineString",
        "coordinates": [
          [
            72.8435876,
            19.1028801
          ],
          [
            72.8436526,
            19.1032778
          ],
          [
            72.8438022,
            19.104414
          ],
          [
            72.8438284,
            19.1045456
          ],
          [
            72.8440425,
            19.1056224
          ],
          [
            72.8441653,
            19.1060478
          ]
        ]
      }
    },
    {
      "type": "Feature",
      "id": "osm-22857463",
      "properties": {
        "osmid": 22857463,
        "name": "Local Street",
        "highway": "residential",
        "highwayCategory": "Galli / Local Lane",
        "isGalli": true
      },
      "geometry": {
        "type": "LineString",
        "coordinates": [
          [
            72.8401801,
            19.1005453
          ],
          [
            72.8401864,
            19.1009702
          ],
          [
            72.8401877,
            19.1010574
          ],
          [
            72.8401883,
            19.1010952
          ],
          [
            72.84019,
            19.1012124
          ],
          [
            72.840201,
            19.1019475
          ],
          [
            72.8403608,
            19.1026474
          ]
        ]
      }
    },
    {
      "type": "Feature",
      "id": "osm-22857475",
      "properties": {
        "osmid": 22857475,
        "name": "Local Street",
        "highway": "residential",
        "highwayCategory": "Galli / Local Lane",
        "isGalli": true
      },
      "geometry": {
        "type": "LineString",
        "coordinates": [
          [
            72.839525,
            19.1006049
          ],
          [
            72.8401801,
            19.1005453
          ]
        ]
      }
    },
    {
      "type": "Feature",
      "id": "osm-22857480",
      "properties": {
        "osmid": 22857480,
        "name": "Old Police Lane",
        "highway": "residential",
        "highwayCategory": "Galli / Local Lane",
        "isGalli": true
      },
      "geometry": {
        "type": "LineString",
        "coordinates": [
          [
            72.8408978,
            19.1024603
          ],
          [
            72.8419225,
            19.1027513
          ]
        ]
      }
    },
    {
      "type": "Feature",
      "id": "osm-22857481",
      "properties": {
        "osmid": 22857481,
        "name": "Old Police Lane",
        "highway": "residential",
        "highwayCategory": "Galli / Local Lane",
        "isGalli": true
      },
      "geometry": {
        "type": "LineString",
        "coordinates": [
          [
            72.8435876,
            19.1028801
          ],
          [
            72.8425449,
            19.102761
          ]
        ]
      }
    },
    {
      "type": "Feature",
      "id": "osm-22857482",
      "properties": {
        "osmid": 22857482,
        "name": "Old Police Lane",
        "highway": "residential",
        "highwayCategory": "Galli / Local Lane",
        "isGalli": true
      },
      "geometry": {
        "type": "LineString",
        "coordinates": [
          [
            72.8419225,
            19.1027513
          ],
          [
            72.8425449,
            19.102761
          ]
        ]
      }
    },
    {
      "type": "Feature",
      "id": "osm-22857490",
      "properties": {
        "osmid": 22857490,
        "name": "B Singh Road",
        "highway": "residential",
        "highwayCategory": "Galli / Local Lane",
        "isGalli": true
      },
      "geometry": {
        "type": "LineString",
        "coordinates": [
          [
            72.8408978,
            19.1024603
          ],
          [
            72.840879,
            19.1029198
          ],
          [
            72.8409001,
            19.1029674
          ],
          [
            72.8409782,
            19.103007
          ],
          [
            72.8410641,
            19.1030564
          ],
          [
            72.8411869,
            19.1030948
          ],
          [
            72.8413775,
            19.103106
          ]
        ]
      }
    },
    {
      "type": "Feature",
      "id": "osm-22857539",
      "properties": {
        "osmid": 22857539,
        "name": "BPD Marg",
        "highway": "residential",
        "highwayCategory": "Galli / Local Lane",
        "isGalli": true
      },
      "geometry": {
        "type": "LineString",
        "coordinates": [
          [
            72.8403608,
            19.1026474
          ],
          [
            72.8408978,
            19.1024603
          ]
        ]
      }
    },
    {
      "type": "Feature",
      "id": "osm-22857540",
      "properties": {
        "osmid": 22857540,
        "name": "Sarojini Road",
        "highway": "residential",
        "highwayCategory": "Galli / Local Lane",
        "isGalli": true
      },
      "geometry": {
        "type": "LineString",
        "coordinates": [
          [
            72.8408862,
            19.1004694
          ],
          [
            72.8408978,
            19.1024603
          ]
        ]
      }
    },
    {
      "type": "Feature",
      "id": "osm-22857541",
      "properties": {
        "osmid": 22857541,
        "name": "V B Road",
        "highway": "residential",
        "highwayCategory": "Galli / Local Lane",
        "isGalli": true
      },
      "geometry": {
        "type": "LineString",
        "coordinates": [
          [
            72.8437972,
            19.1009566
          ],
          [
            72.843883,
            19.1015558
          ],
          [
            72.8438859,
            19.1015759
          ],
          [
            72.8439996,
            19.1023701
          ]
        ]
      }
    },
    {
      "type": "Feature",
      "id": "osm-22857566",
      "properties": {
        "osmid": 22857566,
        "name": "Besant Road",
        "highway": "residential",
        "highwayCategory": "Galli / Local Lane",
        "isGalli": true
      },
      "geometry": {
        "type": "LineString",
        "coordinates": [
          [
            72.8408862,
            19.1004694
          ],
          [
            72.841123,
            19.100622
          ],
          [
            72.8413617,
            19.1007335
          ],
          [
            72.8416166,
            19.1007867
          ],
          [
            72.8425587,
            19.1007113
          ]
        ]
      }
    },
    {
      "type": "Feature",
      "id": "osm-22857568",
      "properties": {
        "osmid": 22857568,
        "name": "Besant Road",
        "highway": "residential",
        "highwayCategory": "Galli / Local Lane",
        "isGalli": true
      },
      "geometry": {
        "type": "LineString",
        "coordinates": [
          [
            72.8425587,
            19.1007113
          ],
          [
            72.8430998,
            19.1007488
          ],
          [
            72.8433117,
            19.1007791
          ],
          [
            72.8437972,
            19.1009566
          ]
        ]
      }
    },
    {
      "type": "Feature",
      "id": "osm-22857631",
      "properties": {
        "osmid": 22857631,
        "name": "Local Street",
        "highway": "residential",
        "highwayCategory": "Galli / Local Lane",
        "isGalli": true
      },
      "geometry": {
        "type": "LineString",
        "coordinates": [
          [
            72.8470849,
            19.1117273
          ],
          [
            72.8473161,
            19.1118472
          ],
          [
            72.8473796,
            19.1118802
          ],
          [
            72.8474025,
            19.1119001
          ],
          [
            72.8474684,
            19.1119868
          ],
          [
            72.8476212,
            19.1121882
          ],
          [
            72.8476895,
            19.1122782
          ],
          [
            72.8477181,
            19.112321
          ],
          [
            72.8477455,
            19.1123627
          ],
          [
            72.8477627,
            19.1124584
          ],
          [
            72.8477572,
            19.1125518
          ],
          [
            72.8477301,
            19.1126239
          ],
          [
            72.8477229,
            19.1126671
          ],
          [
            72.8477338,
            19.1126999
          ],
          [
            72.8478747,
            19.1128553
          ],
          [
            72.8479697,
            19.1129487
          ]
        ]
      }
    },
    {
      "type": "Feature",
      "id": "osm-22857665",
      "properties": {
        "osmid": 22857665,
        "name": "J V Kendra Road",
        "highway": "residential",
        "highwayCategory": "Galli / Local Lane",
        "isGalli": true
      },
      "geometry": {
        "type": "LineString",
        "coordinates": [
          [
            72.8484038,
            19.1090699
          ],
          [
            72.8484596,
            19.1094517
          ],
          [
            72.8484743,
            19.1096817
          ],
          [
            72.8485664,
            19.1104428
          ],
          [
            72.8486221,
            19.1109381
          ],
          [
            72.8487609,
            19.1114221
          ],
          [
            72.848908,
            19.1118653
          ],
          [
            72.8489362,
            19.1119502
          ],
          [
            72.8489963,
            19.1121152
          ],
          [
            72.8490299,
            19.1121658
          ]
        ]
      }
    },
    {
      "type": "Feature",
      "id": "osm-22857711",
      "properties": {
        "osmid": 22857711,
        "name": "Jiva Mahale Marg",
        "highway": "tertiary",
        "highwayCategory": "Municipal Thoroughfare",
        "isGalli": false
      },
      "geometry": {
        "type": "LineString",
        "coordinates": [
          [
            72.853016,
            19.1129536
          ],
          [
            72.8530528,
            19.1128883
          ],
          [
            72.8531359,
            19.1127411
          ],
          [
            72.8532509,
            19.1125373
          ],
          [
            72.8533062,
            19.1123268
          ],
          [
            72.8533131,
            19.1122088
          ],
          [
            72.8533034,
            19.1120948
          ],
          [
            72.8532992,
            19.1119773
          ],
          [
            72.8532891,
            19.1116919
          ],
          [
            72.8532632,
            19.1113479
          ],
          [
            72.8532014,
            19.1111174
          ],
          [
            72.8531423,
            19.110897
          ],
          [
            72.8530421,
            19.1105232
          ],
          [
            72.8530245,
            19.110369
          ],
          [
            72.8530013,
            19.1101666
          ],
          [
            72.8529928,
            19.1100373
          ],
          [
            72.8530028,
            19.1099763
          ],
          [
            72.8530389,
            19.1097467
          ],
          [
            72.8530638,
            19.1094842
          ],
          [
            72.8530717,
            19.1094346
          ]
        ]
      }
    },
    {
      "type": "Feature",
      "id": "osm-22857731",
      "properties": {
        "osmid": 22857731,
        "name": "M C Chagla Road",
        "highway": "residential",
        "highwayCategory": "Galli / Local Lane",
        "isGalli": true
      },
      "geometry": {
        "type": "LineString",
        "coordinates": [
          [
            72.854633,
            19.1035778
          ],
          [
            72.855105,
            19.1035515
          ],
          [
            72.8553461,
            19.1035381
          ],
          [
            72.8554681,
            19.1035313
          ],
          [
            72.8556586,
            19.1035233
          ],
          [
            72.8559399,
            19.10351
          ],
          [
            72.8560271,
            19.1035018
          ],
          [
            72.8560668,
            19.103498
          ],
          [
            72.8563179,
            19.103484
          ],
          [
            72.8564798,
            19.103476
          ],
          [
            72.8565874,
            19.1034675
          ],
          [
            72.8566772,
            19.103464
          ],
          [
            72.8571208,
            19.1034393
          ],
          [
            72.8572037,
            19.1034318
          ],
          [
            72.8574531,
            19.1034208
          ],
          [
            72.8574959,
            19.1034184
          ]
        ]
      }
    },
    {
      "type": "Feature",
      "id": "osm-22857746",
      "properties": {
        "osmid": 22857746,
        "name": "Teli Gali",
        "highway": "tertiary",
        "highwayCategory": "Municipal Thoroughfare",
        "isGalli": false
      },
      "geometry": {
        "type": "LineString",
        "coordinates": [
          [
            72.8503878,
            19.1155695
          ],
          [
            72.8503979,
            19.1156287
          ],
          [
            72.8504103,
            19.1156855
          ],
          [
            72.8504304,
            19.115762
          ],
          [
            72.8504463,
            19.1158822
          ],
          [
            72.8505052,
            19.1163277
          ],
          [
            72.8505373,
            19.1165711
          ],
          [
            72.8506186,
            19.117186
          ],
          [
            72.8506737,
            19.1176032
          ],
          [
            72.8507454,
            19.1181459
          ],
          [
            72.8508059,
            19.1186039
          ],
          [
            72.8508114,
            19.1186539
          ],
          [
            72.8508334,
            19.1188557
          ],
          [
            72.850889,
            19.1189702
          ],
          [
            72.8509197,
            19.1190187
          ]
        ]
      }
    },
    {
      "type": "Feature",
      "id": "osm-22857783",
      "properties": {
        "osmid": 22857783,
        "name": "Dadabhai Road",
        "highway": "secondary",
        "highwayCategory": "Municipal Thoroughfare",
        "isGalli": false
      },
      "geometry": {
        "type": "LineString",
        "coordinates": [
          [
            72.8431238,
            19.1061649
          ],
          [
            72.8430275,
            19.1061355
          ]
        ]
      }
    },
    {
      "type": "Feature",
      "id": "osm-22857832",
      "properties": {
        "osmid": 22857832,
        "name": "Swami Vivekanand Road",
        "highway": "primary",
        "highwayCategory": "Municipal Thoroughfare",
        "isGalli": false
      },
      "geometry": {
        "type": "LineString",
        "coordinates": [
          [
            72.8441185,
            19.1165909
          ],
          [
            72.8441449,
            19.1166146
          ],
          [
            72.8443837,
            19.1168296
          ],
          [
            72.8444356,
            19.1169057
          ],
          [
            72.8444993,
            19.1170229
          ],
          [
            72.8445721,
            19.1172541
          ],
          [
            72.8446822,
            19.1175974
          ],
          [
            72.8447072,
            19.1176754
          ],
          [
            72.8450383,
            19.1187148
          ],
          [
            72.845204,
            19.1191536
          ],
          [
            72.8453407,
            19.1195159
          ],
          [
            72.8455023,
            19.1199519
          ]
        ]
      }
    },
    {
      "type": "Feature",
      "id": "osm-22858707",
      "properties": {
        "osmid": 22858707,
        "name": "Kamalakar Pant Walawalkar Marg",
        "highway": "primary",
        "highwayCategory": "Municipal Thoroughfare",
        "isGalli": false
      },
      "geometry": {
        "type": "LineString",
        "coordinates": [
          [
            72.8297958,
            19.1172151
          ],
          [
            72.8297884,
            19.117689
          ],
          [
            72.8297978,
            19.1178707
          ],
          [
            72.8298074,
            19.1180571
          ],
          [
            72.8298048,
            19.1195128
          ],
          [
            72.8297972,
            19.1201905
          ],
          [
            72.8297831,
            19.1207496
          ],
          [
            72.8297907,
            19.120985
          ],
          [
            72.829795,
            19.1211809
          ],
          [
            72.8298018,
            19.1213299
          ],
          [
            72.8298538,
            19.1216626
          ],
          [
            72.8298831,
            19.1217901
          ],
          [
            72.8301795,
            19.1228282
          ],
          [
            72.8302647,
            19.1232278
          ],
          [
            72.8303866,
            19.123808
          ],
          [
            72.8304065,
            19.1238755
          ],
          [
            72.8305068,
            19.1242154
          ],
          [
            72.8306806,
            19.1247692
          ]
        ]
      }
    },
    {
      "type": "Feature",
      "id": "osm-22859037",
      "properties": {
        "osmid": 22859037,
        "name": "Ramakrishna Paramahansa Marg",
        "highway": "tertiary",
        "highwayCategory": "Municipal Thoroughfare",
        "isGalli": false
      },
      "geometry": {
        "type": "LineString",
        "coordinates": [
          [
            72.8547095,
            19.0602565
          ],
          [
            72.8545874,
            19.0603954
          ],
          [
            72.8544588,
            19.0606019
          ],
          [
            72.8541851,
            19.0610413
          ],
          [
            72.8541625,
            19.0610963
          ],
          [
            72.8541489,
            19.061176
          ],
          [
            72.8541236,
            19.0612424
          ],
          [
            72.8541116,
            19.0612629
          ],
          [
            72.8540928,
            19.0612949
          ],
          [
            72.8540379,
            19.0613884
          ],
          [
            72.8539863,
            19.0614367
          ]
        ]
      }
    },
    {
      "type": "Feature",
      "id": "osm-22859038",
      "properties": {
        "osmid": 22859038,
        "name": "Road No 8",
        "highway": "residential",
        "highwayCategory": "Galli / Local Lane",
        "isGalli": true
      },
      "geometry": {
        "type": "LineString",
        "coordinates": [
          [
            72.8469706,
            19.0587518
          ],
          [
            72.8476894,
            19.0587571
          ],
          [
            72.8485112,
            19.0587459
          ],
          [
            72.8485378,
            19.0587455
          ],
          [
            72.8488553,
            19.0587411
          ],
          [
            72.84933,
            19.0587346
          ],
          [
            72.8497686,
            19.0588447
          ],
          [
            72.8500118,
            19.058913
          ],
          [
            72.8501846,
            19.0589615
          ],
          [
            72.8503627,
            19.0590566
          ],
          [
            72.8505138,
            19.059154
          ],
          [
            72.8506277,
            19.0592274
          ],
          [
            72.8508518,
            19.059497
          ],
          [
            72.8510997,
            19.0597953
          ],
          [
            72.8512261,
            19.0601089
          ],
          [
            72.8513774,
            19.0604669
          ]
        ]
      }
    },
    {
      "type": "Feature",
      "id": "osm-22859053",
      "properties": {
        "osmid": 22859053,
        "name": "Local Street",
        "highway": "residential",
        "highwayCategory": "Galli / Local Lane",
        "isGalli": true
      },
      "geometry": {
        "type": "LineString",
        "coordinates": [
          [
            72.8499027,
            19.0574741
          ],
          [
            72.8499185,
            19.0581181
          ],
          [
            72.8501756,
            19.0585352
          ],
          [
            72.8501905,
            19.0589
          ]
        ]
      }
    },
    {
      "type": "Feature",
      "id": "osm-22859071",
      "properties": {
        "osmid": 22859071,
        "name": "Nanasaheb Dharmadhikari Marg",
        "highway": "tertiary",
        "highwayCategory": "Municipal Thoroughfare",
        "isGalli": false
      },
      "geometry": {
        "type": "LineString",
        "coordinates": [
          [
            72.8475994,
            19.0557497
          ],
          [
            72.8481669,
            19.0561764
          ],
          [
            72.8482084,
            19.0562076
          ],
          [
            72.8482573,
            19.0562443
          ],
          [
            72.8482903,
            19.0562692
          ],
          [
            72.848339,
            19.0563058
          ],
          [
            72.8483743,
            19.0563324
          ],
          [
            72.8486946,
            19.0565737
          ],
          [
            72.8488009,
            19.0566602
          ],
          [
            72.8494319,
            19.0571234
          ],
          [
            72.8499027,
            19.0574741
          ],
          [
            72.8500079,
            19.0575599
          ],
          [
            72.850437,
            19.0579096
          ],
          [
            72.8505347,
            19.0579893
          ],
          [
            72.8508919,
            19.0582709
          ],
          [
            72.8512273,
            19.0585354
          ]
        ]
      }
    },
    {
      "type": "Feature",
      "id": "osm-22859072",
      "properties": {
        "osmid": 22859072,
        "name": "Local Street",
        "highway": "residential",
        "highwayCategory": "Galli / Local Lane",
        "isGalli": true
      },
      "geometry": {
        "type": "LineString",
        "coordinates": [
          [
            72.8512273,
            19.0585354
          ],
          [
            72.8509023,
            19.0588867
          ],
          [
            72.8506277,
            19.0592274
          ]
        ]
      }
    },
    {
      "type": "Feature",
      "id": "osm-22859073",
      "properties": {
        "osmid": 22859073,
        "name": "Service Road",
        "highway": "residential",
        "highwayCategory": "Galli / Local Lane",
        "isGalli": true
      },
      "geometry": {
        "type": "LineString",
        "coordinates": [
          [
            72.8461604,
            19.0556292
          ],
          [
            72.8461406,
            19.0574854
          ],
          [
            72.8461605,
            19.0580949
          ],
          [
            72.8461668,
            19.0582877
          ],
          [
            72.8461749,
            19.0585337
          ],
          [
            72.8462081,
            19.0595487
          ],
          [
            72.8462316,
            19.0609751
          ],
          [
            72.8462139,
            19.061262
          ],
          [
            72.8462553,
            19.0626938
          ],
          [
            72.846261,
            19.0634831
          ],
          [
            72.8462654,
            19.0640942
          ],
          [
            72.8462934,
            19.0654992
          ],
          [
            72.8463097,
            19.06586
          ],
          [
            72.8463251,
            19.0670948
          ],
          [
            72.8463293,
            19.0672331
          ],
          [
            72.8463648,
            19.0692629
          ],
          [
            72.8463912,
            19.0707703
          ]
        ]
      }
    },
    {
      "type": "Feature",
      "id": "osm-22859088",
      "properties": {
        "osmid": 22859088,
        "name": "Local Street",
        "highway": "residential",
        "highwayCategory": "Galli / Local Lane",
        "isGalli": true
      },
      "geometry": {
        "type": "LineString",
        "coordinates": [
          [
            72.8517784,
            19.0579436
          ],
          [
            72.8515389,
            19.0582115
          ],
          [
            72.8512273,
            19.0585354
          ]
        ]
      }
    },
    {
      "type": "Feature",
      "id": "osm-22859092",
      "properties": {
        "osmid": 22859092,
        "name": "Bhai Dhondu Tambe Marg",
        "highway": "residential",
        "highwayCategory": "Galli / Local Lane",
        "isGalli": true
      },
      "geometry": {
        "type": "LineString",
        "coordinates": [
          [
            72.8485018,
            19.0596051
          ],
          [
            72.8487421,
            19.0596023
          ],
          [
            72.8488939,
            19.0596006
          ],
          [
            72.8493603,
            19.0596006
          ]
        ]
      }
    },
    {
      "type": "Feature",
      "id": "osm-22859100",
      "properties": {
        "osmid": 22859100,
        "name": "Nanasaheb Dharmadhikari Marg",
        "highway": "tertiary",
        "highwayCategory": "Municipal Thoroughfare",
        "isGalli": false
      },
      "geometry": {
        "type": "LineString",
        "coordinates": [
          [
            72.8479453,
            19.055256
          ],
          [
            72.8476523,
            19.0555906
          ],
          [
            72.8476275,
            19.0556651
          ],
          [
            72.8475994,
            19.0557497
          ]
        ]
      }
    },
    {
      "type": "Feature",
      "id": "osm-22859105",
      "properties": {
        "osmid": 22859105,
        "name": "Madhusudan Kalekar Marg",
        "highway": "tertiary",
        "highwayCategory": "Municipal Thoroughfare",
        "isGalli": false
      },
      "geometry": {
        "type": "LineString",
        "coordinates": [
          [
            72.8517784,
            19.0579436
          ],
          [
            72.8518128,
            19.057972
          ],
          [
            72.8521735,
            19.0582696
          ],
          [
            72.852253,
            19.058339
          ],
          [
            72.8528451,
            19.0588243
          ],
          [
            72.8534558,
            19.0593248
          ],
          [
            72.853481,
            19.0593455
          ],
          [
            72.8535677,
            19.0594508
          ],
          [
            72.8535821,
            19.0594683
          ]
        ]
      }
    },
    {
      "type": "Feature",
      "id": "osm-22859111",
      "properties": {
        "osmid": 22859111,
        "name": "Road No 7",
        "highway": "residential",
        "highwayCategory": "Galli / Local Lane",
        "isGalli": true
      },
      "geometry": {
        "type": "LineString",
        "coordinates": [
          [
            72.8494319,
            19.0571234
          ],
          [
            72.849327,
            19.0581034
          ],
          [
            72.8493272,
            19.0581373
          ],
          [
            72.8493296,
            19.0586587
          ],
          [
            72.84933,
            19.0587346
          ],
          [
            72.8493422,
            19.0590828
          ],
          [
            72.8493498,
            19.0593003
          ],
          [
            72.8493529,
            19.0593898
          ],
          [
            72.8493603,
            19.0596006
          ],
          [
            72.8493857,
            19.0601637
          ]
        ]
      }
    },
    {
      "type": "Feature",
      "id": "osm-22859121",
      "properties": {
        "osmid": 22859121,
        "name": "Sion Bandra Link Road",
        "highway": "primary",
        "highwayCategory": "Municipal Thoroughfare",
        "isGalli": false
      },
      "geometry": {
        "type": "LineString",
        "coordinates": [
          [
            72.8518556,
            19.0468098
          ],
          [
            72.8517364,
            19.0468637
          ],
          [
            72.8516794,
            19.0469552
          ],
          [
            72.8514669,
            19.0472582
          ],
          [
            72.8491451,
            19.0503333
          ],
          [
            72.8482915,
            19.0514639
          ]
        ]
      }
    },
    {
      "type": "Feature",
      "id": "osm-22859128",
      "properties": {
        "osmid": 22859128,
        "name": "Local Street",
        "highway": "residential",
        "highwayCategory": "Galli / Local Lane",
        "isGalli": true
      },
      "geometry": {
        "type": "LineString",
        "coordinates": [
          [
            72.852941,
            19.061796
          ],
          [
            72.8529137,
            19.0618441
          ],
          [
            72.8526405,
            19.0623231
          ],
          [
            72.8523386,
            19.0628524
          ],
          [
            72.8520975,
            19.0632752
          ],
          [
            72.8520439,
            19.0633692
          ],
          [
            72.85188,
            19.0636565
          ],
          [
            72.8517487,
            19.0638867
          ]
        ]
      }
    },
    {
      "type": "Feature",
      "id": "osm-22859135",
      "properties": {
        "osmid": 22859135,
        "name": "Local Street",
        "highway": "residential",
        "highwayCategory": "Galli / Local Lane",
        "isGalli": true
      },
      "geometry": {
        "type": "LineString",
        "coordinates": [
          [
            72.8481736,
            19.0630022
          ],
          [
            72.8480191,
            19.0631725
          ],
          [
            72.847899,
            19.0632537
          ],
          [
            72.8477182,
            19.0633213
          ]
        ]
      }
    },
    {
      "type": "Feature",
      "id": "osm-22859137",
      "properties": {
        "osmid": 22859137,
        "name": "Local Street",
        "highway": "residential",
        "highwayCategory": "Galli / Local Lane",
        "isGalli": true
      },
      "geometry": {
        "type": "LineString",
        "coordinates": [
          [
            72.8500708,
            19.0635135
          ],
          [
            72.8506534,
            19.063824
          ],
          [
            72.8509024,
            19.0639508
          ]
        ]
      }
    },
    {
      "type": "Feature",
      "id": "osm-22859138",
      "properties": {
        "osmid": 22859138,
        "name": "Local Street",
        "highway": "residential",
        "highwayCategory": "Galli / Local Lane",
        "isGalli": true
      },
      "geometry": {
        "type": "LineString",
        "coordinates": [
          [
            72.8501576,
            19.0649905
          ],
          [
            72.8509544,
            19.0654328
          ]
        ]
      }
    },
    {
      "type": "Feature",
      "id": "osm-22859143",
      "properties": {
        "osmid": 22859143,
        "name": "Local Street",
        "highway": "residential",
        "highwayCategory": "Galli / Local Lane",
        "isGalli": true
      },
      "geometry": {
        "type": "LineString",
        "coordinates": [
          [
            72.8477213,
            19.0629941
          ],
          [
            72.8481736,
            19.0630022
          ]
        ]
      }
    },
    {
      "type": "Feature",
      "id": "osm-22859144",
      "properties": {
        "osmid": 22859144,
        "name": "Avenue 5",
        "highway": "tertiary",
        "highwayCategory": "Municipal Thoroughfare",
        "isGalli": false
      },
      "geometry": {
        "type": "LineString",
        "coordinates": [
          [
            72.868036,
            19.0597643
          ],
          [
            72.8679401,
            19.0596553
          ],
          [
            72.8679091,
            19.0595911
          ],
          [
            72.8675584,
            19.0588563
          ],
          [
            72.8674991,
            19.0587319
          ],
          [
            72.8674097,
            19.0586165
          ],
          [
            72.8672973,
            19.0585051
          ],
          [
            72.86716,
            19.0584111
          ],
          [
            72.8659841,
            19.0577613
          ],
          [
            72.8658667,
            19.0576964
          ],
          [
            72.8653543,
            19.0574592
          ],
          [
            72.8649043,
            19.0573209
          ],
          [
            72.8644612,
            19.0572801
          ],
          [
            72.8641612,
            19.0573173
          ],
          [
            72.8638573,
            19.0573636
          ],
          [
            72.8635565,
            19.0574228
          ],
          [
            72.8633104,
            19.0575011
          ],
          [
            72.8630757,
            19.0576026
          ],
          [
            72.8628739,
            19.0576992
          ],
          [
            72.8613697,
            19.0585339
          ],
          [
            72.8611434,
            19.0586712
          ]
        ]
      }
    },
    {
      "type": "Feature",
      "id": "osm-22859148",
      "properties": {
        "osmid": 22859148,
        "name": "Local Street",
        "highway": "residential",
        "highwayCategory": "Galli / Local Lane",
        "isGalli": true
      },
      "geometry": {
        "type": "LineString",
        "coordinates": [
          [
            72.8494697,
            19.0643698
          ],
          [
            72.8486242,
            19.0643773
          ],
          [
            72.8477179,
            19.0643812
          ]
        ]
      }
    },
    {
      "type": "Feature",
      "id": "osm-22859164",
      "properties": {
        "osmid": 22859164,
        "name": "Local Street",
        "highway": "tertiary",
        "highwayCategory": "Municipal Thoroughfare",
        "isGalli": false
      },
      "geometry": {
        "type": "LineString",
        "coordinates": [
          [
            72.857163,
            19.0662824
          ],
          [
            72.8570602,
            19.0656168
          ],
          [
            72.8570574,
            19.0655466
          ],
          [
            72.8570855,
            19.0654574
          ],
          [
            72.8572101,
            19.0653214
          ],
          [
            72.8572617,
            19.0652804
          ],
          [
            72.8573106,
            19.0652612
          ],
          [
            72.8573899,
            19.0652464
          ],
          [
            72.8574168,
            19.0652432
          ],
          [
            72.8585604,
            19.0651088
          ],
          [
            72.8589354,
            19.0650647
          ],
          [
            72.8593728,
            19.0650153
          ]
        ]
      }
    },
    {
      "type": "Feature",
      "id": "osm-22859185",
      "properties": {
        "osmid": 22859185,
        "name": "Local Street",
        "highway": "residential",
        "highwayCategory": "Galli / Local Lane",
        "isGalli": true
      },
      "geometry": {
        "type": "LineString",
        "coordinates": [
          [
            72.8470666,
            19.0636309
          ],
          [
            72.8471738,
            19.0641811
          ],
          [
            72.8472085,
            19.0646002
          ],
          [
            72.8472097,
            19.0648596
          ],
          [
            72.847209,
            19.0649125
          ],
          [
            72.8471944,
            19.0651871
          ],
          [
            72.8471888,
            19.0652358
          ],
          [
            72.8471507,
            19.0655077
          ]
        ]
      }
    },
    {
      "type": "Feature",
      "id": "osm-22859189",
      "properties": {
        "osmid": 22859189,
        "name": "Local Street",
        "highway": "tertiary",
        "highwayCategory": "Municipal Thoroughfare",
        "isGalli": false
      },
      "geometry": {
        "type": "LineString",
        "coordinates": [
          [
            72.8542532,
            19.0657047
          ],
          [
            72.8543451,
            19.0656559
          ],
          [
            72.8545067,
            19.0655057
          ],
          [
            72.8545762,
            19.0654411
          ],
          [
            72.8546053,
            19.0653921
          ],
          [
            72.8546763,
            19.0652725
          ],
          [
            72.8547882,
            19.0650771
          ],
          [
            72.8548647,
            19.0649435
          ],
          [
            72.8550435,
            19.0646461
          ],
          [
            72.8551552,
            19.0644484
          ],
          [
            72.8552641,
            19.0642556
          ],
          [
            72.8555012,
            19.0638357
          ],
          [
            72.855518,
            19.063805
          ],
          [
            72.8556553,
            19.0635538
          ],
          [
            72.8558106,
            19.0632696
          ],
          [
            72.8559622,
            19.06298
          ]
        ]
      }
    },
    {
      "type": "Feature",
      "id": "osm-22859190",
      "properties": {
        "osmid": 22859190,
        "name": "Local Street",
        "highway": "residential",
        "highwayCategory": "Galli / Local Lane",
        "isGalli": true
      },
      "geometry": {
        "type": "LineString",
        "coordinates": [
          [
            72.8545325,
            19.0653509
          ],
          [
            72.8546053,
            19.0653921
          ],
          [
            72.8551928,
            19.0657198
          ],
          [
            72.855862,
            19.0660715
          ],
          [
            72.8561052,
            19.0662508
          ],
          [
            72.8561978,
            19.0663686
          ],
          [
            72.8562593,
            19.0664621
          ],
          [
            72.8562835,
            19.0665311
          ]
        ]
      }
    },
    {
      "type": "Feature",
      "id": "osm-22859195",
      "properties": {
        "osmid": 22859195,
        "name": "Local Street",
        "highway": "residential",
        "highwayCategory": "Galli / Local Lane",
        "isGalli": true
      },
      "geometry": {
        "type": "LineString",
        "coordinates": [
          [
            72.8511285,
            19.0635656
          ],
          [
            72.8517487,
            19.0638867
          ]
        ]
      }
    },
    {
      "type": "Feature",
      "id": "osm-22859198",
      "properties": {
        "osmid": 22859198,
        "name": "Sharada Devi Road",
        "highway": "tertiary",
        "highwayCategory": "Municipal Thoroughfare",
        "isGalli": false
      },
      "geometry": {
        "type": "LineString",
        "coordinates": [
          [
            72.8498304,
            19.0654916
          ],
          [
            72.8499257,
            19.0654092
          ],
          [
            72.8500933,
            19.0651083
          ],
          [
            72.8501576,
            19.0649905
          ],
          [
            72.8504705,
            19.0644172
          ],
          [
            72.8505322,
            19.0643463
          ],
          [
            72.8505854,
            19.0643176
          ],
          [
            72.8506998,
            19.0643299
          ],
          [
            72.8513606,
            19.0646737
          ],
          [
            72.8513846,
            19.0646862
          ],
          [
            72.8520164,
            19.064995
          ]
        ]
      }
    },
    {
      "type": "Feature",
      "id": "osm-22859199",
      "properties": {
        "osmid": 22859199,
        "name": "Local Street",
        "highway": "residential",
        "highwayCategory": "Galli / Local Lane",
        "isGalli": true
      },
      "geometry": {
        "type": "LineString",
        "coordinates": [
          [
            72.8477121,
            19.0634716
          ],
          [
            72.8476413,
            19.0634847
          ],
          [
            72.8475312,
            19.0635053
          ],
          [
            72.8471091,
            19.0635845
          ],
          [
            72.8470754,
            19.0636028
          ],
          [
            72.8470666,
            19.0636309
          ]
        ]
      }
    },
    {
      "type": "Feature",
      "id": "osm-22859200",
      "properties": {
        "osmid": 22859200,
        "name": "Local Street",
        "highway": "residential",
        "highwayCategory": "Galli / Local Lane",
        "isGalli": true
      },
      "geometry": {
        "type": "LineString",
        "coordinates": [
          [
            72.8503668,
            19.0629793
          ],
          [
            72.8509632,
            19.0632903
          ]
        ]
      }
    },
    {
      "type": "Feature",
      "id": "osm-22859210",
      "properties": {
        "osmid": 22859210,
        "name": "Local Street",
        "highway": "tertiary",
        "highwayCategory": "Municipal Thoroughfare",
        "isGalli": false
      },
      "geometry": {
        "type": "LineString",
        "coordinates": [
          [
            72.8559622,
            19.06298
          ],
          [
            72.856076,
            19.0627705
          ],
          [
            72.8562288,
            19.0625301
          ],
          [
            72.8564121,
            19.0622417
          ],
          [
            72.8565799,
            19.0619923
          ],
          [
            72.8567379,
            19.0617575
          ]
        ]
      }
    },
    {
      "type": "Feature",
      "id": "osm-22859215",
      "properties": {
        "osmid": 22859215,
        "name": "Local Street",
        "highway": "residential",
        "highwayCategory": "Galli / Local Lane",
        "isGalli": true
      },
      "geometry": {
        "type": "LineString",
        "coordinates": [
          [
            72.8469775,
            19.0627628
          ],
          [
            72.8472359,
            19.0627648
          ],
          [
            72.8474367,
            19.0627663
          ],
          [
            72.8477221,
            19.0627684
          ]
        ]
      }
    },
    {
      "type": "Feature",
      "id": "osm-22859218",
      "properties": {
        "osmid": 22859218,
        "name": "Local Street",
        "highway": "residential",
        "highwayCategory": "Galli / Local Lane",
        "isGalli": true
      },
      "geometry": {
        "type": "LineString",
        "coordinates": [
          [
            72.8494782,
            19.0630103
          ],
          [
            72.8488259,
            19.0630062
          ],
          [
            72.8481736,
            19.0630022
          ]
        ]
      }
    },
    {
      "type": "Feature",
      "id": "osm-22859223",
      "properties": {
        "osmid": 22859223,
        "name": "Local Street",
        "highway": "residential",
        "highwayCategory": "Galli / Local Lane",
        "isGalli": true
      },
      "geometry": {
        "type": "LineString",
        "coordinates": [
          [
            72.8494728,
            19.0631675
          ],
          [
            72.8496781,
            19.0632119
          ],
          [
            72.8500161,
            19.063285
          ],
          [
            72.8501368,
            19.0633111
          ]
        ]
      }
    },
    {
      "type": "Feature",
      "id": "osm-22859224",
      "properties": {
        "osmid": 22859224,
        "name": "Local Street",
        "highway": "residential",
        "highwayCategory": "Galli / Local Lane",
        "isGalli": true
      },
      "geometry": {
        "type": "LineString",
        "coordinates": [
          [
            72.8511306,
            19.0615672
          ],
          [
            72.8511369,
            19.0615705
          ],
          [
            72.8511575,
            19.0615805
          ],
          [
            72.8517775,
            19.0618994
          ],
          [
            72.8520155,
            19.062014
          ],
          [
            72.8526405,
            19.0623231
          ]
        ]
      }
    },
    {
      "type": "Feature",
      "id": "osm-22859226",
      "properties": {
        "osmid": 22859226,
        "name": "Local Street",
        "highway": "residential",
        "highwayCategory": "Galli / Local Lane",
        "isGalli": true
      },
      "geometry": {
        "type": "LineString",
        "coordinates": [
          [
            72.8508117,
            19.0620645
          ],
          [
            72.8508742,
            19.0620974
          ],
          [
            72.8514712,
            19.0624119
          ],
          [
            72.8517276,
            19.0625449
          ],
          [
            72.8523386,
            19.0628524
          ]
        ]
      }
    },
    {
      "type": "Feature",
      "id": "osm-22859228",
      "properties": {
        "osmid": 22859228,
        "name": "Local Street",
        "highway": "residential",
        "highwayCategory": "Galli / Local Lane",
        "isGalli": true
      },
      "geometry": {
        "type": "LineString",
        "coordinates": [
          [
            72.8506698,
            19.0624867
          ],
          [
            72.8512537,
            19.0627792
          ]
        ]
      }
    },
    {
      "type": "Feature",
      "id": "osm-22859240",
      "properties": {
        "osmid": 22859240,
        "name": "Ramakrishna Paramahansa Marg",
        "highway": "residential",
        "highwayCategory": "Galli / Local Lane",
        "isGalli": true
      },
      "geometry": {
        "type": "LineString",
        "coordinates": [
          [
            72.8521802,
            19.0611566
          ],
          [
            72.8519813,
            19.0615241
          ],
          [
            72.8517775,
            19.0618994
          ],
          [
            72.8514712,
            19.0624119
          ],
          [
            72.8512537,
            19.0627792
          ],
          [
            72.8509632,
            19.0632903
          ],
          [
            72.8506534,
            19.063824
          ],
          [
            72.8504523,
            19.0641703
          ]
        ]
      }
    },
    {
      "type": "Feature",
      "id": "osm-22859259",
      "properties": {
        "osmid": 22859259,
        "name": "Road No 2",
        "highway": "tertiary",
        "highwayCategory": "Municipal Thoroughfare",
        "isGalli": false
      },
      "geometry": {
        "type": "LineString",
        "coordinates": [
          [
            72.8475994,
            19.0557497
          ],
          [
            72.8475922,
            19.055936
          ],
          [
            72.8476071,
            19.0563637
          ],
          [
            72.8476119,
            19.056481
          ],
          [
            72.8476202,
            19.0566826
          ],
          [
            72.847623,
            19.0567516
          ],
          [
            72.847633,
            19.0571575
          ],
          [
            72.847649,
            19.0575635
          ],
          [
            72.8476505,
            19.0575824
          ],
          [
            72.8476814,
            19.0583895
          ],
          [
            72.8476894,
            19.0587571
          ],
          [
            72.8476972,
            19.0592242
          ],
          [
            72.8477014,
            19.0596144
          ],
          [
            72.8477071,
            19.0598248
          ],
          [
            72.8477273,
            19.0605766
          ]
        ]
      }
    },
    {
      "type": "Feature",
      "id": "osm-22859270",
      "properties": {
        "osmid": 22859270,
        "name": "Sharada Devi Road",
        "highway": "residential",
        "highwayCategory": "Galli / Local Lane",
        "isGalli": true
      },
      "geometry": {
        "type": "LineString",
        "coordinates": [
          [
            72.8492316,
            19.068431
          ],
          [
            72.8500856,
            19.0688621
          ]
        ]
      }
    },
    {
      "type": "Feature",
      "id": "osm-22859280",
      "properties": {
        "osmid": 22859280,
        "name": "Local Street",
        "highway": "residential",
        "highwayCategory": "Galli / Local Lane",
        "isGalli": true
      },
      "geometry": {
        "type": "LineString",
        "coordinates": [
          [
            72.8476828,
            19.0615605
          ],
          [
            72.8481822,
            19.0615506
          ],
          [
            72.8488062,
            19.061532
          ],
          [
            72.8494439,
            19.0615095
          ]
        ]
      }
    },
    {
      "type": "Feature",
      "id": "osm-22859283",
      "properties": {
        "osmid": 22859283,
        "name": "Local Street",
        "highway": "tertiary",
        "highwayCategory": "Municipal Thoroughfare",
        "isGalli": false
      },
      "geometry": {
        "type": "LineString",
        "coordinates": [
          [
            72.8477179,
            19.0643812
          ],
          [
            72.8477121,
            19.0634716
          ],
          [
            72.8477182,
            19.0633213
          ],
          [
            72.8477213,
            19.0629941
          ],
          [
            72.8477221,
            19.0627684
          ],
          [
            72.8476938,
            19.0622547
          ]
        ]
      }
    },
    {
      "type": "Feature",
      "id": "osm-22859284",
      "properties": {
        "osmid": 22859284,
        "name": "Local Street",
        "highway": "residential",
        "highwayCategory": "Galli / Local Lane",
        "isGalli": true
      },
      "geometry": {
        "type": "LineString",
        "coordinates": [
          [
            72.8567379,
            19.0617575
          ],
          [
            72.8576536,
            19.0622731
          ]
        ]
      }
    },
    {
      "type": "Feature",
      "id": "osm-22859288",
      "properties": {
        "osmid": 22859288,
        "name": "Local Street",
        "highway": "residential",
        "highwayCategory": "Galli / Local Lane",
        "isGalli": true
      },
      "geometry": {
        "type": "LineString",
        "coordinates": [
          [
            72.8476938,
            19.0622547
          ],
          [
            72.8481788,
            19.0622547
          ],
          [
            72.8488267,
            19.0622428
          ],
          [
            72.8494689,
            19.0622843
          ]
        ]
      }
    },
    {
      "type": "Feature",
      "id": "osm-22859289",
      "properties": {
        "osmid": 22859289,
        "name": "Local Street",
        "highway": "residential",
        "highwayCategory": "Galli / Local Lane",
        "isGalli": true
      },
      "geometry": {
        "type": "LineString",
        "coordinates": [
          [
            72.8481822,
            19.0615506
          ],
          [
            72.8481788,
            19.0622547
          ]
        ]
      }
    },
    {
      "type": "Feature",
      "id": "osm-22859290",
      "properties": {
        "osmid": 22859290,
        "name": "Local Street",
        "highway": "tertiary",
        "highwayCategory": "Municipal Thoroughfare",
        "isGalli": false
      },
      "geometry": {
        "type": "LineString",
        "coordinates": [
          [
            72.8567379,
            19.0617575
          ],
          [
            72.8572579,
            19.0609544
          ],
          [
            72.8573719,
            19.0608356
          ]
        ]
      }
    },
    {
      "type": "Feature",
      "id": "osm-22859298",
      "properties": {
        "osmid": 22859298,
        "name": "JL Shirshekar Marg",
        "highway": "tertiary",
        "highwayCategory": "Municipal Thoroughfare",
        "isGalli": false
      },
      "geometry": {
        "type": "LineString",
        "coordinates": [
          [
            72.8495016,
            19.0657738
          ],
          [
            72.8496042,
            19.0661056
          ],
          [
            72.8496847,
            19.0662121
          ],
          [
            72.8497463,
            19.0662628
          ],
          [
            72.8498412,
            19.066321
          ],
          [
            72.8499303,
            19.0663631
          ],
          [
            72.8503154,
            19.06655
          ],
          [
            72.8506924,
            19.0667393
          ],
          [
            72.8510125,
            19.0669
          ],
          [
            72.8511856,
            19.0669869
          ]
        ]
      }
    },
    {
      "type": "Feature",
      "id": "osm-22859299",
      "properties": {
        "osmid": 22859299,
        "name": "Local Street",
        "highway": "tertiary",
        "highwayCategory": "Municipal Thoroughfare",
        "isGalli": false
      },
      "geometry": {
        "type": "LineString",
        "coordinates": [
          [
            72.8497439,
            19.0606265
          ],
          [
            72.8499009,
            19.0605693
          ],
          [
            72.8499382,
            19.0605631
          ],
          [
            72.8499749,
            19.0605615
          ],
          [
            72.8500175,
            19.0605622
          ],
          [
            72.8505063,
            19.0605701
          ],
          [
            72.8507407,
            19.0605739
          ],
          [
            72.851022,
            19.0605784
          ],
          [
            72.8512182,
            19.0605816
          ],
          [
            72.8513494,
            19.060552
          ]
        ]
      }
    },
    {
      "type": "Feature",
      "id": "osm-22859303",
      "properties": {
        "osmid": 22859303,
        "name": "Local Street",
        "highway": "residential",
        "highwayCategory": "Galli / Local Lane",
        "isGalli": true
      },
      "geometry": {
        "type": "LineString",
        "coordinates": [
          [
            72.8537688,
            19.0621439
          ],
          [
            72.8534076,
            19.0627516
          ],
          [
            72.8533937,
            19.0628021
          ],
          [
            72.8534044,
            19.0628869
          ],
          [
            72.8533936,
            19.0629289
          ],
          [
            72.8533709,
            19.062969
          ],
          [
            72.8531021,
            19.0634438
          ],
          [
            72.8527809,
            19.0640113
          ],
          [
            72.8523245,
            19.0648493
          ],
          [
            72.8522245,
            19.0650329
          ],
          [
            72.8521926,
            19.0650833
          ]
        ]
      }
    },
    {
      "type": "Feature",
      "id": "osm-22859310",
      "properties": {
        "osmid": 22859310,
        "name": "Ambedkar Chowk",
        "highway": "tertiary",
        "highwayCategory": "Municipal Thoroughfare",
        "isGalli": false
      },
      "geometry": {
        "type": "LineString",
        "coordinates": [
          [
            72.8489898,
            19.0606482
          ],
          [
            72.8490412,
            19.0607464
          ],
          [
            72.8491208,
            19.0608261
          ],
          [
            72.8492215,
            19.0608804
          ],
          [
            72.8493346,
            19.0609046
          ],
          [
            72.8494502,
            19.0608965
          ],
          [
            72.8495321,
            19.0608697
          ],
          [
            72.8496058,
            19.0608266
          ],
          [
            72.8496678,
            19.0607693
          ],
          [
            72.8497149,
            19.0607006
          ],
          [
            72.8497439,
            19.0606265
          ]
        ]
      }
    },
    {
      "type": "Feature",
      "id": "osm-22859314",
      "properties": {
        "osmid": 22859314,
        "name": "S D Mandir Marg",
        "highway": "tertiary",
        "highwayCategory": "Municipal Thoroughfare",
        "isGalli": false
      },
      "geometry": {
        "type": "LineString",
        "coordinates": [
          [
            72.8489709,
            19.0605401
          ],
          [
            72.8485849,
            19.0605579
          ],
          [
            72.8477273,
            19.0605766
          ]
        ]
      }
    },
    {
      "type": "Feature",
      "id": "osm-22859324",
      "properties": {
        "osmid": 22859324,
        "name": "Kalina-Vakola Flyover",
        "highway": "motorway",
        "highwayCategory": "Municipal Thoroughfare",
        "isGalli": false
      },
      "geometry": {
        "type": "LineString",
        "coordinates": [
          [
            72.8466711,
            19.0716813
          ],
          [
            72.8466937,
            19.0735026
          ],
          [
            72.8467599,
            19.0755164
          ],
          [
            72.8468127,
            19.0775481
          ],
          [
            72.8468121,
            19.0778059
          ],
          [
            72.8468166,
            19.0780699
          ],
          [
            72.8468192,
            19.0782744
          ],
          [
            72.8468361,
            19.0788098
          ],
          [
            72.8468918,
            19.0799967
          ]
        ]
      }
    },
    {
      "type": "Feature",
      "id": "osm-22859346",
      "properties": {
        "osmid": 22859346,
        "name": "Local Street",
        "highway": "residential",
        "highwayCategory": "Galli / Local Lane",
        "isGalli": true
      },
      "geometry": {
        "type": "LineString",
        "coordinates": [
          [
            72.8438353,
            19.0593444
          ],
          [
            72.8436551,
            19.0600629
          ],
          [
            72.8439698,
            19.0603472
          ],
          [
            72.8444986,
            19.0610324
          ]
        ]
      }
    },
    {
      "type": "Feature",
      "id": "osm-22859353",
      "properties": {
        "osmid": 22859353,
        "name": "Ramrao Nayak Marg",
        "highway": "tertiary",
        "highwayCategory": "Municipal Thoroughfare",
        "isGalli": false
      },
      "geometry": {
        "type": "LineString",
        "coordinates": [
          [
            72.8372739,
            19.0699352
          ],
          [
            72.8363309,
            19.0700117
          ],
          [
            72.8354873,
            19.0701046
          ],
          [
            72.8346929,
            19.0701799
          ]
        ]
      }
    },
    {
      "type": "Feature",
      "id": "osm-22859356",
      "properties": {
        "osmid": 22859356,
        "name": "Adarsh Lane",
        "highway": "residential",
        "highwayCategory": "Galli / Local Lane",
        "isGalli": true
      },
      "geometry": {
        "type": "LineString",
        "coordinates": [
          [
            72.8422917,
            19.0687036
          ],
          [
            72.842441,
            19.0686615
          ],
          [
            72.8426456,
            19.0686451
          ],
          [
            72.8429275,
            19.068692
          ],
          [
            72.843095,
            19.0687682
          ],
          [
            72.8432413,
            19.0688625
          ],
          [
            72.8432638,
            19.0688944
          ],
          [
            72.8432775,
            19.0689276
          ],
          [
            72.8432923,
            19.0690219
          ],
          [
            72.8433203,
            19.0691983
          ],
          [
            72.8433416,
            19.0692429
          ],
          [
            72.843385,
            19.0692639
          ],
          [
            72.8439321,
            19.069388
          ],
          [
            72.8444166,
            19.0695065
          ],
          [
            72.8447045,
            19.0695799
          ],
          [
            72.8448733,
            19.069623
          ],
          [
            72.8448905,
            19.0696274
          ],
          [
            72.8449138,
            19.069629
          ],
          [
            72.8450168,
            19.0696361
          ],
          [
            72.8450712,
            19.0696388
          ],
          [
            72.8452713,
            19.0696538
          ],
          [
            72.8453591,
            19.0696592
          ],
          [
            72.8456667,
            19.0696209
          ]
        ]
      }
    },
    {
      "type": "Feature",
      "id": "osm-22859368",
      "properties": {
        "osmid": 22859368,
        "name": "10th Road",
        "highway": "residential",
        "highwayCategory": "Galli / Local Lane",
        "isGalli": true
      },
      "geometry": {
        "type": "LineString",
        "coordinates": [
          [
            72.8370811,
            19.0679102
          ],
          [
            72.8367967,
            19.0680203
          ],
          [
            72.8366438,
            19.0682072
          ],
          [
            72.8364953,
            19.0684762
          ],
          [
            72.8362648,
            19.0690176
          ],
          [
            72.8363309,
            19.0700117
          ],
          [
            72.8365452,
            19.0714303
          ]
        ]
      }
    },
    {
      "type": "Feature",
      "id": "osm-22859400",
      "properties": {
        "osmid": 22859400,
        "name": "Pipeline Road",
        "highway": "residential",
        "highwayCategory": "Galli / Local Lane",
        "isGalli": true
      },
      "geometry": {
        "type": "LineString",
        "coordinates": [
          [
            72.843572,
            19.0662118
          ],
          [
            72.8438009,
            19.0665433
          ],
          [
            72.8443906,
            19.0675092
          ],
          [
            72.8448844,
            19.0683098
          ],
          [
            72.8456018,
            19.0695121
          ],
          [
            72.8456667,
            19.0696209
          ],
          [
            72.8457518,
            19.069756
          ],
          [
            72.8457794,
            19.0697998
          ],
          [
            72.8459163,
            19.0700169
          ],
          [
            72.8463912,
            19.0707703
          ]
        ]
      }
    },
    {
      "type": "Feature",
      "id": "osm-22859437",
      "properties": {
        "osmid": 22859437,
        "name": "Bhomiya Mandir Marg",
        "highway": "residential",
        "highwayCategory": "Galli / Local Lane",
        "isGalli": true
      },
      "geometry": {
        "type": "LineString",
        "coordinates": [
          [
            72.8442386,
            19.0620441
          ],
          [
            72.8438022,
            19.0623877
          ]
        ]
      }
    },
    {
      "type": "Feature",
      "id": "osm-22859469",
      "properties": {
        "osmid": 22859469,
        "name": "26th Road (Sumatilal Manilal Shah Marg)",
        "highway": "residential",
        "highwayCategory": "Galli / Local Lane",
        "isGalli": true
      },
      "geometry": {
        "type": "LineString",
        "coordinates": [
          [
            72.8336897,
            19.0622301
          ],
          [
            72.8337366,
            19.0627448
          ],
          [
            72.8338243,
            19.0637075
          ]
        ]
      }
    },
    {
      "type": "Feature",
      "id": "osm-22859470",
      "properties": {
        "osmid": 22859470,
        "name": "Children Complex Road",
        "highway": "residential",
        "highwayCategory": "Galli / Local Lane",
        "isGalli": true
      },
      "geometry": {
        "type": "LineString",
        "coordinates": [
          [
            72.8462139,
            19.061262
          ],
          [
            72.8452472,
            19.0614351
          ],
          [
            72.8449469,
            19.0615024
          ],
          [
            72.8446893,
            19.0615601
          ],
          [
            72.8445944,
            19.0615813
          ],
          [
            72.8443806,
            19.0615748
          ],
          [
            72.8442043,
            19.0615074
          ]
        ]
      }
    },
    {
      "type": "Feature",
      "id": "osm-22859473",
      "properties": {
        "osmid": 22859473,
        "name": "8th Road",
        "highway": "residential",
        "highwayCategory": "Galli / Local Lane",
        "isGalli": true
      },
      "geometry": {
        "type": "LineString",
        "coordinates": [
          [
            72.8375188,
            19.0725333
          ],
          [
            72.8374262,
            19.0725461
          ],
          [
            72.8366816,
            19.0726444
          ],
          [
            72.8358304,
            19.0727018
          ],
          [
            72.8350316,
            19.0728394
          ]
        ]
      }
    },
    {
      "type": "Feature",
      "id": "osm-22859491",
      "properties": {
        "osmid": 22859491,
        "name": "Daima Marg Road",
        "highway": "residential",
        "highwayCategory": "Galli / Local Lane",
        "isGalli": true
      },
      "geometry": {
        "type": "LineString",
        "coordinates": [
          [
            72.8434525,
            19.0611139
          ],
          [
            72.8430641,
            19.0613992
          ],
          [
            72.8426447,
            19.0617451
          ],
          [
            72.8423433,
            19.0619936
          ],
          [
            72.8423091,
            19.0620442
          ],
          [
            72.8422253,
            19.0622534
          ],
          [
            72.8422398,
            19.0623956
          ],
          [
            72.8423272,
            19.0628223
          ],
          [
            72.8424243,
            19.0630036
          ],
          [
            72.8426272,
            19.0632429
          ],
          [
            72.8426745,
            19.0632987
          ],
          [
            72.8428151,
            19.0634647
          ],
          [
            72.8432321,
            19.0639037
          ]
        ]
      }
    },
    {
      "type": "Feature",
      "id": "osm-22859494",
      "properties": {
        "osmid": 22859494,
        "name": "Road No 4",
        "highway": "residential",
        "highwayCategory": "Galli / Local Lane",
        "isGalli": true
      },
      "geometry": {
        "type": "LineString",
        "coordinates": [
          [
            72.8461406,
            19.0574854
          ],
          [
            72.8454861,
            19.0575315
          ],
          [
            72.8454818,
            19.0578444
          ],
          [
            72.8454704,
            19.058583
          ],
          [
            72.845467,
            19.059326
          ],
          [
            72.8454665,
            19.0594334
          ],
          [
            72.8454707,
            19.0595518
          ],
          [
            72.8454737,
            19.0595904
          ],
          [
            72.8454988,
            19.0599871
          ],
          [
            72.8455005,
            19.0600381
          ]
        ]
      }
    },
    {
      "type": "Feature",
      "id": "osm-22859497",
      "properties": {
        "osmid": 22859497,
        "name": "Polytechinc Road",
        "highway": "residential",
        "highwayCategory": "Galli / Local Lane",
        "isGalli": true
      },
      "geometry": {
        "type": "LineString",
        "coordinates": [
          [
            72.8452472,
            19.0614351
          ],
          [
            72.8452568,
            19.0614809
          ],
          [
            72.8453201,
            19.0617814
          ],
          [
            72.8454064,
            19.0621915
          ],
          [
            72.8454225,
            19.0622752
          ],
          [
            72.8454845,
            19.0623889
          ],
          [
            72.8446785,
            19.0625602
          ]
        ]
      }
    },
    {
      "type": "Feature",
      "id": "osm-22859505",
      "properties": {
        "osmid": 22859505,
        "name": "Local Street",
        "highway": "residential",
        "highwayCategory": "Galli / Local Lane",
        "isGalli": true
      },
      "geometry": {
        "type": "LineString",
        "coordinates": [
          [
            72.8438022,
            19.0623877
          ],
          [
            72.8443515,
            19.0630217
          ],
          [
            72.8443117,
            19.0630559
          ],
          [
            72.8439391,
            19.0633259
          ],
          [
            72.8443081,
            19.0638008
          ],
          [
            72.84444,
            19.0638755
          ]
        ]
      }
    },
    {
      "type": "Feature",
      "id": "osm-22859525",
      "properties": {
        "osmid": 22859525,
        "name": "Jay Prakash Road",
        "highway": "tertiary",
        "highwayCategory": "Municipal Thoroughfare",
        "isGalli": false
      },
      "geometry": {
        "type": "LineString",
        "coordinates": [
          [
            72.8420149,
            19.0667882
          ],
          [
            72.841911,
            19.0668249
          ],
          [
            72.8417926,
            19.0668788
          ],
          [
            72.8417705,
            19.0668956
          ],
          [
            72.8417567,
            19.0669187
          ],
          [
            72.8417547,
            19.0669599
          ],
          [
            72.8417265,
            19.0671995
          ],
          [
            72.8417457,
            19.0673145
          ],
          [
            72.8417445,
            19.0675397
          ],
          [
            72.8417426,
            19.0680398
          ],
          [
            72.8418411,
            19.0683591
          ],
          [
            72.8419028,
            19.0684783
          ],
          [
            72.8419833,
            19.0685543
          ],
          [
            72.8422917,
            19.0687036
          ],
          [
            72.842694,
            19.0692264
          ],
          [
            72.8431589,
            19.0697282
          ],
          [
            72.8432355,
            19.0698166
          ],
          [
            72.8433326,
            19.0698873
          ],
          [
            72.8439252,
            19.0701838
          ],
          [
            72.8440099,
            19.0702627
          ],
          [
            72.8441791,
            19.0704265
          ],
          [
            72.8443887,
            19.0707389
          ],
          [
            72.8443964,
            19.0707611
          ],
          [
            72.8444188,
            19.0708257
          ],
          [
            72.8444211,
            19.0709857
          ],
          [
            72.8443784,
            19.071166
          ],
          [
            72.8442784,
            19.0716929
          ],
          [
            72.8442777,
            19.0716968
          ],
          [
            72.8442444,
            19.0720513
          ],
          [
            72.8442184,
            19.0722067
          ],
          [
            72.8442058,
            19.072282
          ],
          [
            72.8441755,
            19.0724633
          ],
          [
            72.8440956,
            19.0728824
          ],
          [
            72.8440835,
            19.0729363
          ],
          [
            72.8440694,
            19.0730085
          ],
          [
            72.8439997,
            19.07312
          ],
          [
            72.8436376,
            19.0732012
          ],
          [
            72.8435571,
            19.0732493
          ],
          [
            72.8434901,
            19.0733051
          ],
          [
            72.8434418,
            19.0734471
          ],
          [
            72.8434387,
            19.0735821
          ],
          [
            72.8434364,
            19.0736828
          ],
          [
            72.8433952,
            19.0738923
          ],
          [
            72.8433285,
            19.0739483
          ],
          [
            72.8432512,
            19.073963
          ],
          [
            72.8432101,
            19.0739846
          ],
          [
            72.8427425,
            19.0745993
          ],
          [
            72.8424759,
            19.0749715
          ],
          [
            72.8422962,
            19.0751168
          ],
          [
            72.842266,
            19.0751501
          ]
        ]
      }
    },
    {
      "type": "Feature",
      "id": "osm-22859583",
      "properties": {
        "osmid": 22859583,
        "name": "Chitrakar Dhurandar Road",
        "highway": "secondary",
        "highwayCategory": "Municipal Thoroughfare",
        "isGalli": false
      },
      "geometry": {
        "type": "LineString",
        "coordinates": [
          [
            72.825793,
            19.07514
          ],
          [
            72.825988,
            19.0750885
          ],
          [
            72.8260629,
            19.0750606
          ],
          [
            72.8262626,
            19.074984
          ],
          [
            72.8263254,
            19.0749612
          ],
          [
            72.8264427,
            19.0749186
          ],
          [
            72.8265131,
            19.074893
          ],
          [
            72.8266032,
            19.0748576
          ],
          [
            72.8270732,
            19.0746729
          ],
          [
            72.8274683,
            19.0745136
          ],
          [
            72.8278977,
            19.0743535
          ],
          [
            72.8282793,
            19.0742178
          ],
          [
            72.8286618,
            19.0740924
          ],
          [
            72.8290209,
            19.0739635
          ],
          [
            72.8294123,
            19.0738296
          ],
          [
            72.8301892,
            19.0735707
          ]
        ]
      }
    },
    {
      "type": "Feature",
      "id": "osm-22859591",
      "properties": {
        "osmid": 22859591,
        "name": "Chitrakar Durandhar Road (2nd Road)",
        "highway": "tertiary",
        "highwayCategory": "Municipal Thoroughfare",
        "isGalli": false
      },
      "geometry": {
        "type": "LineString",
        "coordinates": [
          [
            72.8340986,
            19.0717033
          ],
          [
            72.8348744,
            19.0716048
          ],
          [
            72.8352553,
            19.0715408
          ]
        ]
      }
    },
    {
      "type": "Feature",
      "id": "osm-22859660",
      "properties": {
        "osmid": 22859660,
        "name": "Local Street",
        "highway": "residential",
        "highwayCategory": "Galli / Local Lane",
        "isGalli": true
      },
      "geometry": {
        "type": "LineString",
        "coordinates": [
          [
            72.8434865,
            19.0576552
          ],
          [
            72.8434912,
            19.057612
          ],
          [
            72.843493,
            19.0575973
          ],
          [
            72.8435353,
            19.0572608
          ]
        ]
      }
    },
    {
      "type": "Feature",
      "id": "osm-22859669",
      "properties": {
        "osmid": 22859669,
        "name": "Local Street",
        "highway": "residential",
        "highwayCategory": "Galli / Local Lane",
        "isGalli": true
      },
      "geometry": {
        "type": "LineString",
        "coordinates": [
          [
            72.8450443,
            19.0572729
          ],
          [
            72.8450136,
            19.0578014
          ]
        ]
      }
    },
    {
      "type": "Feature",
      "id": "osm-22859719",
      "properties": {
        "osmid": 22859719,
        "name": "Local Street",
        "highway": "residential",
        "highwayCategory": "Galli / Local Lane",
        "isGalli": true
      },
      "geometry": {
        "type": "LineString",
        "coordinates": [
          [
            72.8454665,
            19.0594334
          ],
          [
            72.8449384,
            19.0594046
          ],
          [
            72.8438353,
            19.0593444
          ]
        ]
      }
    },
    {
      "type": "Feature",
      "id": "osm-22859721",
      "properties": {
        "osmid": 22859721,
        "name": "Road No 8",
        "highway": "residential",
        "highwayCategory": "Galli / Local Lane",
        "isGalli": true
      },
      "geometry": {
        "type": "LineString",
        "coordinates": [
          [
            72.8454818,
            19.0578444
          ],
          [
            72.8450136,
            19.0578014
          ],
          [
            72.8449267,
            19.0577943
          ],
          [
            72.8445492,
            19.0577633
          ],
          [
            72.8441041,
            19.0577352
          ],
          [
            72.8439296,
            19.0577172
          ],
          [
            72.8437957,
            19.0577034
          ],
          [
            72.8434865,
            19.0576552
          ],
          [
            72.84346,
            19.0576587
          ],
          [
            72.8434468,
            19.0576754
          ],
          [
            72.8432684,
            19.0583689
          ],
          [
            72.8431949,
            19.0586186
          ],
          [
            72.8431502,
            19.0587703
          ],
          [
            72.8430823,
            19.0590009
          ],
          [
            72.8427392,
            19.0601661
          ]
        ]
      }
    },
    {
      "type": "Feature",
      "id": "osm-22859725",
      "properties": {
        "osmid": 22859725,
        "name": "Kherwadi Road",
        "highway": "tertiary",
        "highwayCategory": "Municipal Thoroughfare",
        "isGalli": false
      },
      "geometry": {
        "type": "LineString",
        "coordinates": [
          [
            72.8413704,
            19.0564019
          ],
          [
            72.8415042,
            19.0564351
          ],
          [
            72.8416767,
            19.0565165
          ],
          [
            72.8417859,
            19.0566406
          ],
          [
            72.8421602,
            19.0590448
          ],
          [
            72.8422401,
            19.0593583
          ],
          [
            72.8423293,
            19.0596039
          ],
          [
            72.8424585,
            19.0598192
          ],
          [
            72.8427392,
            19.0601661
          ],
          [
            72.8428896,
            19.0603655
          ],
          [
            72.8429874,
            19.0604951
          ],
          [
            72.8433177,
            19.0609345
          ],
          [
            72.8434525,
            19.0611139
          ],
          [
            72.8435401,
            19.0612184
          ],
          [
            72.8439566,
            19.0617154
          ]
        ]
      }
    },
    {
      "type": "Feature",
      "id": "osm-22859738",
      "properties": {
        "osmid": 22859738,
        "name": "Local Street",
        "highway": "residential",
        "highwayCategory": "Galli / Local Lane",
        "isGalli": true
      },
      "geometry": {
        "type": "LineString",
        "coordinates": [
          [
            72.8439969,
            19.0584545
          ],
          [
            72.8438353,
            19.0593444
          ]
        ]
      }
    },
    {
      "type": "Feature",
      "id": "osm-22859741",
      "properties": {
        "osmid": 22859741,
        "name": "Kher Nagar Road Number 6",
        "highway": "residential",
        "highwayCategory": "Galli / Local Lane",
        "isGalli": true
      },
      "geometry": {
        "type": "LineString",
        "coordinates": [
          [
            72.8432684,
            19.0583689
          ],
          [
            72.8439969,
            19.0584545
          ],
          [
            72.8454704,
            19.058583
          ]
        ]
      }
    },
    {
      "type": "Feature",
      "id": "osm-22859766",
      "properties": {
        "osmid": 22859766,
        "name": "L K Mehta Marg",
        "highway": "secondary",
        "highwayCategory": "Municipal Thoroughfare",
        "isGalli": false
      },
      "geometry": {
        "type": "LineString",
        "coordinates": [
          [
            72.8351363,
            19.051267
          ],
          [
            72.8361548,
            19.051339
          ],
          [
            72.836321,
            19.0513118
          ],
          [
            72.8364329,
            19.0512713
          ],
          [
            72.8365096,
            19.0511481
          ],
          [
            72.8366607,
            19.0507617
          ],
          [
            72.8367294,
            19.0506264
          ],
          [
            72.8368089,
            19.0504998
          ],
          [
            72.8368808,
            19.0503897
          ],
          [
            72.83704,
            19.0502223
          ],
          [
            72.8371497,
            19.0501304
          ],
          [
            72.8372365,
            19.0500908
          ],
          [
            72.8373617,
            19.0500483
          ],
          [
            72.8374217,
            19.0500452
          ],
          [
            72.8376886,
            19.0500312
          ],
          [
            72.8377343,
            19.0500288
          ],
          [
            72.8379138,
            19.0500445
          ]
        ]
      }
    },
    {
      "type": "Feature",
      "id": "osm-22859779",
      "properties": {
        "osmid": 22859779,
        "name": "K C Marg",
        "highway": "secondary",
        "highwayCategory": "Municipal Thoroughfare",
        "isGalli": false
      },
      "geometry": {
        "type": "LineString",
        "coordinates": [
          [
            72.8271628,
            19.0480674
          ],
          [
            72.8272139,
            19.0482265
          ],
          [
            72.8272413,
            19.0483059
          ],
          [
            72.8273434,
            19.048558
          ],
          [
            72.8275237,
            19.049003
          ],
          [
            72.827609,
            19.0491473
          ],
          [
            72.8276751,
            19.0492358
          ],
          [
            72.8278273,
            19.0494599
          ],
          [
            72.8279607,
            19.0496334
          ],
          [
            72.8280271,
            19.0496914
          ],
          [
            72.8281578,
            19.0498055
          ],
          [
            72.8282345,
            19.0498529
          ],
          [
            72.8290771,
            19.0503732
          ],
          [
            72.8292262,
            19.0504652
          ],
          [
            72.8293261,
            19.0505268
          ],
          [
            72.8294118,
            19.0505787
          ],
          [
            72.8296542,
            19.0507291
          ],
          [
            72.8297972,
            19.0508173
          ]
        ]
      }
    },
    {
      "type": "Feature",
      "id": "osm-22859783",
      "properties": {
        "osmid": 22859783,
        "name": "Local Street",
        "highway": "motorway_link",
        "highwayCategory": "Galli / Local Lane",
        "isGalli": true
      },
      "geometry": {
        "type": "LineString",
        "coordinates": [
          [
            72.8284298,
            19.0468992
          ],
          [
            72.8284994,
            19.0468732
          ],
          [
            72.8286931,
            19.0468158
          ],
          [
            72.8288757,
            19.0467991
          ],
          [
            72.8290192,
            19.0467996
          ],
          [
            72.8291992,
            19.0468233
          ],
          [
            72.8294471,
            19.0468835
          ],
          [
            72.829681,
            19.0469783
          ],
          [
            72.829869,
            19.0470673
          ],
          [
            72.8300131,
            19.0471709
          ],
          [
            72.8302069,
            19.0473427
          ]
        ]
      }
    },
    {
      "type": "Feature",
      "id": "osm-22859836",
      "properties": {
        "osmid": 22859836,
        "name": "Local Street",
        "highway": "motorway_link",
        "highwayCategory": "Galli / Local Lane",
        "isGalli": true
      },
      "geometry": {
        "type": "LineString",
        "coordinates": [
          [
            72.8406738,
            19.0507498
          ],
          [
            72.8401144,
            19.0504054
          ],
          [
            72.8398438,
            19.0501884
          ],
          [
            72.8397531,
            19.0500621
          ],
          [
            72.8396853,
            19.0499426
          ],
          [
            72.8396309,
            19.049774
          ],
          [
            72.83958,
            19.04957
          ],
          [
            72.8395514,
            19.0494302
          ],
          [
            72.8395116,
            19.0493022
          ],
          [
            72.8394441,
            19.0491996
          ],
          [
            72.8393285,
            19.0491052
          ],
          [
            72.8392038,
            19.04906
          ],
          [
            72.8390885,
            19.0490249
          ],
          [
            72.8388931,
            19.0489973
          ],
          [
            72.83875,
            19.04897
          ],
          [
            72.8386178,
            19.0489361
          ],
          [
            72.8385068,
            19.0488792
          ],
          [
            72.8384226,
            19.0487937
          ],
          [
            72.8383472,
            19.0486798
          ]
        ]
      }
    },
    {
      "type": "Feature",
      "id": "osm-22859862",
      "properties": {
        "osmid": 22859862,
        "name": "Western Express Highway",
        "highway": "motorway",
        "highwayCategory": "Municipal Thoroughfare",
        "isGalli": false
      },
      "geometry": {
        "type": "LineString",
        "coordinates": [
          [
            72.8451325,
            19.0526159
          ],
          [
            72.8446506,
            19.0523559
          ]
        ]
      }
    },
    {
      "type": "Feature",
      "id": "osm-22859872",
      "properties": {
        "osmid": 22859872,
        "name": "Saraswati Road",
        "highway": "residential",
        "highwayCategory": "Galli / Local Lane",
        "isGalli": true
      },
      "geometry": {
        "type": "LineString",
        "coordinates": [
          [
            72.8378705,
            19.0812204
          ],
          [
            72.8376591,
            19.0812571
          ],
          [
            72.8369763,
            19.0813863
          ],
          [
            72.8361924,
            19.0815068
          ],
          [
            72.8354375,
            19.0816117
          ],
          [
            72.8348828,
            19.0816922
          ],
          [
            72.8348345,
            19.0816992
          ],
          [
            72.8345055,
            19.081747
          ]
        ]
      }
    },
    {
      "type": "Feature",
      "id": "osm-22859873",
      "properties": {
        "osmid": 22859873,
        "name": "Local Street",
        "highway": "residential",
        "highwayCategory": "Galli / Local Lane",
        "isGalli": true
      },
      "geometry": {
        "type": "LineString",
        "coordinates": [
          [
            72.8329008,
            19.080728
          ],
          [
            72.8331472,
            19.0809716
          ],
          [
            72.8332699,
            19.081093
          ],
          [
            72.8334452,
            19.0812155
          ],
          [
            72.8335884,
            19.0812538
          ],
          [
            72.8337146,
            19.0812979
          ]
        ]
      }
    },
    {
      "type": "Feature",
      "id": "osm-22859877",
      "properties": {
        "osmid": 22859877,
        "name": "Chapel Lane",
        "highway": "residential",
        "highwayCategory": "Galli / Local Lane",
        "isGalli": true
      },
      "geometry": {
        "type": "LineString",
        "coordinates": [
          [
            72.8383795,
            19.0791403
          ],
          [
            72.838697,
            19.0791341
          ],
          [
            72.8387605,
            19.079142
          ],
          [
            72.8388109,
            19.0791483
          ],
          [
            72.8389209,
            19.0791886
          ],
          [
            72.8391717,
            19.0792925
          ],
          [
            72.8392493,
            19.0794146
          ],
          [
            72.839254,
            19.0795285
          ],
          [
            72.8392651,
            19.0797099
          ],
          [
            72.8393114,
            19.0799495
          ],
          [
            72.839356,
            19.0802939
          ],
          [
            72.8392843,
            19.0808415
          ]
        ]
      }
    },
    {
      "type": "Feature",
      "id": "osm-22859880",
      "properties": {
        "osmid": 22859880,
        "name": "Road No 6",
        "highway": "residential",
        "highwayCategory": "Galli / Local Lane",
        "isGalli": true
      },
      "geometry": {
        "type": "LineString",
        "coordinates": [
          [
            72.8435579,
            19.0788713
          ],
          [
            72.8434195,
            19.0789679
          ],
          [
            72.8433131,
            19.0790422
          ],
          [
            72.8432781,
            19.0790666
          ],
          [
            72.8430106,
            19.0792533
          ],
          [
            72.8429326,
            19.079274
          ],
          [
            72.8424802,
            19.0796905
          ],
          [
            72.8423944,
            19.0797995
          ],
          [
            72.8423488,
            19.0799059
          ],
          [
            72.8423381,
            19.0800149
          ],
          [
            72.8423515,
            19.0801772
          ],
          [
            72.8424008,
            19.0804103
          ],
          [
            72.8424431,
            19.0806102
          ]
        ]
      }
    },
    {
      "type": "Feature",
      "id": "osm-22859881",
      "properties": {
        "osmid": 22859881,
        "name": "Kanu Desai Road",
        "highway": "residential",
        "highwayCategory": "Galli / Local Lane",
        "isGalli": true
      },
      "geometry": {
        "type": "LineString",
        "coordinates": [
          [
            72.842577,
            19.0811116
          ],
          [
            72.8421024,
            19.0811304
          ],
          [
            72.8420564,
            19.0811359
          ],
          [
            72.8419983,
            19.0811337
          ],
          [
            72.8419721,
            19.0810942
          ],
          [
            72.8419317,
            19.0807575
          ],
          [
            72.8419234,
            19.0806882
          ],
          [
            72.8419275,
            19.0806413
          ],
          [
            72.8419449,
            19.0805995
          ],
          [
            72.8419771,
            19.0805729
          ],
          [
            72.8420374,
            19.0805501
          ],
          [
            72.8424431,
            19.0806102
          ]
        ]
      }
    },
    {
      "type": "Feature",
      "id": "osm-22859882",
      "properties": {
        "osmid": 22859882,
        "name": "Local Street",
        "highway": "residential",
        "highwayCategory": "Galli / Local Lane",
        "isGalli": true
      },
      "geometry": {
        "type": "LineString",
        "coordinates": [
          [
            72.8565404,
            19.0779617
          ],
          [
            72.8563081,
            19.0780321
          ],
          [
            72.856181,
            19.0780707
          ],
          [
            72.8559864,
            19.0781098
          ],
          [
            72.8559664,
            19.0781138
          ],
          [
            72.8558241,
            19.078165
          ],
          [
            72.8556428,
            19.0782008
          ],
          [
            72.8555614,
            19.0782168
          ],
          [
            72.8555469,
            19.0782199
          ],
          [
            72.8554524,
            19.0782536
          ],
          [
            72.8554105,
            19.0782727
          ],
          [
            72.8553444,
            19.0783357
          ],
          [
            72.8553039,
            19.0784053
          ],
          [
            72.8552422,
            19.0785168
          ],
          [
            72.8551942,
            19.0786395
          ],
          [
            72.8551054,
            19.0788666
          ],
          [
            72.8549946,
            19.0791463
          ],
          [
            72.8549579,
            19.0793888
          ],
          [
            72.8549525,
            19.0794852
          ]
        ]
      }
    },
    {
      "type": "Feature",
      "id": "osm-22859886",
      "properties": {
        "osmid": 22859886,
        "name": "Kanu Desai Road",
        "highway": "tertiary",
        "highwayCategory": "Municipal Thoroughfare",
        "isGalli": false
      },
      "geometry": {
        "type": "LineString",
        "coordinates": [
          [
            72.8406056,
            19.0807283
          ],
          [
            72.8405405,
            19.0807676
          ],
          [
            72.8402243,
            19.0808095
          ],
          [
            72.8400256,
            19.0808358
          ],
          [
            72.8397234,
            19.0808759
          ],
          [
            72.83951,
            19.0809043
          ],
          [
            72.8394425,
            19.0809132
          ],
          [
            72.839296,
            19.0809344
          ],
          [
            72.8385508,
            19.0810421
          ],
          [
            72.8379536,
            19.0811284
          ],
          [
            72.8378659,
            19.0811417
          ]
        ]
      }
    },
    {
      "type": "Feature",
      "id": "osm-22859888",
      "properties": {
        "osmid": 22859888,
        "name": "Local Street",
        "highway": "tertiary",
        "highwayCategory": "Municipal Thoroughfare",
        "isGalli": false
      },
      "geometry": {
        "type": "LineString",
        "coordinates": [
          [
            72.8439966,
            19.0900899
          ],
          [
            72.8439366,
            19.0899386
          ],
          [
            72.8438527,
            19.0896763
          ],
          [
            72.8437975,
            19.0893851
          ],
          [
            72.8437699,
            19.089049
          ],
          [
            72.8437857,
            19.0887653
          ],
          [
            72.843851,
            19.0884985
          ],
          [
            72.8439518,
            19.0881326
          ],
          [
            72.8440609,
            19.0878996
          ],
          [
            72.8441542,
            19.0877005
          ],
          [
            72.8442297,
            19.0875929
          ],
          [
            72.8442668,
            19.08754
          ],
          [
            72.8444309,
            19.0873459
          ],
          [
            72.8448714,
            19.0868382
          ],
          [
            72.8453378,
            19.0863139
          ],
          [
            72.8455887,
            19.0860283
          ],
          [
            72.8456685,
            19.085924
          ],
          [
            72.84581,
            19.0857391
          ],
          [
            72.8459978,
            19.0854293
          ],
          [
            72.8461243,
            19.0851213
          ],
          [
            72.8462737,
            19.0846619
          ],
          [
            72.8464623,
            19.0842082
          ],
          [
            72.846495,
            19.0841294
          ],
          [
            72.8465183,
            19.0840732
          ],
          [
            72.8465599,
            19.0839769
          ],
          [
            72.8465988,
            19.0838679
          ],
          [
            72.8466122,
            19.0838108
          ],
          [
            72.8467262,
            19.0834218
          ],
          [
            72.8468022,
            19.0831225
          ],
          [
            72.8469311,
            19.0825203
          ],
          [
            72.847091,
            19.0815422
          ],
          [
            72.847162,
            19.0812507
          ],
          [
            72.8472237,
            19.0810188
          ],
          [
            72.847352,
            19.0807295
          ]
        ]
      }
    },
    {
      "type": "Feature",
      "id": "osm-22859889",
      "properties": {
        "osmid": 22859889,
        "name": "Local Street",
        "highway": "residential",
        "highwayCategory": "Galli / Local Lane",
        "isGalli": true
      },
      "geometry": {
        "type": "LineString",
        "coordinates": [
          [
            72.8468022,
            19.0831225
          ],
          [
            72.8470668,
            19.0831682
          ],
          [
            72.8471218,
            19.0831784
          ],
          [
            72.8471789,
            19.0831561
          ]
        ]
      }
    },
    {
      "type": "Feature",
      "id": "osm-22859896",
      "properties": {
        "osmid": 22859896,
        "name": "Tilak Road",
        "highway": "tertiary",
        "highwayCategory": "Municipal Thoroughfare",
        "isGalli": false
      },
      "geometry": {
        "type": "LineString",
        "coordinates": [
          [
            72.838037,
            19.0826043
          ],
          [
            72.8384936,
            19.0825148
          ],
          [
            72.8385528,
            19.0825032
          ],
          [
            72.8387938,
            19.0824559
          ],
          [
            72.8388486,
            19.0824452
          ],
          [
            72.8389145,
            19.0824323
          ],
          [
            72.8393183,
            19.0823531
          ],
          [
            72.8394632,
            19.0823247
          ],
          [
            72.8400165,
            19.0822163
          ]
        ]
      }
    },
    {
      "type": "Feature",
      "id": "osm-22859902",
      "properties": {
        "osmid": 22859902,
        "name": "Nivas Road",
        "highway": "residential",
        "highwayCategory": "Galli / Local Lane",
        "isGalli": true
      },
      "geometry": {
        "type": "LineString",
        "coordinates": [
          [
            72.8337146,
            19.0812979
          ],
          [
            72.8337078,
            19.0815959
          ],
          [
            72.833705,
            19.0817201
          ]
        ]
      }
    },
    {
      "type": "Feature",
      "id": "osm-22859903",
      "properties": {
        "osmid": 22859903,
        "name": "Local Street",
        "highway": "residential",
        "highwayCategory": "Galli / Local Lane",
        "isGalli": true
      },
      "geometry": {
        "type": "LineString",
        "coordinates": [
          [
            72.8344196,
            19.0817628
          ],
          [
            72.834051,
            19.0817408
          ],
          [
            72.8339593,
            19.0817353
          ],
          [
            72.8338696,
            19.0817299
          ],
          [
            72.833705,
            19.0817201
          ],
          [
            72.8331941,
            19.0817375
          ],
          [
            72.8330386,
            19.0817432
          ],
          [
            72.8326171,
            19.081745
          ],
          [
            72.8325722,
            19.0817424
          ],
          [
            72.8325474,
            19.081731
          ],
          [
            72.8325259,
            19.0816981
          ],
          [
            72.8324454,
            19.0811984
          ],
          [
            72.832441,
            19.0811589
          ],
          [
            72.8323944,
            19.0807442
          ]
        ]
      }
    },
    {
      "type": "Feature",
      "id": "osm-22859909",
      "properties": {
        "osmid": 22859909,
        "name": "Road No 3",
        "highway": "residential",
        "highwayCategory": "Galli / Local Lane",
        "isGalli": true
      },
      "geometry": {
        "type": "LineString",
        "coordinates": [
          [
            72.8424431,
            19.0806102
          ],
          [
            72.8424923,
            19.0808559
          ],
          [
            72.8425109,
            19.0809667
          ],
          [
            72.842577,
            19.0811116
          ]
        ]
      }
    },
    {
      "type": "Feature",
      "id": "osm-22859915",
      "properties": {
        "osmid": 22859915,
        "name": "Local Street",
        "highway": "residential",
        "highwayCategory": "Galli / Local Lane",
        "isGalli": true
      },
      "geometry": {
        "type": "LineString",
        "coordinates": [
          [
            72.8491717,
            19.0769276
          ],
          [
            72.8492456,
            19.0771819
          ],
          [
            72.8492584,
            19.077226
          ],
          [
            72.8492665,
            19.077254
          ],
          [
            72.8492703,
            19.0772671
          ],
          [
            72.8492939,
            19.0773416
          ],
          [
            72.8493127,
            19.077398
          ],
          [
            72.8493272,
            19.0774416
          ],
          [
            72.8493478,
            19.0775095
          ],
          [
            72.8493588,
            19.077546
          ],
          [
            72.8494485,
            19.0777536
          ],
          [
            72.8494719,
            19.0777893
          ],
          [
            72.8495288,
            19.0778883
          ],
          [
            72.8495708,
            19.0779382
          ],
          [
            72.8497155,
            19.07811
          ],
          [
            72.8497494,
            19.0781511
          ],
          [
            72.8498547,
            19.0782756
          ],
          [
            72.8498711,
            19.078295
          ]
        ]
      }
    },
    {
      "type": "Feature",
      "id": "osm-22859916",
      "properties": {
        "osmid": 22859916,
        "name": "Local Street",
        "highway": "residential",
        "highwayCategory": "Galli / Local Lane",
        "isGalli": true
      },
      "geometry": {
        "type": "LineString",
        "coordinates": [
          [
            72.8509683,
            19.0780857
          ],
          [
            72.8507277,
            19.0781316
          ],
          [
            72.850703,
            19.0781363
          ],
          [
            72.8506754,
            19.0781416
          ],
          [
            72.850362,
            19.0782013
          ],
          [
            72.8502476,
            19.0782232
          ],
          [
            72.8498711,
            19.078295
          ]
        ]
      }
    },
    {
      "type": "Feature",
      "id": "osm-22859917",
      "properties": {
        "osmid": 22859917,
        "name": "Tilak Lane",
        "highway": "residential",
        "highwayCategory": "Galli / Local Lane",
        "isGalli": true
      },
      "geometry": {
        "type": "LineString",
        "coordinates": [
          [
            72.8383795,
            19.0791403
          ],
          [
            72.8383376,
            19.0797733
          ],
          [
            72.8383231,
            19.0800829
          ],
          [
            72.8383306,
            19.0803189
          ],
          [
            72.8383644,
            19.0804701
          ],
          [
            72.8384113,
            19.0806334
          ],
          [
            72.8385245,
            19.0809394
          ]
        ]
      }
    },
    {
      "type": "Feature",
      "id": "osm-22859924",
      "properties": {
        "osmid": 22859924,
        "name": "North Avenue",
        "highway": "tertiary",
        "highwayCategory": "Municipal Thoroughfare",
        "isGalli": false
      },
      "geometry": {
        "type": "LineString",
        "coordinates": [
          [
            72.8378545,
            19.078309
          ],
          [
            72.8377059,
            19.0783456
          ],
          [
            72.8369921,
            19.0783588
          ],
          [
            72.8363232,
            19.0784235
          ],
          [
            72.8355889,
            19.0784602
          ],
          [
            72.8344187,
            19.0785451
          ],
          [
            72.8343203,
            19.0785504
          ],
          [
            72.8340577,
            19.0785551
          ],
          [
            72.8335936,
            19.0785633
          ],
          [
            72.8328924,
            19.0786134
          ],
          [
            72.8320569,
            19.078685
          ],
          [
            72.8316827,
            19.0787135
          ],
          [
            72.8312277,
            19.0787481
          ],
          [
            72.8305098,
            19.0787871
          ],
          [
            72.8303716,
            19.0787946
          ],
          [
            72.8303173,
            19.0787975
          ],
          [
            72.8296477,
            19.0788454
          ],
          [
            72.8294118,
            19.0788824
          ],
          [
            72.8293313,
            19.078895
          ],
          [
            72.8292709,
            19.0789044
          ],
          [
            72.8292013,
            19.0789153
          ]
        ]
      }
    },
    {
      "type": "Feature",
      "id": "osm-22859931",
      "properties": {
        "osmid": 22859931,
        "name": "Local Street",
        "highway": "residential",
        "highwayCategory": "Galli / Local Lane",
        "isGalli": true
      },
      "geometry": {
        "type": "LineString",
        "coordinates": [
          [
            72.8516531,
            19.0793151
          ],
          [
            72.8519559,
            19.0793671
          ],
          [
            72.8520963,
            19.0793972
          ],
          [
            72.8522343,
            19.0794282
          ],
          [
            72.8525275,
            19.0795134
          ],
          [
            72.8526815,
            19.0795564
          ],
          [
            72.8527699,
            19.0795829
          ],
          [
            72.8530663,
            19.0796716
          ],
          [
            72.853291,
            19.0797354
          ],
          [
            72.8534351,
            19.0797763
          ],
          [
            72.85378,
            19.0799152
          ],
          [
            72.8538646,
            19.07996
          ],
          [
            72.853928,
            19.0799889
          ],
          [
            72.8542245,
            19.0800571
          ],
          [
            72.854636,
            19.0801518
          ],
          [
            72.8548425,
            19.0802075
          ]
        ]
      }
    },
    {
      "type": "Feature",
      "id": "osm-22859939",
      "properties": {
        "osmid": 22859939,
        "name": "Road No 4",
        "highway": "residential",
        "highwayCategory": "Galli / Local Lane",
        "isGalli": true
      },
      "geometry": {
        "type": "LineString",
        "coordinates": [
          [
            72.8439847,
            19.0848682
          ],
          [
            72.844679,
            19.0848684
          ],
          [
            72.8448086,
            19.0848684
          ]
        ]
      }
    },
    {
      "type": "Feature",
      "id": "osm-22859941",
      "properties": {
        "osmid": 22859941,
        "name": "Road No 4",
        "highway": "residential",
        "highwayCategory": "Galli / Local Lane",
        "isGalli": true
      },
      "geometry": {
        "type": "LineString",
        "coordinates": [
          [
            72.8430101,
            19.0849554
          ],
          [
            72.8439847,
            19.0848682
          ]
        ]
      }
    },
    {
      "type": "Feature",
      "id": "osm-22859942",
      "properties": {
        "osmid": 22859942,
        "name": "Local Street",
        "highway": "living_street",
        "highwayCategory": "Galli / Local Lane",
        "isGalli": true
      },
      "geometry": {
        "type": "LineString",
        "coordinates": [
          [
            72.8500372,
            19.0766167
          ],
          [
            72.8496574,
            19.0767531
          ]
        ]
      }
    },
    {
      "type": "Feature",
      "id": "osm-22859943",
      "properties": {
        "osmid": 22859943,
        "name": "Road Number 7",
        "highway": "residential",
        "highwayCategory": "Galli / Local Lane",
        "isGalli": true
      },
      "geometry": {
        "type": "LineString",
        "coordinates": [
          [
            72.8438322,
            19.0829643
          ],
          [
            72.8438413,
            19.0831891
          ],
          [
            72.8439026,
            19.083721
          ],
          [
            72.8439162,
            19.0840428
          ],
          [
            72.843929,
            19.0843032
          ],
          [
            72.8439372,
            19.0843991
          ],
          [
            72.8439419,
            19.0844383
          ],
          [
            72.8439438,
            19.0844574
          ],
          [
            72.8439518,
            19.0845381
          ],
          [
            72.8439847,
            19.0848682
          ]
        ]
      }
    },
    {
      "type": "Feature",
      "id": "osm-22859945",
      "properties": {
        "osmid": 22859945,
        "name": "Local Street",
        "highway": "residential",
        "highwayCategory": "Galli / Local Lane",
        "isGalli": true
      },
      "geometry": {
        "type": "LineString",
        "coordinates": [
          [
            72.8448082,
            19.0799047
          ],
          [
            72.8450055,
            19.0798405
          ],
          [
            72.845112,
            19.0798058
          ],
          [
            72.8457323,
            19.0796039
          ]
        ]
      }
    },
    {
      "type": "Feature",
      "id": "osm-22859947",
      "properties": {
        "osmid": 22859947,
        "name": "Local Street",
        "highway": "residential",
        "highwayCategory": "Galli / Local Lane",
        "isGalli": true
      },
      "geometry": {
        "type": "LineString",
        "coordinates": [
          [
            72.8355889,
            19.0784602
          ],
          [
            72.8357106,
            19.0790837
          ],
          [
            72.8357656,
            19.0793734
          ],
          [
            72.8358599,
            19.0798606
          ],
          [
            72.836164,
            19.0812089
          ],
          [
            72.8361924,
            19.0815068
          ]
        ]
      }
    },
    {
      "type": "Feature",
      "id": "osm-22859949",
      "properties": {
        "osmid": 22859949,
        "name": "Jain Derasar Marg",
        "highway": "residential",
        "highwayCategory": "Galli / Local Lane",
        "isGalli": true
      },
      "geometry": {
        "type": "LineString",
        "coordinates": [
          [
            72.8363232,
            19.0784235
          ],
          [
            72.8365056,
            19.0790968
          ],
          [
            72.8367041,
            19.0799178
          ],
          [
            72.8368363,
            19.0805807
          ],
          [
            72.8368516,
            19.0806689
          ],
          [
            72.8369763,
            19.0813863
          ]
        ]
      }
    },
    {
      "type": "Feature",
      "id": "osm-22859960",
      "properties": {
        "osmid": 22859960,
        "name": "Local Street",
        "highway": "residential",
        "highwayCategory": "Galli / Local Lane",
        "isGalli": true
      },
      "geometry": {
        "type": "LineString",
        "coordinates": [
          [
            72.8399581,
            19.0885172
          ],
          [
            72.8410137,
            19.0890285
          ],
          [
            72.8414857,
            19.0891665
          ],
          [
            72.8418633,
            19.0891909
          ]
        ]
      }
    },
    {
      "type": "Feature",
      "id": "osm-22859962",
      "properties": {
        "osmid": 22859962,
        "name": "Local Street",
        "highway": "residential",
        "highwayCategory": "Galli / Local Lane",
        "isGalli": true
      },
      "geometry": {
        "type": "LineString",
        "coordinates": [
          [
            72.8397887,
            19.0837837
          ],
          [
            72.8406509,
            19.0836827
          ]
        ]
      }
    },
    {
      "type": "Feature",
      "id": "osm-22859973",
      "properties": {
        "osmid": 22859973,
        "name": "Tagore Road",
        "highway": "residential",
        "highwayCategory": "Galli / Local Lane",
        "isGalli": true
      },
      "geometry": {
        "type": "LineString",
        "coordinates": [
          [
            72.8361924,
            19.0815068
          ],
          [
            72.836199,
            19.0821047
          ]
        ]
      }
    },
    {
      "type": "Feature",
      "id": "osm-22859977",
      "properties": {
        "osmid": 22859977,
        "name": "Besant Road",
        "highway": "residential",
        "highwayCategory": "Galli / Local Lane",
        "isGalli": true
      },
      "geometry": {
        "type": "LineString",
        "coordinates": [
          [
            72.8394632,
            19.0823247
          ],
          [
            72.8395567,
            19.0827834
          ],
          [
            72.8396113,
            19.0830514
          ],
          [
            72.839624,
            19.0831136
          ],
          [
            72.8396335,
            19.0831603
          ],
          [
            72.8396575,
            19.08324
          ],
          [
            72.8396737,
            19.0833113
          ],
          [
            72.8396892,
            19.0833587
          ],
          [
            72.8397189,
            19.0834786
          ],
          [
            72.8397887,
            19.0837837
          ],
          [
            72.8398213,
            19.0838959
          ],
          [
            72.8398301,
            19.0839507
          ],
          [
            72.8398378,
            19.0839988
          ],
          [
            72.839843,
            19.0840514
          ],
          [
            72.8398463,
            19.0840911
          ],
          [
            72.8398591,
            19.0842195
          ],
          [
            72.8398892,
            19.0845607
          ]
        ]
      }
    },
    {
      "type": "Feature",
      "id": "osm-22859978",
      "properties": {
        "osmid": 22859978,
        "name": "Saibaba Road",
        "highway": "residential",
        "highwayCategory": "Galli / Local Lane",
        "isGalli": true
      },
      "geometry": {
        "type": "LineString",
        "coordinates": [
          [
            72.8391861,
            19.0845814
          ],
          [
            72.8398892,
            19.0845607
          ]
        ]
      }
    },
    {
      "type": "Feature",
      "id": "osm-22859979",
      "properties": {
        "osmid": 22859979,
        "name": "Podar Road",
        "highway": "residential",
        "highwayCategory": "Galli / Local Lane",
        "isGalli": true
      },
      "geometry": {
        "type": "LineString",
        "coordinates": [
          [
            72.8387938,
            19.0824559
          ],
          [
            72.8389461,
            19.0832944
          ],
          [
            72.8389909,
            19.0835414
          ],
          [
            72.8391861,
            19.0845814
          ]
        ]
      }
    },
    {
      "type": "Feature",
      "id": "osm-22859983",
      "properties": {
        "osmid": 22859983,
        "name": "Local Street",
        "highway": "residential",
        "highwayCategory": "Galli / Local Lane",
        "isGalli": true
      },
      "geometry": {
        "type": "LineString",
        "coordinates": [
          [
            72.8482075,
            19.0831739
          ],
          [
            72.8481488,
            19.0832605
          ],
          [
            72.8481282,
            19.0833095
          ],
          [
            72.8481169,
            19.0833736
          ],
          [
            72.8481209,
            19.0835219
          ],
          [
            72.8481533,
            19.0837483
          ],
          [
            72.8482068,
            19.0841226
          ],
          [
            72.8482208,
            19.0842164
          ],
          [
            72.8482322,
            19.0842931
          ],
          [
            72.8482332,
            19.0843206
          ],
          [
            72.8482349,
            19.0843698
          ],
          [
            72.8482256,
            19.0844146
          ]
        ]
      }
    },
    {
      "type": "Feature",
      "id": "osm-22859985",
      "properties": {
        "osmid": 22859985,
        "name": "Local Street",
        "highway": "residential",
        "highwayCategory": "Galli / Local Lane",
        "isGalli": true
      },
      "geometry": {
        "type": "LineString",
        "coordinates": [
          [
            72.83714,
            19.0819995
          ],
          [
            72.8371617,
            19.0822942
          ],
          [
            72.837171,
            19.0824201
          ]
        ]
      }
    },
    {
      "type": "Feature",
      "id": "osm-22859989",
      "properties": {
        "osmid": 22859989,
        "name": "Local Street",
        "highway": "residential",
        "highwayCategory": "Galli / Local Lane",
        "isGalli": true
      },
      "geometry": {
        "type": "LineString",
        "coordinates": [
          [
            72.8496875,
            19.0819236
          ],
          [
            72.8496643,
            19.0818804
          ],
          [
            72.8496564,
            19.0818706
          ],
          [
            72.8495548,
            19.0817444
          ],
          [
            72.8495577,
            19.0817146
          ],
          [
            72.8495662,
            19.0816952
          ],
          [
            72.8496046,
            19.0816641
          ],
          [
            72.8497625,
            19.0815523
          ],
          [
            72.8498185,
            19.0815262
          ],
          [
            72.8500114,
            19.0814915
          ],
          [
            72.8501576,
            19.0814707
          ],
          [
            72.8502588,
            19.0814601
          ]
        ]
      }
    },
    {
      "type": "Feature",
      "id": "osm-22859990",
      "properties": {
        "osmid": 22859990,
        "name": "Local Street",
        "highway": "residential",
        "highwayCategory": "Galli / Local Lane",
        "isGalli": true
      },
      "geometry": {
        "type": "LineString",
        "coordinates": [
          [
            72.8344422,
            19.0824184
          ],
          [
            72.8345328,
            19.0824124
          ],
          [
            72.836199,
            19.0821047
          ],
          [
            72.8368074,
            19.0820367
          ],
          [
            72.83714,
            19.0819995
          ],
          [
            72.8374588,
            19.0819606
          ],
          [
            72.8376609,
            19.0819383
          ],
          [
            72.8377919,
            19.081923
          ],
          [
            72.8378998,
            19.0819103
          ]
        ]
      }
    },
    {
      "type": "Feature",
      "id": "osm-22859991",
      "properties": {
        "osmid": 22859991,
        "name": "Local Street",
        "highway": "residential",
        "highwayCategory": "Galli / Local Lane",
        "isGalli": true
      },
      "geometry": {
        "type": "LineString",
        "coordinates": [
          [
            72.8490061,
            19.0815097
          ],
          [
            72.8489669,
            19.0815355
          ],
          [
            72.8488938,
            19.0816887
          ],
          [
            72.8488224,
            19.0818543
          ]
        ]
      }
    },
    {
      "type": "Feature",
      "id": "osm-22859997",
      "properties": {
        "osmid": 22859997,
        "name": "Road No 3",
        "highway": "residential",
        "highwayCategory": "Galli / Local Lane",
        "isGalli": true
      },
      "geometry": {
        "type": "LineString",
        "coordinates": [
          [
            72.842577,
            19.0811116
          ],
          [
            72.8426037,
            19.0811912
          ],
          [
            72.8426354,
            19.081321
          ],
          [
            72.8427304,
            19.0816924
          ],
          [
            72.842757,
            19.0817951
          ],
          [
            72.8428126,
            19.0820323
          ]
        ]
      }
    },
    {
      "type": "Feature",
      "id": "osm-22860003",
      "properties": {
        "osmid": 22860003,
        "name": "Road No 6",
        "highway": "residential",
        "highwayCategory": "Galli / Local Lane",
        "isGalli": true
      },
      "geometry": {
        "type": "LineString",
        "coordinates": [
          [
            72.844976,
            19.0836282
          ],
          [
            72.844718,
            19.0836328
          ],
          [
            72.844302,
            19.0836401
          ],
          [
            72.8439026,
            19.083721
          ],
          [
            72.8435297,
            19.0837326
          ],
          [
            72.8432582,
            19.0837449
          ],
          [
            72.8427444,
            19.0837711
          ]
        ]
      }
    },
    {
      "type": "Feature",
      "id": "osm-22860006",
      "properties": {
        "osmid": 22860006,
        "name": "Guru Narayan Marg",
        "highway": "tertiary",
        "highwayCategory": "Municipal Thoroughfare",
        "isGalli": false
      },
      "geometry": {
        "type": "LineString",
        "coordinates": [
          [
            72.8448086,
            19.0848684
          ],
          [
            72.8448641,
            19.0846486
          ],
          [
            72.8448894,
            19.0845488
          ],
          [
            72.8449284,
            19.0843883
          ],
          [
            72.8449626,
            19.084241
          ],
          [
            72.8449762,
            19.0841327
          ],
          [
            72.844985,
            19.0840638
          ],
          [
            72.8449797,
            19.0838062
          ],
          [
            72.844976,
            19.0836282
          ],
          [
            72.8449399,
            19.0832065
          ],
          [
            72.8449197,
            19.0828514
          ]
        ]
      }
    }
  ]
}